product,timestamp,mid_price
EMERALDS,0,10000.0
EMERALDS,100,10000.0
EMERALDS,200,10000.0
EMERALDS,300,10000.0
EMERALDS,400,10000.0
EMERALDS,500,10000.0
EMERALDS,600,10000.0
EMERALDS,700,9998.0
EMERALDS,800,10000.0
EMERALDS,900,10000.0
EMERALDS,1000,10000.0
EMERALDS,1100,10000.0
EMERALDS,1200,10000.0
EMERALDS,1300,10000.0
EMERALDS,1400,10000.0
EMERALDS,1500,10000.0
EMERALDS,1600,10000.0
EMERALDS,1700,10000.0
EMERALDS,1800,10000.0
EMERALDS,1900,10000.0
EMERALDS,2000,10000.0
EMERALDS,2100,10000.0
EMERALDS,2200,10000.0
EMERALDS,2300,10000.0
EMERALDS,2400,10000.0
EMERALDS,2500,10002.0
EMERALDS,2600,10000.0
EMERALDS,2700,10000.0
EMERALDS,2800,9998.0
EMERALDS,2900,10000.0
EMERALDS,3000,10000.0
EMERALDS,3100,10000.0
EMERALDS,3200,10000.0
EMERALDS,3300,10000.0
EMERALDS,3400,10000.0
EMERALDS,3500,10000.0
EMERALDS,3600,10000.0
EMERALDS,3700,10000.0
EMERALDS,3800,9998.0
EMERALDS,3900,10000.0
EMERALDS,4000,10000.0
EMERALDS,4100,10000.0
EMERALDS,4200,10002.0
EMERALDS,4300,10000.0
EMERALDS,4400,10000.0
EMERALDS,4500,10000.0
EMERALDS,4600,10000.0
EMERALDS,4700,10000.0
EMERALDS,4800,10000.0
EMERALDS,4900,10000.0
EMERALDS,5000,9998.0
EMERALDS,5100,10000.0
EMERALDS,5200,10000.0
EMERALDS,5300,10000.0
EMERALDS,5400,10000.0
EMERALDS,5500,10000.0
EMERALDS,5600,10000.0
EMERALDS,5700,10000.0
EMERALDS,5800,10000.0
EMERALDS,5900,10002.0
EMERALDS,6000,10000.0
EMERALDS,6100,10000.0
EMERALDS,6200,10000.0
EMERALDS,6300,10000.0
EMERALDS,6400,10000.0
EMERALDS,6500,10000.0
EMERALDS,6600,10000.0
EMERALDS,6700,10000.0
EMERALDS,6800,10000.0
EMERALDS,6900,10000.0
EMERALDS,7000,10000.0
EMERALDS,7100,10000.0
EMERALDS,7200,10000.0
EMERALDS,7300,10000.0
EMERALDS,7400,10000.0
EMERALDS,7500,9998.0
EMERALDS,7600,10000.0
EMERALDS,7700,10000.0
EMERALDS,7800,10000.0
EMERALDS,7900,10000.0
EMERALDS,8000,10000.0
EMERALDS,8100,10000.0
EMERALDS,8200,10000.0
EMERALDS,8300,10000.0
EMERALDS,8400,10000.0
EMERALDS,8500,10000.0
EMERALDS,8600,10000.0
EMERALDS,8700,10000.0
EMERALDS,8800,10002.0
EMERALDS,8900,10000.0
EMERALDS,9000,10000.0
EMERALDS,9100,10000.0
EMERALDS,9200,10000.0
EMERALDS,9300,10000.0
EMERALDS,9400,10000.0
EMERALDS,9500,10000.0
EMERALDS,9600,10000.0
EMERALDS,9700,10000.0
EMERALDS,9800,10000.0
EMERALDS,9900,10000.0
EMERALDS,10000,10000.0
EMERALDS,10100,10000.0
EMERALDS,10200,10000.0
EMERALDS,10300,10000.0
EMERALDS,10400,10000.0
EMERALDS,10500,10000.0
EMERALDS,10600,10000.0
EMERALDS,10700,10000.0
EMERALDS,10800,10000.0
EMERALDS,10900,10000.0
EMERALDS,11000,10000.0
EMERALDS,11100,10000.0
EMERALDS,11200,10002.0
EMERALDS,11300,10000.0
EMERALDS,11400,10000.0
EMERALDS,11500,10000.0
EMERALDS,11600,10000.0
EMERALDS,11700,10000.0
EMERALDS,11800,10000.0
EMERALDS,11900,10000.0
EMERALDS,12000,10000.0
EMERALDS,12100,10000.0
EMERALDS,12200,10000.0
EMERALDS,12300,9998.0
EMERALDS,12400,10000.0
EMERALDS,12500,10000.0
EMERALDS,12600,10000.0
EMERALDS,12700,10000.0
EMERALDS,12800,10000.0
EMERALDS,12900,10000.0
EMERALDS,13000,10000.0
EMERALDS,13100,10000.0
EMERALDS,13200,10000.0
EMERALDS,13300,9998.0
EMERALDS,13400,10000.0
EMERALDS,13500,10000.0
EMERALDS,13600,10000.0
EMERALDS,13700,10000.0
EMERALDS,13800,10000.0
EMERALDS,13900,10000.0
EMERALDS,14000,10000.0
EMERALDS,14100,10000.0
EMERALDS,14200,10000.0
EMERALDS,14300,10002.0
EMERALDS,14400,10000.0
EMERALDS,14500,10000.0
EMERALDS,14600,9998.0
EMERALDS,14700,10000.0
EMERALDS,14800,10000.0
EMERALDS,14900,10000.0
EMERALDS,15000,10000.0
EMERALDS,15100,10000.0
EMERALDS,15200,10000.0
EMERALDS,15300,10000.0
EMERALDS,15400,10000.0
EMERALDS,15500,10000.0
EMERALDS,15600,10000.0
EMERALDS,15700,10000.0
EMERALDS,15800,10000.0
EMERALDS,15900,10000.0
EMERALDS,16000,10000.0
EMERALDS,16100,10000.0
EMERALDS,16200,10000.0
EMERALDS,16300,10000.0
EMERALDS,16400,10000.0
EMERALDS,16500,10000.0
EMERALDS,16600,10000.0
EMERALDS,16700,10000.0
EMERALDS,16800,10000.0
EMERALDS,16900,10000.0
EMERALDS,17000,10000.0
EMERALDS,17100,9998.0
EMERALDS,17200,10000.0
EMERALDS,17300,10000.0
EMERALDS,17400,10000.0
EMERALDS,17500,10000.0
EMERALDS,17600,10000.0
EMERALDS,17700,10000.0
EMERALDS,17800,10000.0
EMERALDS,17900,10000.0
EMERALDS,18000,10000.0
EMERALDS,18100,10000.0
EMERALDS,18200,10000.0
EMERALDS,18300,10000.0
EMERALDS,18400,10000.0
EMERALDS,18500,10000.0
EMERALDS,18600,10000.0
EMERALDS,18700,10000.0
EMERALDS,18800,10000.0
EMERALDS,18900,10000.0
EMERALDS,19000,10000.0
EMERALDS,19100,10000.0
EMERALDS,19200,10000.0
EMERALDS,19300,10000.0
EMERALDS,19400,10000.0
EMERALDS,19500,10000.0
EMERALDS,19600,10000.0
EMERALDS,19700,10000.0
EMERALDS,19800,10000.0
EMERALDS,19900,10000.0
EMERALDS,20000,10000.0
EMERALDS,20100,10000.0
EMERALDS,20200,10000.0
EMERALDS,20300,10000.0
EMERALDS,20400,10000.0
EMERALDS,20500,10000.0
EMERALDS,20600,10000.0
EMERALDS,20700,10000.0
EMERALDS,20800,10000.0
EMERALDS,20900,10000.0
EMERALDS,21000,10000.0
EMERALDS,21100,10000.0
EMERALDS,21200,10000.0
EMERALDS,21300,10000.0
EMERALDS,21400,10000.0
EMERALDS,21500,10000.0
EMERALDS,21600,10000.0
EMERALDS,21700,10000.0
EMERALDS,21800,10000.0
EMERALDS,21900,10002.0
EMERALDS,22000,10000.0
EMERALDS,22100,10000.0
EMERALDS,22200,10000.0
EMERALDS,22300,10000.0
EMERALDS,22400,10000.0
EMERALDS,22500,10000.0
EMERALDS,22600,10000.0
EMERALDS,22700,10000.0
EMERALDS,22800,10002.0
EMERALDS,22900,10000.0
EMERALDS,23000,10000.0
EMERALDS,23100,10000.0
EMERALDS,23200,10000.0
EMERALDS,23300,10000.0
EMERALDS,23400,10000.0
EMERALDS,23500,10000.0
EMERALDS,23600,10000.0
EMERALDS,23700,10000.0
EMERALDS,23800,10000.0
EMERALDS,23900,10000.0
EMERALDS,24000,10000.0
EMERALDS,24100,9998.0
EMERALDS,24200,10000.0
EMERALDS,24300,10000.0
EMERALDS,24400,10000.0
EMERALDS,24500,10000.0
EMERALDS,24600,10000.0
EMERALDS,24700,10000.0
EMERALDS,24800,10000.0
EMERALDS,24900,10000.0
EMERALDS,25000,10000.0
EMERALDS,25100,10000.0
EMERALDS,25200,10000.0
EMERALDS,25300,10000.0
EMERALDS,25400,10000.0
EMERALDS,25500,10002.0
EMERALDS,25600,10000.0
EMERALDS,25700,10000.0
EMERALDS,25800,10000.0
EMERALDS,25900,10000.0
EMERALDS,26000,10000.0
EMERALDS,26100,10000.0
EMERALDS,26200,10000.0
EMERALDS,26300,10000.0
EMERALDS,26400,10000.0
EMERALDS,26500,10000.0
EMERALDS,26600,10000.0
EMERALDS,26700,10000.0
EMERALDS,26800,10000.0
EMERALDS,26900,10000.0
EMERALDS,27000,10002.0
EMERALDS,27100,10002.0
EMERALDS,27200,10002.0
EMERALDS,27300,10000.0
EMERALDS,27400,10000.0
EMERALDS,27500,10000.0
EMERALDS,27600,10000.0
EMERALDS,27700,10000.0
EMERALDS,27800,10000.0
EMERALDS,27900,10000.0
EMERALDS,28000,10000.0
EMERALDS,28100,10000.0
EMERALDS,28200,10000.0
EMERALDS,28300,10000.0
EMERALDS,28400,10000.0
EMERALDS,28500,10000.0
EMERALDS,28600,10000.0
EMERALDS,28700,10000.0
EMERALDS,28800,10000.0
EMERALDS,28900,10000.0
EMERALDS,29000,10000.0
EMERALDS,29100,10002.0
EMERALDS,29200,10000.0
EMERALDS,29300,10000.0
EMERALDS,29400,10000.0
EMERALDS,29500,10000.0
EMERALDS,29600,10000.0
EMERALDS,29700,10000.0
EMERALDS,29800,10000.0
EMERALDS,29900,10000.0
EMERALDS,30000,10000.0
EMERALDS,30100,10000.0
EMERALDS,30200,10000.0
EMERALDS,30300,10000.0
EMERALDS,30400,10000.0
EMERALDS,30500,10000.0
EMERALDS,30600,10000.0
EMERALDS,30700,10000.0
EMERALDS,30800,10000.0
EMERALDS,30900,10000.0
EMERALDS,31000,10002.0
EMERALDS,31100,10000.0
EMERALDS,31200,10000.0
EMERALDS,31300,10000.0
EMERALDS,31400,10002.0
EMERALDS,31500,10000.0
EMERALDS,31600,10000.0
EMERALDS,31700,10000.0
EMERALDS,31800,10000.0
EMERALDS,31900,10000.0
EMERALDS,32000,10000.0
EMERALDS,32100,10000.0
EMERALDS,32200,10000.0
EMERALDS,32300,10000.0
EMERALDS,32400,10000.0
EMERALDS,32500,10000.0
EMERALDS,32600,10000.0
EMERALDS,32700,10000.0
EMERALDS,32800,10000.0
EMERALDS,32900,10000.0
EMERALDS,33000,10000.0
EMERALDS,33100,10000.0
EMERALDS,33200,10000.0
EMERALDS,33300,10000.0
EMERALDS,33400,10000.0
EMERALDS,33500,10000.0
EMERALDS,33600,10000.0
EMERALDS,33700,10000.0
EMERALDS,33800,10000.0
EMERALDS,33900,10000.0
EMERALDS,34000,10000.0
EMERALDS,34100,10000.0
EMERALDS,34200,10000.0
EMERALDS,34300,10000.0
EMERALDS,34400,10000.0
EMERALDS,34500,10000.0
EMERALDS,34600,10000.0
EMERALDS,34700,10000.0
EMERALDS,34800,10000.0
EMERALDS,34900,10000.0
EMERALDS,35000,9998.0
EMERALDS,35100,10002.0
EMERALDS,35200,10000.0
EMERALDS,35300,10000.0
EMERALDS,35400,10000.0
EMERALDS,35500,10000.0
EMERALDS,35600,10000.0
EMERALDS,35700,10000.0
EMERALDS,35800,10000.0
EMERALDS,35900,10000.0
EMERALDS,36000,10000.0
EMERALDS,36100,10000.0
EMERALDS,36200,10000.0
EMERALDS,36300,10000.0
EMERALDS,36400,10000.0
EMERALDS,36500,10000.0
EMERALDS,36600,10000.0
EMERALDS,36700,10000.0
EMERALDS,36800,10000.0
EMERALDS,36900,10000.0
EMERALDS,37000,10000.0
EMERALDS,37100,10000.0
EMERALDS,37200,10000.0
EMERALDS,37300,10000.0
EMERALDS,37400,10000.0
EMERALDS,37500,9998.0
EMERALDS,37600,10000.0
EMERALDS,37700,10000.0
EMERALDS,37800,10000.0
EMERALDS,37900,10000.0
EMERALDS,38000,10002.0
EMERALDS,38100,10000.0
EMERALDS,38200,10000.0
EMERALDS,38300,10000.0
EMERALDS,38400,10002.0
EMERALDS,38500,10000.0
EMERALDS,38600,10000.0
EMERALDS,38700,10000.0
EMERALDS,38800,10000.0
EMERALDS,38900,10000.0
EMERALDS,39000,10002.0
EMERALDS,39100,10000.0
EMERALDS,39200,10000.0
EMERALDS,39300,10000.0
EMERALDS,39400,10000.0
EMERALDS,39500,10000.0
EMERALDS,39600,10000.0
EMERALDS,39700,10000.0
EMERALDS,39800,10000.0
EMERALDS,39900,10000.0
EMERALDS,40000,10000.0
EMERALDS,40100,10000.0
EMERALDS,40200,10000.0
EMERALDS,40300,10000.0
EMERALDS,40400,10000.0
EMERALDS,40500,10000.0
EMERALDS,40600,10000.0
EMERALDS,40700,10000.0
EMERALDS,40800,10000.0
EMERALDS,40900,10000.0
EMERALDS,41000,10000.0
EMERALDS,41100,10000.0
EMERALDS,41200,10000.0
EMERALDS,41300,10000.0
EMERALDS,41400,10000.0
EMERALDS,41500,10000.0
EMERALDS,41600,10000.0
EMERALDS,41700,10000.0
EMERALDS,41800,10000.0
EMERALDS,41900,10000.0
EMERALDS,42000,10000.0
EMERALDS,42100,10000.0
EMERALDS,42200,10000.0
EMERALDS,42300,10000.0
EMERALDS,42400,9998.0
EMERALDS,42500,10000.0
EMERALDS,42600,10000.0
EMERALDS,42700,10000.0
EMERALDS,42800,9998.0
EMERALDS,42900,10000.0
EMERALDS,43000,10000.0
EMERALDS,43100,10000.0
EMERALDS,43200,10000.0
EMERALDS,43300,10000.0
EMERALDS,43400,10000.0
EMERALDS,43500,10000.0
EMERALDS,43600,10000.0
EMERALDS,43700,10000.0
EMERALDS,43800,10000.0
EMERALDS,43900,10000.0
EMERALDS,44000,10000.0
EMERALDS,44100,10000.0
EMERALDS,44200,10000.0
EMERALDS,44300,10000.0
EMERALDS,44400,10000.0
EMERALDS,44500,10000.0
EMERALDS,44600,10000.0
EMERALDS,44700,9998.0
EMERALDS,44800,10000.0
EMERALDS,44900,10000.0
EMERALDS,45000,10000.0
EMERALDS,45100,10000.0
EMERALDS,45200,10000.0
EMERALDS,45300,10000.0
EMERALDS,45400,10000.0
EMERALDS,45500,10000.0
EMERALDS,45600,10000.0
EMERALDS,45700,10000.0
EMERALDS,45800,10000.0
EMERALDS,45900,10000.0
EMERALDS,46000,10002.0
EMERALDS,46100,10000.0
EMERALDS,46200,10000.0
EMERALDS,46300,10000.0
EMERALDS,46400,10000.0
EMERALDS,46500,10000.0
EMERALDS,46600,10000.0
EMERALDS,46700,10000.0
EMERALDS,46800,10000.0
EMERALDS,46900,10000.0
EMERALDS,47000,10000.0
EMERALDS,47100,10000.0
EMERALDS,47200,10000.0
EMERALDS,47300,10000.0
EMERALDS,47400,10000.0
EMERALDS,47500,10000.0
EMERALDS,47600,10000.0
EMERALDS,47700,10000.0
EMERALDS,47800,10000.0
EMERALDS,47900,10000.0
EMERALDS,48000,10000.0
EMERALDS,48100,10000.0
EMERALDS,48200,10000.0
EMERALDS,48300,10000.0
EMERALDS,48400,10000.0
EMERALDS,48500,10000.0
EMERALDS,48600,10000.0
EMERALDS,48700,10000.0
EMERALDS,48800,10000.0
EMERALDS,48900,10000.0
EMERALDS,49000,10000.0
EMERALDS,49100,10000.0
EMERALDS,49200,10002.0
EMERALDS,49300,10000.0
EMERALDS,49400,10002.0
EMERALDS,49500,10000.0
EMERALDS,49600,10000.0
EMERALDS,49700,10000.0
EMERALDS,49800,10000.0
EMERALDS,49900,10000.0
EMERALDS,50000,10000.0
EMERALDS,50100,10000.0
EMERALDS,50200,10000.0
EMERALDS,50300,10000.0
EMERALDS,50400,10000.0
EMERALDS,50500,10000.0
EMERALDS,50600,10000.0
EMERALDS,50700,10000.0
EMERALDS,50800,10000.0
EMERALDS,50900,10000.0
EMERALDS,51000,10000.0
EMERALDS,51100,10000.0
EMERALDS,51200,10000.0
EMERALDS,51300,10000.0
EMERALDS,51400,10000.0
EMERALDS,51500,10000.0
EMERALDS,51600,10000.0
EMERALDS,51700,10000.0
EMERALDS,51800,10000.0
EMERALDS,51900,10000.0
EMERALDS,52000,10002.0
EMERALDS,52100,10000.0
EMERALDS,52200,10000.0
EMERALDS,52300,10000.0
EMERALDS,52400,10000.0
EMERALDS,52500,10000.0
EMERALDS,52600,10000.0
EMERALDS,52700,10000.0
EMERALDS,52800,10000.0
EMERALDS,52900,10000.0
EMERALDS,53000,10000.0
EMERALDS,53100,10000.0
EMERALDS,53200,10000.0
EMERALDS,53300,10000.0
EMERALDS,53400,10000.0
EMERALDS,53500,10000.0
EMERALDS,53600,9998.0
EMERALDS,53700,9998.0
EMERALDS,53800,10000.0
EMERALDS,53900,10002.0
EMERALDS,54000,10000.0
EMERALDS,54100,10000.0
EMERALDS,54200,10000.0
EMERALDS,54300,10000.0
EMERALDS,54400,10000.0
EMERALDS,54500,10000.0
EMERALDS,54600,10000.0
EMERALDS,54700,10000.0
EMERALDS,54800,10000.0
EMERALDS,54900,10000.0
EMERALDS,55000,10000.0
EMERALDS,55100,10002.0
EMERALDS,55200,10000.0
EMERALDS,55300,10000.0
EMERALDS,55400,10000.0
EMERALDS,55500,10000.0
EMERALDS,55600,10000.0
EMERALDS,55700,10000.0
EMERALDS,55800,10000.0
EMERALDS,55900,10000.0
EMERALDS,56000,10000.0
EMERALDS,56100,10000.0
EMERALDS,56200,10000.0
EMERALDS,56300,10000.0
EMERALDS,56400,10000.0
EMERALDS,56500,10000.0
EMERALDS,56600,10000.0
EMERALDS,56700,10000.0
EMERALDS,56800,10000.0
EMERALDS,56900,10000.0
EMERALDS,57000,10000.0
EMERALDS,57100,10000.0
EMERALDS,57200,10000.0
EMERALDS,57300,10000.0
EMERALDS,57400,10000.0
EMERALDS,57500,10000.0
EMERALDS,57600,10000.0
EMERALDS,57700,10000.0
EMERALDS,57800,10000.0
EMERALDS,57900,10000.0
EMERALDS,58000,10000.0
EMERALDS,58100,10000.0
EMERALDS,58200,10000.0
EMERALDS,58300,10000.0
EMERALDS,58400,10000.0
EMERALDS,58500,10000.0
EMERALDS,58600,10000.0
EMERALDS,58700,10000.0
EMERALDS,58800,10000.0
EMERALDS,58900,10000.0
EMERALDS,59000,10000.0
EMERALDS,59100,10000.0
EMERALDS,59200,10000.0
EMERALDS,59300,10000.0
EMERALDS,59400,10000.0
EMERALDS,59500,10000.0
EMERALDS,59600,10000.0
EMERALDS,59700,10000.0
EMERALDS,59800,10000.0
EMERALDS,59900,10000.0
EMERALDS,60000,10000.0
EMERALDS,60100,10000.0
EMERALDS,60200,10000.0
EMERALDS,60300,10000.0
EMERALDS,60400,10000.0
EMERALDS,60500,10000.0
EMERALDS,60600,10000.0
EMERALDS,60700,10000.0
EMERALDS,60800,10000.0
EMERALDS,60900,10000.0
EMERALDS,61000,10000.0
EMERALDS,61100,10000.0
EMERALDS,61200,10000.0
EMERALDS,61300,10000.0
EMERALDS,61400,10000.0
EMERALDS,61500,10000.0
EMERALDS,61600,10000.0
EMERALDS,61700,10000.0
EMERALDS,61800,10000.0
EMERALDS,61900,10000.0
EMERALDS,62000,10000.0
EMERALDS,62100,10000.0
EMERALDS,62200,10000.0
EMERALDS,62300,10000.0
EMERALDS,62400,10000.0
EMERALDS,62500,10000.0
EMERALDS,62600,10000.0
EMERALDS,62700,10000.0
EMERALDS,62800,10000.0
EMERALDS,62900,10000.0
EMERALDS,63000,10000.0
EMERALDS,63100,10000.0
EMERALDS,63200,10000.0
EMERALDS,63300,10000.0
EMERALDS,63400,10000.0
EMERALDS,63500,10000.0
EMERALDS,63600,10000.0
EMERALDS,63700,10000.0
EMERALDS,63800,10000.0
EMERALDS,63900,10000.0
EMERALDS,64000,10000.0
EMERALDS,64100,10000.0
EMERALDS,64200,10000.0
EMERALDS,64300,10000.0
EMERALDS,64400,10000.0
EMERALDS,64500,10002.0
EMERALDS,64600,10000.0
EMERALDS,64700,10000.0
EMERALDS,64800,10000.0
EMERALDS,64900,9998.0
EMERALDS,65000,10000.0
EMERALDS,65100,10000.0
EMERALDS,65200,10000.0
EMERALDS,65300,10000.0
EMERALDS,65400,10000.0
EMERALDS,65500,10000.0
EMERALDS,65600,10000.0
EMERALDS,65700,10000.0
EMERALDS,65800,10000.0
EMERALDS,65900,10000.0
EMERALDS,66000,10000.0
EMERALDS,66100,10000.0
EMERALDS,66200,10000.0
EMERALDS,66300,10000.0
EMERALDS,66400,10000.0
EMERALDS,66500,10000.0
EMERALDS,66600,10000.0
EMERALDS,66700,10000.0
EMERALDS,66800,10000.0
EMERALDS,66900,10000.0
EMERALDS,67000,10000.0
EMERALDS,67100,10000.0
EMERALDS,67200,10000.0
EMERALDS,67300,9998.0
EMERALDS,67400,10000.0
EMERALDS,67500,9998.0
EMERALDS,67600,10000.0
EMERALDS,67700,10000.0
EMERALDS,67800,10000.0
EMERALDS,67900,10000.0
EMERALDS,68000,10000.0
EMERALDS,68100,10000.0
EMERALDS,68200,10000.0
EMERALDS,68300,10000.0
EMERALDS,68400,10000.0
EMERALDS,68500,10000.0
EMERALDS,68600,10000.0
EMERALDS,68700,10002.0
EMERALDS,68800,10000.0
EMERALDS,68900,10000.0
EMERALDS,69000,10000.0
EMERALDS,69100,9998.0
EMERALDS,69200,10000.0
EMERALDS,69300,10000.0
EMERALDS,69400,10000.0
EMERALDS,69500,10000.0
EMERALDS,69600,10000.0
EMERALDS,69700,10000.0
EMERALDS,69800,10000.0
EMERALDS,69900,10000.0
EMERALDS,70000,10000.0
EMERALDS,70100,10000.0
EMERALDS,70200,10000.0
EMERALDS,70300,9998.0
EMERALDS,70400,10000.0
EMERALDS,70500,10000.0
EMERALDS,70600,10000.0
EMERALDS,70700,10000.0
EMERALDS,70800,10000.0
EMERALDS,70900,9998.0
EMERALDS,71000,10000.0
EMERALDS,71100,10000.0
EMERALDS,71200,9998.0
EMERALDS,71300,9998.0
EMERALDS,71400,10000.0
EMERALDS,71500,10000.0
EMERALDS,71600,10000.0
EMERALDS,71700,10000.0
EMERALDS,71800,10000.0
EMERALDS,71900,10002.0
EMERALDS,72000,10000.0
EMERALDS,72100,10000.0
EMERALDS,72200,10000.0
EMERALDS,72300,10000.0
EMERALDS,72400,10000.0
EMERALDS,72500,10000.0
EMERALDS,72600,10000.0
EMERALDS,72700,10000.0
EMERALDS,72800,10000.0
EMERALDS,72900,10000.0
EMERALDS,73000,10000.0
EMERALDS,73100,10000.0
EMERALDS,73200,10000.0
EMERALDS,73300,10000.0
EMERALDS,73400,10002.0
EMERALDS,73500,10000.0
EMERALDS,73600,10000.0
EMERALDS,73700,10000.0
EMERALDS,73800,10000.0
EMERALDS,73900,10000.0
EMERALDS,74000,10000.0
EMERALDS,74100,10000.0
EMERALDS,74200,10000.0
EMERALDS,74300,10000.0
EMERALDS,74400,10000.0
EMERALDS,74500,10000.0
EMERALDS,74600,10000.0
EMERALDS,74700,10002.0
EMERALDS,74800,10000.0
EMERALDS,74900,10000.0
EMERALDS,75000,10000.0
EMERALDS,75100,10000.0
EMERALDS,75200,10000.0
EMERALDS,75300,10000.0
EMERALDS,75400,10000.0
EMERALDS,75500,10000.0
EMERALDS,75600,10000.0
EMERALDS,75700,10000.0
EMERALDS,75800,10000.0
EMERALDS,75900,10000.0
EMERALDS,76000,10000.0
EMERALDS,76100,10000.0
EMERALDS,76200,10000.0
EMERALDS,76300,10000.0
EMERALDS,76400,10000.0
EMERALDS,76500,10000.0
EMERALDS,76600,10000.0
EMERALDS,76700,10000.0
EMERALDS,76800,10000.0
EMERALDS,76900,10000.0
EMERALDS,77000,10000.0
EMERALDS,77100,10000.0
EMERALDS,77200,10000.0
EMERALDS,77300,10000.0
EMERALDS,77400,10000.0
EMERALDS,77500,10000.0
EMERALDS,77600,10000.0
EMERALDS,77700,10002.0
EMERALDS,77800,10000.0
EMERALDS,77900,10000.0
EMERALDS,78000,10000.0
EMERALDS,78100,10000.0
EMERALDS,78200,10002.0
EMERALDS,78300,10000.0
EMERALDS,78400,10000.0
EMERALDS,78500,10000.0
EMERALDS,78600,10000.0
EMERALDS,78700,10000.0
EMERALDS,78800,10000.0
EMERALDS,78900,10000.0
EMERALDS,79000,10000.0
EMERALDS,79100,10000.0
EMERALDS,79200,10000.0
EMERALDS,79300,10000.0
EMERALDS,79400,10000.0
EMERALDS,79500,10000.0
EMERALDS,79600,10000.0
EMERALDS,79700,10000.0
EMERALDS,79800,10000.0
EMERALDS,79900,10000.0
EMERALDS,80000,10000.0
EMERALDS,80100,10000.0
EMERALDS,80200,10000.0
EMERALDS,80300,10000.0
EMERALDS,80400,10000.0
EMERALDS,80500,10000.0
EMERALDS,80600,10002.0
EMERALDS,80700,10000.0
EMERALDS,80800,10000.0
EMERALDS,80900,10000.0
EMERALDS,81000,10000.0
EMERALDS,81100,10000.0
EMERALDS,81200,10000.0
EMERALDS,81300,10000.0
EMERALDS,81400,10000.0
EMERALDS,81500,10000.0
EMERALDS,81600,10000.0
EMERALDS,81700,10000.0
EMERALDS,81800,10000.0
EMERALDS,81900,10000.0
EMERALDS,82000,10000.0
EMERALDS,82100,10000.0
EMERALDS,82200,10000.0
EMERALDS,82300,10000.0
EMERALDS,82400,10000.0
EMERALDS,82500,10000.0
EMERALDS,82600,10000.0
EMERALDS,82700,10000.0
EMERALDS,82800,10000.0
EMERALDS,82900,10000.0
EMERALDS,83000,10000.0
EMERALDS,83100,10000.0
EMERALDS,83200,10000.0
EMERALDS,83300,10000.0
EMERALDS,83400,10000.0
EMERALDS,83500,10000.0
EMERALDS,83600,10000.0
EMERALDS,83700,10000.0
EMERALDS,83800,10000.0
EMERALDS,83900,10000.0
EMERALDS,84000,10000.0
EMERALDS,84100,10000.0
EMERALDS,84200,10000.0
EMERALDS,84300,10000.0
EMERALDS,84400,10000.0
EMERALDS,84500,10000.0
EMERALDS,84600,10000.0
EMERALDS,84700,10000.0
EMERALDS,84800,10000.0
EMERALDS,84900,10000.0
EMERALDS,85000,10000.0
EMERALDS,85100,10000.0
EMERALDS,85200,10000.0
EMERALDS,85300,10000.0
EMERALDS,85400,10000.0
EMERALDS,85500,10000.0
EMERALDS,85600,10000.0
EMERALDS,85700,10000.0
EMERALDS,85800,10000.0
EMERALDS,85900,10000.0
EMERALDS,86000,10000.0
EMERALDS,86100,10000.0
EMERALDS,86200,10000.0
EMERALDS,86300,10000.0
EMERALDS,86400,10000.0
EMERALDS,86500,10002.0
EMERALDS,86600,10000.0
EMERALDS,86700,10000.0
EMERALDS,86800,10000.0
EMERALDS,86900,10000.0
EMERALDS,87000,10000.0
EMERALDS,87100,10000.0
EMERALDS,87200,10000.0
EMERALDS,87300,10000.0
EMERALDS,87400,10000.0
EMERALDS,87500,10000.0
EMERALDS,87600,10000.0
EMERALDS,87700,10000.0
EMERALDS,87800,10000.0
EMERALDS,87900,10000.0
EMERALDS,88000,10000.0
EMERALDS,88100,10000.0
EMERALDS,88200,10000.0
EMERALDS,88300,10000.0
EMERALDS,88400,10000.0
EMERALDS,88500,10000.0
EMERALDS,88600,10000.0
EMERALDS,88700,10000.0
EMERALDS,88800,10000.0
EMERALDS,88900,10000.0
EMERALDS,89000,10000.0
EMERALDS,89100,10000.0
EMERALDS,89200,10000.0
EMERALDS,89300,10000.0
EMERALDS,89400,10002.0
EMERALDS,89500,10000.0
EMERALDS,89600,10000.0
EMERALDS,89700,10000.0
EMERALDS,89800,10000.0
EMERALDS,89900,10000.0
EMERALDS,90000,10000.0
EMERALDS,90100,10000.0
EMERALDS,90200,10000.0
EMERALDS,90300,10000.0
EMERALDS,90400,10000.0
EMERALDS,90500,10000.0
EMERALDS,90600,10000.0
EMERALDS,90700,10000.0
EMERALDS,90800,10002.0
EMERALDS,90900,10000.0
EMERALDS,91000,10000.0
EMERALDS,91100,10000.0
EMERALDS,91200,10000.0
EMERALDS,91300,10000.0
EMERALDS,91400,10000.0
EMERALDS,91500,10000.0
EMERALDS,91600,10000.0
EMERALDS,91700,10000.0
EMERALDS,91800,10000.0
EMERALDS,91900,10000.0
EMERALDS,92000,10000.0
EMERALDS,92100,10000.0
EMERALDS,92200,10000.0
EMERALDS,92300,10000.0
EMERALDS,92400,10000.0
EMERALDS,92500,10000.0
EMERALDS,92600,10000.0
EMERALDS,92700,10000.0
EMERALDS,92800,10000.0
EMERALDS,92900,10000.0
EMERALDS,93000,10000.0
EMERALDS,93100,10002.0
EMERALDS,93200,10000.0
EMERALDS,93300,9998.0
EMERALDS,93400,10000.0
EMERALDS,93500,10000.0
EMERALDS,93600,10000.0
EMERALDS,93700,10000.0
EMERALDS,93800,10000.0
EMERALDS,93900,10000.0
EMERALDS,94000,10000.0
EMERALDS,94100,10000.0
EMERALDS,94200,10000.0
EMERALDS,94300,10000.0
EMERALDS,94400,10000.0
EMERALDS,94500,10000.0
EMERALDS,94600,10000.0
EMERALDS,94700,10000.0
EMERALDS,94800,10000.0
EMERALDS,94900,10000.0
EMERALDS,95000,10002.0
EMERALDS,95100,10000.0
EMERALDS,95200,10000.0
EMERALDS,95300,10000.0
EMERALDS,95400,10000.0
EMERALDS,95500,10000.0
EMERALDS,95600,10000.0
EMERALDS,95700,10000.0
EMERALDS,95800,10000.0
EMERALDS,95900,10000.0
EMERALDS,96000,10000.0
EMERALDS,96100,10000.0
EMERALDS,96200,10000.0
EMERALDS,96300,10000.0
EMERALDS,96400,10000.0
EMERALDS,96500,10000.0
EMERALDS,96600,10000.0
EMERALDS,96700,9998.0
EMERALDS,96800,10000.0
EMERALDS,96900,10000.0
EMERALDS,97000,10000.0
EMERALDS,97100,10000.0
EMERALDS,97200,9998.0
EMERALDS,97300,10000.0
EMERALDS,97400,10000.0
EMERALDS,97500,10000.0
EMERALDS,97600,10000.0
EMERALDS,97700,10000.0
EMERALDS,97800,10000.0
EMERALDS,97900,10000.0
EMERALDS,98000,10000.0
EMERALDS,98100,10002.0
EMERALDS,98200,10000.0
EMERALDS,98300,9998.0
EMERALDS,98400,10000.0
EMERALDS,98500,10002.0
EMERALDS,98600,10000.0
EMERALDS,98700,10000.0
EMERALDS,98800,10000.0
EMERALDS,98900,10000.0
EMERALDS,99000,10000.0
EMERALDS,99100,10000.0
EMERALDS,99200,10000.0
EMERALDS,99300,10000.0
EMERALDS,99400,10000.0
EMERALDS,99500,10000.0
EMERALDS,99600,10000.0
EMERALDS,99700,10000.0
EMERALDS,99800,10000.0
EMERALDS,99900,10000.0
EMERALDS,100000,10000.0
EMERALDS,100100,10000.0
EMERALDS,100200,10000.0
EMERALDS,100300,10000.0
EMERALDS,100400,10000.0
EMERALDS,100500,10000.0
EMERALDS,100600,10000.0
EMERALDS,100700,10000.0
EMERALDS,100800,10000.0
EMERALDS,100900,10000.0
EMERALDS,101000,10000.0
EMERALDS,101100,9998.0
EMERALDS,101200,10000.0
EMERALDS,101300,10000.0
EMERALDS,101400,10000.0
EMERALDS,101500,10000.0
EMERALDS,101600,10000.0
EMERALDS,101700,10000.0
EMERALDS,101800,10000.0
EMERALDS,101900,10000.0
EMERALDS,102000,10000.0
EMERALDS,102100,10000.0
EMERALDS,102200,10000.0
EMERALDS,102300,10000.0
EMERALDS,102400,10000.0
EMERALDS,102500,10000.0
EMERALDS,102600,10000.0
EMERALDS,102700,10000.0
EMERALDS,102800,10000.0
EMERALDS,102900,10000.0
EMERALDS,103000,10000.0
EMERALDS,103100,10000.0
EMERALDS,103200,10000.0
EMERALDS,103300,10000.0
EMERALDS,103400,10000.0
EMERALDS,103500,10000.0
EMERALDS,103600,10000.0
EMERALDS,103700,10000.0
EMERALDS,103800,10000.0
EMERALDS,103900,10000.0
EMERALDS,104000,10000.0
EMERALDS,104100,10000.0
EMERALDS,104200,10000.0
EMERALDS,104300,10000.0
EMERALDS,104400,10000.0
EMERALDS,104500,10000.0
EMERALDS,104600,9998.0
EMERALDS,104700,10000.0
EMERALDS,104800,10000.0
EMERALDS,104900,10000.0
EMERALDS,105000,10000.0
EMERALDS,105100,10000.0
EMERALDS,105200,10000.0
EMERALDS,105300,10000.0
EMERALDS,105400,10000.0
EMERALDS,105500,10000.0
EMERALDS,105600,10000.0
EMERALDS,105700,10000.0
EMERALDS,105800,10000.0
EMERALDS,105900,10000.0
EMERALDS,106000,10000.0
EMERALDS,106100,10000.0
EMERALDS,106200,10002.0
EMERALDS,106300,10000.0
EMERALDS,106400,10002.0
EMERALDS,106500,10000.0
EMERALDS,106600,10000.0
EMERALDS,106700,10000.0
EMERALDS,106800,10000.0
EMERALDS,106900,10000.0
EMERALDS,107000,10000.0
EMERALDS,107100,10000.0
EMERALDS,107200,10000.0
EMERALDS,107300,10000.0
EMERALDS,107400,9998.0
EMERALDS,107500,10000.0
EMERALDS,107600,10000.0
EMERALDS,107700,10000.0
EMERALDS,107800,10000.0
EMERALDS,107900,10000.0
EMERALDS,108000,10000.0
EMERALDS,108100,10000.0
EMERALDS,108200,10000.0
EMERALDS,108300,10000.0
EMERALDS,108400,10000.0
EMERALDS,108500,10000.0
EMERALDS,108600,10000.0
EMERALDS,108700,10000.0
EMERALDS,108800,10000.0
EMERALDS,108900,10000.0
EMERALDS,109000,10000.0
EMERALDS,109100,10000.0
EMERALDS,109200,10000.0
EMERALDS,109300,10000.0
EMERALDS,109400,10000.0
EMERALDS,109500,10000.0
EMERALDS,109600,10000.0
EMERALDS,109700,10002.0
EMERALDS,109800,10000.0
EMERALDS,109900,10000.0
EMERALDS,110000,10000.0
EMERALDS,110100,9998.0
EMERALDS,110200,10000.0
EMERALDS,110300,10000.0
EMERALDS,110400,10000.0
EMERALDS,110500,10000.0
EMERALDS,110600,10000.0
EMERALDS,110700,10000.0
EMERALDS,110800,10000.0
EMERALDS,110900,10000.0
EMERALDS,111000,10000.0
EMERALDS,111100,10000.0
EMERALDS,111200,10000.0
EMERALDS,111300,10000.0
EMERALDS,111400,10000.0
EMERALDS,111500,10000.0
EMERALDS,111600,10000.0
EMERALDS,111700,10000.0
EMERALDS,111800,10000.0
EMERALDS,111900,10000.0
EMERALDS,112000,10000.0
EMERALDS,112100,10000.0
EMERALDS,112200,10000.0
EMERALDS,112300,10000.0
EMERALDS,112400,10000.0
EMERALDS,112500,10000.0
EMERALDS,112600,10000.0
EMERALDS,112700,10000.0
EMERALDS,112800,10000.0
EMERALDS,112900,10000.0
EMERALDS,113000,10000.0
EMERALDS,113100,10000.0
EMERALDS,113200,10000.0
EMERALDS,113300,10000.0
EMERALDS,113400,10000.0
EMERALDS,113500,10000.0
EMERALDS,113600,10000.0
EMERALDS,113700,10000.0
EMERALDS,113800,10000.0
EMERALDS,113900,10000.0
EMERALDS,114000,10002.0
EMERALDS,114100,10000.0
EMERALDS,114200,10000.0
EMERALDS,114300,10000.0
EMERALDS,114400,10000.0
EMERALDS,114500,10000.0
EMERALDS,114600,10000.0
EMERALDS,114700,10000.0
EMERALDS,114800,10000.0
EMERALDS,114900,10000.0
EMERALDS,115000,10000.0
EMERALDS,115100,10000.0
EMERALDS,115200,10000.0
EMERALDS,115300,10002.0
EMERALDS,115400,10002.0
EMERALDS,115500,10000.0
EMERALDS,115600,10000.0
EMERALDS,115700,10000.0
EMERALDS,115800,10000.0
EMERALDS,115900,10000.0
EMERALDS,116000,10000.0
EMERALDS,116100,10000.0
EMERALDS,116200,10000.0
EMERALDS,116300,10002.0
EMERALDS,116400,10000.0
EMERALDS,116500,10000.0
EMERALDS,116600,10000.0
EMERALDS,116700,10000.0
EMERALDS,116800,10000.0
EMERALDS,116900,10000.0
EMERALDS,117000,10000.0
EMERALDS,117100,10000.0
EMERALDS,117200,10000.0
EMERALDS,117300,10000.0
EMERALDS,117400,10000.0
EMERALDS,117500,10000.0
EMERALDS,117600,10000.0
EMERALDS,117700,10000.0
EMERALDS,117800,10000.0
EMERALDS,117900,10000.0
EMERALDS,118000,10000.0
EMERALDS,118100,10000.0
EMERALDS,118200,10000.0
EMERALDS,118300,10000.0
EMERALDS,118400,10000.0
EMERALDS,118500,10000.0
EMERALDS,118600,10000.0
EMERALDS,118700,10000.0
EMERALDS,118800,10000.0
EMERALDS,118900,10000.0
EMERALDS,119000,10000.0
EMERALDS,119100,10000.0
EMERALDS,119200,10000.0
EMERALDS,119300,10000.0
EMERALDS,119400,10002.0
EMERALDS,119500,10000.0
EMERALDS,119600,10000.0
EMERALDS,119700,10000.0
EMERALDS,119800,10000.0
EMERALDS,119900,10002.0
EMERALDS,120000,10000.0
EMERALDS,120100,10000.0
EMERALDS,120200,10000.0
EMERALDS,120300,10000.0
EMERALDS,120400,10000.0
EMERALDS,120500,10000.0
EMERALDS,120600,10000.0
EMERALDS,120700,10000.0
EMERALDS,120800,10000.0
EMERALDS,120900,10000.0
EMERALDS,121000,10000.0
EMERALDS,121100,10000.0
EMERALDS,121200,10000.0
EMERALDS,121300,10000.0
EMERALDS,121400,10000.0
EMERALDS,121500,10000.0
EMERALDS,121600,10000.0
EMERALDS,121700,10000.0
EMERALDS,121800,10000.0
EMERALDS,121900,9998.0
EMERALDS,122000,10000.0
EMERALDS,122100,10002.0
EMERALDS,122200,10000.0
EMERALDS,122300,10000.0
EMERALDS,122400,10000.0
EMERALDS,122500,10000.0
EMERALDS,122600,10000.0
EMERALDS,122700,10000.0
EMERALDS,122800,10000.0
EMERALDS,122900,10002.0
EMERALDS,123000,9998.0
EMERALDS,123100,10000.0
EMERALDS,123200,10000.0
EMERALDS,123300,10000.0
EMERALDS,123400,10000.0
EMERALDS,123500,10000.0
EMERALDS,123600,10000.0
EMERALDS,123700,10000.0
EMERALDS,123800,10000.0
EMERALDS,123900,10000.0
EMERALDS,124000,10000.0
EMERALDS,124100,9998.0
EMERALDS,124200,10000.0
EMERALDS,124300,10000.0
EMERALDS,124400,10000.0
EMERALDS,124500,10000.0
EMERALDS,124600,10000.0
EMERALDS,124700,10000.0
EMERALDS,124800,10000.0
EMERALDS,124900,10000.0
EMERALDS,125000,10000.0
EMERALDS,125100,10000.0
EMERALDS,125200,9998.0
EMERALDS,125300,10000.0
EMERALDS,125400,9998.0
EMERALDS,125500,10000.0
EMERALDS,125600,10000.0
EMERALDS,125700,10000.0
EMERALDS,125800,10000.0
EMERALDS,125900,10000.0
EMERALDS,126000,10000.0
EMERALDS,126100,10000.0
EMERALDS,126200,10000.0
EMERALDS,126300,10000.0
EMERALDS,126400,10000.0
EMERALDS,126500,10000.0
EMERALDS,126600,10000.0
EMERALDS,126700,10000.0
EMERALDS,126800,10000.0
EMERALDS,126900,10000.0
EMERALDS,127000,10000.0
EMERALDS,127100,10000.0
EMERALDS,127200,10000.0
EMERALDS,127300,10000.0
EMERALDS,127400,10000.0
EMERALDS,127500,10000.0
EMERALDS,127600,10000.0
EMERALDS,127700,10000.0
EMERALDS,127800,10000.0
EMERALDS,127900,10000.0
EMERALDS,128000,10000.0
EMERALDS,128100,10000.0
EMERALDS,128200,10000.0
EMERALDS,128300,10000.0
EMERALDS,128400,10000.0
EMERALDS,128500,10000.0
EMERALDS,128600,10000.0
EMERALDS,128700,10000.0
EMERALDS,128800,9998.0
EMERALDS,128900,10000.0
EMERALDS,129000,10000.0
EMERALDS,129100,10000.0
EMERALDS,129200,10000.0
EMERALDS,129300,10000.0
EMERALDS,129400,10000.0
EMERALDS,129500,10000.0
EMERALDS,129600,10000.0
EMERALDS,129700,10000.0
EMERALDS,129800,10000.0
EMERALDS,129900,10000.0
EMERALDS,130000,10000.0
EMERALDS,130100,10000.0
EMERALDS,130200,10000.0
EMERALDS,130300,10000.0
EMERALDS,130400,10000.0
EMERALDS,130500,10000.0
EMERALDS,130600,10000.0
EMERALDS,130700,10000.0
EMERALDS,130800,10000.0
EMERALDS,130900,10000.0
EMERALDS,131000,10000.0
EMERALDS,131100,10000.0
EMERALDS,131200,10000.0
EMERALDS,131300,10000.0
EMERALDS,131400,10000.0
EMERALDS,131500,10000.0
EMERALDS,131600,10000.0
EMERALDS,131700,10002.0
EMERALDS,131800,10000.0
EMERALDS,131900,10000.0
EMERALDS,132000,10000.0
EMERALDS,132100,10000.0
EMERALDS,132200,10000.0
EMERALDS,132300,10000.0
EMERALDS,132400,10000.0
EMERALDS,132500,10000.0
EMERALDS,132600,10000.0
EMERALDS,132700,10000.0
EMERALDS,132800,10000.0
EMERALDS,132900,10000.0
EMERALDS,133000,10000.0
EMERALDS,133100,10000.0
EMERALDS,133200,10000.0
EMERALDS,133300,10000.0
EMERALDS,133400,9998.0
EMERALDS,133500,10000.0
EMERALDS,133600,10000.0
EMERALDS,133700,10000.0
EMERALDS,133800,10000.0
EMERALDS,133900,10000.0
EMERALDS,134000,10000.0
EMERALDS,134100,10000.0
EMERALDS,134200,10000.0
EMERALDS,134300,10000.0
EMERALDS,134400,10002.0
EMERALDS,134500,10000.0
EMERALDS,134600,10000.0
EMERALDS,134700,10000.0
EMERALDS,134800,10000.0
EMERALDS,134900,10000.0
EMERALDS,135000,10000.0
EMERALDS,135100,10000.0
EMERALDS,135200,10000.0
EMERALDS,135300,10000.0
EMERALDS,135400,10000.0
EMERALDS,135500,10000.0
EMERALDS,135600,10000.0
EMERALDS,135700,10000.0
EMERALDS,135800,10000.0
EMERALDS,135900,10000.0
EMERALDS,136000,10000.0
EMERALDS,136100,10000.0
EMERALDS,136200,10000.0
EMERALDS,136300,10000.0
EMERALDS,136400,10000.0
EMERALDS,136500,10000.0
EMERALDS,136600,10000.0
EMERALDS,136700,10002.0
EMERALDS,136800,10000.0
EMERALDS,136900,10000.0
EMERALDS,137000,10000.0
EMERALDS,137100,10000.0
EMERALDS,137200,10000.0
EMERALDS,137300,10000.0
EMERALDS,137400,10000.0
EMERALDS,137500,10000.0
EMERALDS,137600,10000.0
EMERALDS,137700,10000.0
EMERALDS,137800,10000.0
EMERALDS,137900,10000.0
EMERALDS,138000,10000.0
EMERALDS,138100,10000.0
EMERALDS,138200,10000.0
EMERALDS,138300,10000.0
EMERALDS,138400,9998.0
EMERALDS,138500,10000.0
EMERALDS,138600,10000.0
EMERALDS,138700,10000.0
EMERALDS,138800,10000.0
EMERALDS,138900,10000.0
EMERALDS,139000,10000.0
EMERALDS,139100,10002.0
EMERALDS,139200,10000.0
EMERALDS,139300,10000.0
EMERALDS,139400,10000.0
EMERALDS,139500,10000.0
EMERALDS,139600,10000.0
EMERALDS,139700,10000.0
EMERALDS,139800,10000.0
EMERALDS,139900,10000.0
EMERALDS,140000,10000.0
EMERALDS,140100,10000.0
EMERALDS,140200,10000.0
EMERALDS,140300,10000.0
EMERALDS,140400,10000.0
EMERALDS,140500,10000.0
EMERALDS,140600,10000.0
EMERALDS,140700,10000.0
EMERALDS,140800,10000.0
EMERALDS,140900,10000.0
EMERALDS,141000,10000.0
EMERALDS,141100,10000.0
EMERALDS,141200,10000.0
EMERALDS,141300,10000.0
EMERALDS,141400,10000.0
EMERALDS,141500,10000.0
EMERALDS,141600,10002.0
EMERALDS,141700,10002.0
EMERALDS,141800,10000.0
EMERALDS,141900,10000.0
EMERALDS,142000,10000.0
EMERALDS,142100,10000.0
EMERALDS,142200,9998.0
EMERALDS,142300,10000.0
EMERALDS,142400,10000.0
EMERALDS,142500,10002.0
EMERALDS,142600,10000.0
EMERALDS,142700,10000.0
EMERALDS,142800,10000.0
EMERALDS,142900,10000.0
EMERALDS,143000,10000.0
EMERALDS,143100,10000.0
EMERALDS,143200,10000.0
EMERALDS,143300,10000.0
EMERALDS,143400,10000.0
EMERALDS,143500,10000.0
EMERALDS,143600,10002.0
EMERALDS,143700,10000.0
EMERALDS,143800,10000.0
EMERALDS,143900,10000.0
EMERALDS,144000,10000.0
EMERALDS,144100,10000.0
EMERALDS,144200,9998.0
EMERALDS,144300,10000.0
EMERALDS,144400,10000.0
EMERALDS,144500,10000.0
EMERALDS,144600,10000.0
EMERALDS,144700,10000.0
EMERALDS,144800,10000.0
EMERALDS,144900,10000.0
EMERALDS,145000,10000.0
EMERALDS,145100,10000.0
EMERALDS,145200,10000.0
EMERALDS,145300,10000.0
EMERALDS,145400,10002.0
EMERALDS,145500,10000.0
EMERALDS,145600,10000.0
EMERALDS,145700,10000.0
EMERALDS,145800,10000.0
EMERALDS,145900,10000.0
EMERALDS,146000,10000.0
EMERALDS,146100,10000.0
EMERALDS,146200,10000.0
EMERALDS,146300,10000.0
EMERALDS,146400,10000.0
EMERALDS,146500,10000.0
EMERALDS,146600,10000.0
EMERALDS,146700,10000.0
EMERALDS,146800,10000.0
EMERALDS,146900,10000.0
EMERALDS,147000,10000.0
EMERALDS,147100,10000.0
EMERALDS,147200,10000.0
EMERALDS,147300,10000.0
EMERALDS,147400,10000.0
EMERALDS,147500,10000.0
EMERALDS,147600,10000.0
EMERALDS,147700,10000.0
EMERALDS,147800,10000.0
EMERALDS,147900,10000.0
EMERALDS,148000,10000.0
EMERALDS,148100,9998.0
EMERALDS,148200,10000.0
EMERALDS,148300,10000.0
EMERALDS,148400,10000.0
EMERALDS,148500,10000.0
EMERALDS,148600,10000.0
EMERALDS,148700,10002.0
EMERALDS,148800,10000.0
EMERALDS,148900,10000.0
EMERALDS,149000,10000.0
EMERALDS,149100,10000.0
EMERALDS,149200,10000.0
EMERALDS,149300,10000.0
EMERALDS,149400,10000.0
EMERALDS,149500,10000.0
EMERALDS,149600,10000.0
EMERALDS,149700,10000.0
EMERALDS,149800,10000.0
EMERALDS,149900,10000.0
EMERALDS,150000,10000.0
EMERALDS,150100,10000.0
EMERALDS,150200,10000.0
EMERALDS,150300,10000.0
EMERALDS,150400,10000.0
EMERALDS,150500,10000.0
EMERALDS,150600,10000.0
EMERALDS,150700,10000.0
EMERALDS,150800,10000.0
EMERALDS,150900,10002.0
EMERALDS,151000,10000.0
EMERALDS,151100,10000.0
EMERALDS,151200,10000.0
EMERALDS,151300,10000.0
EMERALDS,151400,10000.0
EMERALDS,151500,10000.0
EMERALDS,151600,10000.0
EMERALDS,151700,10000.0
EMERALDS,151800,10000.0
EMERALDS,151900,10000.0
EMERALDS,152000,10000.0
EMERALDS,152100,10000.0
EMERALDS,152200,10000.0
EMERALDS,152300,10000.0
EMERALDS,152400,10000.0
EMERALDS,152500,10000.0
EMERALDS,152600,10000.0
EMERALDS,152700,10000.0
EMERALDS,152800,10000.0
EMERALDS,152900,10000.0
EMERALDS,153000,10000.0
EMERALDS,153100,10000.0
EMERALDS,153200,9998.0
EMERALDS,153300,10000.0
EMERALDS,153400,10000.0
EMERALDS,153500,10000.0
EMERALDS,153600,10000.0
EMERALDS,153700,10000.0
EMERALDS,153800,10000.0
EMERALDS,153900,10000.0
EMERALDS,154000,10000.0
EMERALDS,154100,10000.0
EMERALDS,154200,10000.0
EMERALDS,154300,10000.0
EMERALDS,154400,9998.0
EMERALDS,154500,10000.0
EMERALDS,154600,10000.0
EMERALDS,154700,10000.0
EMERALDS,154800,10000.0
EMERALDS,154900,10000.0
EMERALDS,155000,10000.0
EMERALDS,155100,10000.0
EMERALDS,155200,10000.0
EMERALDS,155300,10000.0
EMERALDS,155400,10000.0
EMERALDS,155500,10000.0
EMERALDS,155600,10000.0
EMERALDS,155700,10002.0
EMERALDS,155800,10000.0
EMERALDS,155900,10000.0
EMERALDS,156000,10000.0
EMERALDS,156100,10000.0
EMERALDS,156200,10000.0
EMERALDS,156300,10000.0
EMERALDS,156400,10002.0
EMERALDS,156500,10000.0
EMERALDS,156600,10000.0
EMERALDS,156700,10000.0
EMERALDS,156800,10000.0
EMERALDS,156900,10000.0
EMERALDS,157000,10000.0
EMERALDS,157100,10000.0
EMERALDS,157200,10000.0
EMERALDS,157300,10000.0
EMERALDS,157400,10000.0
EMERALDS,157500,10000.0
EMERALDS,157600,10000.0
EMERALDS,157700,10000.0
EMERALDS,157800,10000.0
EMERALDS,157900,10000.0
EMERALDS,158000,10000.0
EMERALDS,158100,10000.0
EMERALDS,158200,10000.0
EMERALDS,158300,10000.0
EMERALDS,158400,10000.0
EMERALDS,158500,10000.0
EMERALDS,158600,10000.0
EMERALDS,158700,10000.0
EMERALDS,158800,10000.0
EMERALDS,158900,10000.0
EMERALDS,159000,10000.0
EMERALDS,159100,10000.0
EMERALDS,159200,10000.0
EMERALDS,159300,10000.0
EMERALDS,159400,10000.0
EMERALDS,159500,10000.0
EMERALDS,159600,10000.0
EMERALDS,159700,10000.0
EMERALDS,159800,10000.0
EMERALDS,159900,10000.0
EMERALDS,160000,10000.0
EMERALDS,160100,10000.0
EMERALDS,160200,10000.0
EMERALDS,160300,10000.0
EMERALDS,160400,10000.0
EMERALDS,160500,10000.0
EMERALDS,160600,10000.0
EMERALDS,160700,10000.0
EMERALDS,160800,10000.0
EMERALDS,160900,10000.0
EMERALDS,161000,10000.0
EMERALDS,161100,10000.0
EMERALDS,161200,10000.0
EMERALDS,161300,10000.0
EMERALDS,161400,10000.0
EMERALDS,161500,10000.0
EMERALDS,161600,10000.0
EMERALDS,161700,9998.0
EMERALDS,161800,10000.0
EMERALDS,161900,10000.0
EMERALDS,162000,10000.0
EMERALDS,162100,10000.0
EMERALDS,162200,10000.0
EMERALDS,162300,10000.0
EMERALDS,162400,10000.0
EMERALDS,162500,10000.0
EMERALDS,162600,10000.0
EMERALDS,162700,10000.0
EMERALDS,162800,10002.0
EMERALDS,162900,10000.0
EMERALDS,163000,10000.0
EMERALDS,163100,10000.0
EMERALDS,163200,10000.0
EMERALDS,163300,10000.0
EMERALDS,163400,10000.0
EMERALDS,163500,10000.0
EMERALDS,163600,10000.0
EMERALDS,163700,10000.0
EMERALDS,163800,10000.0
EMERALDS,163900,10000.0
EMERALDS,164000,10000.0
EMERALDS,164100,10000.0
EMERALDS,164200,10000.0
EMERALDS,164300,10000.0
EMERALDS,164400,10000.0
EMERALDS,164500,10000.0
EMERALDS,164600,10000.0
EMERALDS,164700,10000.0
EMERALDS,164800,10000.0
EMERALDS,164900,10000.0
EMERALDS,165000,10000.0
EMERALDS,165100,10000.0
EMERALDS,165200,10000.0
EMERALDS,165300,10000.0
EMERALDS,165400,10000.0
EMERALDS,165500,10000.0
EMERALDS,165600,10000.0
EMERALDS,165700,10000.0
EMERALDS,165800,10000.0
EMERALDS,165900,10000.0
EMERALDS,166000,10000.0
EMERALDS,166100,10000.0
EMERALDS,166200,10000.0
EMERALDS,166300,10000.0
EMERALDS,166400,10000.0
EMERALDS,166500,10000.0
EMERALDS,166600,10000.0
EMERALDS,166700,10000.0
EMERALDS,166800,10000.0
EMERALDS,166900,10000.0
EMERALDS,167000,10000.0
EMERALDS,167100,10000.0
EMERALDS,167200,10000.0
EMERALDS,167300,10000.0
EMERALDS,167400,10000.0
EMERALDS,167500,10000.0
EMERALDS,167600,10000.0
EMERALDS,167700,10000.0
EMERALDS,167800,10000.0
EMERALDS,167900,10000.0
EMERALDS,168000,10000.0
EMERALDS,168100,10000.0
EMERALDS,168200,10000.0
EMERALDS,168300,10000.0
EMERALDS,168400,10000.0
EMERALDS,168500,10000.0
EMERALDS,168600,10000.0
EMERALDS,168700,10000.0
EMERALDS,168800,10002.0
EMERALDS,168900,10000.0
EMERALDS,169000,10000.0
EMERALDS,169100,10000.0
EMERALDS,169200,10000.0
EMERALDS,169300,10000.0
EMERALDS,169400,9998.0
EMERALDS,169500,10000.0
EMERALDS,169600,10000.0
EMERALDS,169700,10000.0
EMERALDS,169800,10000.0
EMERALDS,169900,10000.0
EMERALDS,170000,10000.0
EMERALDS,170100,9998.0
EMERALDS,170200,10000.0
EMERALDS,170300,10000.0
EMERALDS,170400,10000.0
EMERALDS,170500,10000.0
EMERALDS,170600,10000.0
EMERALDS,170700,10000.0
EMERALDS,170800,10000.0
EMERALDS,170900,10000.0
EMERALDS,171000,10000.0
EMERALDS,171100,10000.0
EMERALDS,171200,10000.0
EMERALDS,171300,9998.0
EMERALDS,171400,10000.0
EMERALDS,171500,10000.0
EMERALDS,171600,10000.0
EMERALDS,171700,10000.0
EMERALDS,171800,10000.0
EMERALDS,171900,10000.0
EMERALDS,172000,10000.0
EMERALDS,172100,10000.0
EMERALDS,172200,10000.0
EMERALDS,172300,10000.0
EMERALDS,172400,10002.0
EMERALDS,172500,10000.0
EMERALDS,172600,10000.0
EMERALDS,172700,10000.0
EMERALDS,172800,10000.0
EMERALDS,172900,10000.0
EMERALDS,173000,10000.0
EMERALDS,173100,10000.0
EMERALDS,173200,10000.0
EMERALDS,173300,10000.0
EMERALDS,173400,10000.0
EMERALDS,173500,10000.0
EMERALDS,173600,10000.0
EMERALDS,173700,10000.0
EMERALDS,173800,10000.0
EMERALDS,173900,10000.0
EMERALDS,174000,10000.0
EMERALDS,174100,10000.0
EMERALDS,174200,10000.0
EMERALDS,174300,10000.0
EMERALDS,174400,10000.0
EMERALDS,174500,10000.0
EMERALDS,174600,10000.0
EMERALDS,174700,10000.0
EMERALDS,174800,10000.0
EMERALDS,174900,10000.0
EMERALDS,175000,10000.0
EMERALDS,175100,10000.0
EMERALDS,175200,10000.0
EMERALDS,175300,10000.0
EMERALDS,175400,10000.0
EMERALDS,175500,10000.0
EMERALDS,175600,10000.0
EMERALDS,175700,10000.0
EMERALDS,175800,10000.0
EMERALDS,175900,9998.0
EMERALDS,176000,10000.0
EMERALDS,176100,10000.0
EMERALDS,176200,10000.0
EMERALDS,176300,10000.0
EMERALDS,176400,10002.0
EMERALDS,176500,10000.0
EMERALDS,176600,10000.0
EMERALDS,176700,9998.0
EMERALDS,176800,10000.0
EMERALDS,176900,10000.0
EMERALDS,177000,10000.0
EMERALDS,177100,10000.0
EMERALDS,177200,10000.0
EMERALDS,177300,10000.0
EMERALDS,177400,10000.0
EMERALDS,177500,10000.0
EMERALDS,177600,10002.0
EMERALDS,177700,10000.0
EMERALDS,177800,10000.0
EMERALDS,177900,10000.0
EMERALDS,178000,10000.0
EMERALDS,178100,10000.0
EMERALDS,178200,10000.0
EMERALDS,178300,10000.0
EMERALDS,178400,10000.0
EMERALDS,178500,10000.0
EMERALDS,178600,10000.0
EMERALDS,178700,10000.0
EMERALDS,178800,10000.0
EMERALDS,178900,10000.0
EMERALDS,179000,9998.0
EMERALDS,179100,10000.0
EMERALDS,179200,10000.0
EMERALDS,179300,10000.0
EMERALDS,179400,10000.0
EMERALDS,179500,10000.0
EMERALDS,179600,10000.0
EMERALDS,179700,10000.0
EMERALDS,179800,10000.0
EMERALDS,179900,10000.0
EMERALDS,180000,10000.0
EMERALDS,180100,10000.0
EMERALDS,180200,10000.0
EMERALDS,180300,10000.0
EMERALDS,180400,10000.0
EMERALDS,180500,10000.0
EMERALDS,180600,10000.0
EMERALDS,180700,10000.0
EMERALDS,180800,10000.0
EMERALDS,180900,10000.0
EMERALDS,181000,10000.0
EMERALDS,181100,9998.0
EMERALDS,181200,10000.0
EMERALDS,181300,10000.0
EMERALDS,181400,10000.0
EMERALDS,181500,10000.0
EMERALDS,181600,10000.0
EMERALDS,181700,10000.0
EMERALDS,181800,10000.0
EMERALDS,181900,10000.0
EMERALDS,182000,10000.0
EMERALDS,182100,10000.0
EMERALDS,182200,10000.0
EMERALDS,182300,10000.0
EMERALDS,182400,10000.0
EMERALDS,182500,10000.0
EMERALDS,182600,10000.0
EMERALDS,182700,10000.0
EMERALDS,182800,10000.0
EMERALDS,182900,10000.0
EMERALDS,183000,10000.0
EMERALDS,183100,10000.0
EMERALDS,183200,10000.0
EMERALDS,183300,10000.0
EMERALDS,183400,10000.0
EMERALDS,183500,10000.0
EMERALDS,183600,10000.0
EMERALDS,183700,10000.0
EMERALDS,183800,10000.0
EMERALDS,183900,10000.0
EMERALDS,184000,10000.0
EMERALDS,184100,10000.0
EMERALDS,184200,10000.0
EMERALDS,184300,10000.0
EMERALDS,184400,10000.0
EMERALDS,184500,10000.0
EMERALDS,184600,10000.0
EMERALDS,184700,10000.0
EMERALDS,184800,10000.0
EMERALDS,184900,10000.0
EMERALDS,185000,10000.0
EMERALDS,185100,10000.0
EMERALDS,185200,10000.0
EMERALDS,185300,10000.0
EMERALDS,185400,10002.0
EMERALDS,185500,10000.0
EMERALDS,185600,10000.0
EMERALDS,185700,10000.0
EMERALDS,185800,10000.0
EMERALDS,185900,10000.0
EMERALDS,186000,10000.0
EMERALDS,186100,10000.0
EMERALDS,186200,10000.0
EMERALDS,186300,10000.0
EMERALDS,186400,10000.0
EMERALDS,186500,10000.0
EMERALDS,186600,10000.0
EMERALDS,186700,10000.0
EMERALDS,186800,10000.0
EMERALDS,186900,10000.0
EMERALDS,187000,10000.0
EMERALDS,187100,10000.0
EMERALDS,187200,10000.0
EMERALDS,187300,9998.0
EMERALDS,187400,10000.0
EMERALDS,187500,10000.0
EMERALDS,187600,10000.0
EMERALDS,187700,10000.0
EMERALDS,187800,10002.0
EMERALDS,187900,10000.0
EMERALDS,188000,10000.0
EMERALDS,188100,10000.0
EMERALDS,188200,10000.0
EMERALDS,188300,10000.0
EMERALDS,188400,10000.0
EMERALDS,188500,10000.0
EMERALDS,188600,10000.0
EMERALDS,188700,10000.0
EMERALDS,188800,10000.0
EMERALDS,188900,10000.0
EMERALDS,189000,10000.0
EMERALDS,189100,10000.0
EMERALDS,189200,10000.0
EMERALDS,189300,10000.0
EMERALDS,189400,10000.0
EMERALDS,189500,10000.0
EMERALDS,189600,10000.0
EMERALDS,189700,10000.0
EMERALDS,189800,10000.0
EMERALDS,189900,10000.0
EMERALDS,190000,10000.0
EMERALDS,190100,10000.0
EMERALDS,190200,10000.0
EMERALDS,190300,10000.0
EMERALDS,190400,10000.0
EMERALDS,190500,10000.0
EMERALDS,190600,10000.0
EMERALDS,190700,10000.0
EMERALDS,190800,10000.0
EMERALDS,190900,10002.0
EMERALDS,191000,9998.0
EMERALDS,191100,10000.0
EMERALDS,191200,10000.0
EMERALDS,191300,10000.0
EMERALDS,191400,10000.0
EMERALDS,191500,10000.0
EMERALDS,191600,10000.0
EMERALDS,191700,10000.0
EMERALDS,191800,10000.0
EMERALDS,191900,10000.0
EMERALDS,192000,10000.0
EMERALDS,192100,10000.0
EMERALDS,192200,10000.0
EMERALDS,192300,10000.0
EMERALDS,192400,10000.0
EMERALDS,192500,10000.0
EMERALDS,192600,10000.0
EMERALDS,192700,10000.0
EMERALDS,192800,10000.0
EMERALDS,192900,10000.0
EMERALDS,193000,10000.0
EMERALDS,193100,10000.0
EMERALDS,193200,10000.0
EMERALDS,193300,10000.0
EMERALDS,193400,10000.0
EMERALDS,193500,10000.0
EMERALDS,193600,10000.0
EMERALDS,193700,10000.0
EMERALDS,193800,10000.0
EMERALDS,193900,10000.0
EMERALDS,194000,10000.0
EMERALDS,194100,9998.0
EMERALDS,194200,10000.0
EMERALDS,194300,10000.0
EMERALDS,194400,10000.0
EMERALDS,194500,10000.0
EMERALDS,194600,10000.0
EMERALDS,194700,10000.0
EMERALDS,194800,10000.0
EMERALDS,194900,10000.0
EMERALDS,195000,10000.0
EMERALDS,195100,10000.0
EMERALDS,195200,10000.0
EMERALDS,195300,10000.0
EMERALDS,195400,10000.0
EMERALDS,195500,10002.0
EMERALDS,195600,10000.0
EMERALDS,195700,10000.0
EMERALDS,195800,10000.0
EMERALDS,195900,10000.0
EMERALDS,196000,10000.0
EMERALDS,196100,10000.0
EMERALDS,196200,10000.0
EMERALDS,196300,10000.0
EMERALDS,196400,10000.0
EMERALDS,196500,10000.0
EMERALDS,196600,10000.0
EMERALDS,196700,10000.0
EMERALDS,196800,10000.0
EMERALDS,196900,10000.0
EMERALDS,197000,10000.0
EMERALDS,197100,10000.0
EMERALDS,197200,10000.0
EMERALDS,197300,10000.0
EMERALDS,197400,10000.0
EMERALDS,197500,10000.0
EMERALDS,197600,10000.0
EMERALDS,197700,10000.0
EMERALDS,197800,10000.0
EMERALDS,197900,10000.0
EMERALDS,198000,10000.0
EMERALDS,198100,10000.0
EMERALDS,198200,10000.0
EMERALDS,198300,10000.0
EMERALDS,198400,10000.0
EMERALDS,198500,10000.0
EMERALDS,198600,10000.0
EMERALDS,198700,10000.0
EMERALDS,198800,10000.0
EMERALDS,198900,10000.0
EMERALDS,199000,10000.0
EMERALDS,199100,10000.0
EMERALDS,199200,10000.0
EMERALDS,199300,10000.0
EMERALDS,199400,10000.0
EMERALDS,199500,10000.0
EMERALDS,199600,10000.0
EMERALDS,199700,10000.0
EMERALDS,199800,10000.0
EMERALDS,199900,10000.0
EMERALDS,200000,9998.0
EMERALDS,200100,10000.0
EMERALDS,200200,10000.0
EMERALDS,200300,10000.0
EMERALDS,200400,10000.0
EMERALDS,200500,10002.0
EMERALDS,200600,10000.0
EMERALDS,200700,10000.0
EMERALDS,200800,10002.0
EMERALDS,200900,10000.0
EMERALDS,201000,10000.0
EMERALDS,201100,9998.0
EMERALDS,201200,10000.0
EMERALDS,201300,10000.0
EMERALDS,201400,10002.0
EMERALDS,201500,10000.0
EMERALDS,201600,10000.0
EMERALDS,201700,10000.0
EMERALDS,201800,10000.0
EMERALDS,201900,10000.0
EMERALDS,202000,10000.0
EMERALDS,202100,10000.0
EMERALDS,202200,10000.0
EMERALDS,202300,10000.0
EMERALDS,202400,10000.0
EMERALDS,202500,10000.0
EMERALDS,202600,10000.0
EMERALDS,202700,10000.0
EMERALDS,202800,10000.0
EMERALDS,202900,10000.0
EMERALDS,203000,10000.0
EMERALDS,203100,10000.0
EMERALDS,203200,10000.0
EMERALDS,203300,10000.0
EMERALDS,203400,10000.0
EMERALDS,203500,10000.0
EMERALDS,203600,10000.0
EMERALDS,203700,10000.0
EMERALDS,203800,10000.0
EMERALDS,203900,10000.0
EMERALDS,204000,10000.0
EMERALDS,204100,10000.0
EMERALDS,204200,10000.0
EMERALDS,204300,10000.0
EMERALDS,204400,10000.0
EMERALDS,204500,10000.0
EMERALDS,204600,10000.0
EMERALDS,204700,10000.0
EMERALDS,204800,10000.0
EMERALDS,204900,10000.0
EMERALDS,205000,10000.0
EMERALDS,205100,10000.0
EMERALDS,205200,10000.0
EMERALDS,205300,10000.0
EMERALDS,205400,10000.0
EMERALDS,205500,10000.0
EMERALDS,205600,10000.0
EMERALDS,205700,10000.0
EMERALDS,205800,10000.0
EMERALDS,205900,10000.0
EMERALDS,206000,10000.0
EMERALDS,206100,10000.0
EMERALDS,206200,10000.0
EMERALDS,206300,10000.0
EMERALDS,206400,10000.0
EMERALDS,206500,10000.0
EMERALDS,206600,10000.0
EMERALDS,206700,10000.0
EMERALDS,206800,10000.0
EMERALDS,206900,10000.0
EMERALDS,207000,10000.0
EMERALDS,207100,10000.0
EMERALDS,207200,10000.0
EMERALDS,207300,10000.0
EMERALDS,207400,10000.0
EMERALDS,207500,10000.0
EMERALDS,207600,10000.0
EMERALDS,207700,10000.0
EMERALDS,207800,10000.0
EMERALDS,207900,10000.0
EMERALDS,208000,9998.0
EMERALDS,208100,10000.0
EMERALDS,208200,10000.0
EMERALDS,208300,10000.0
EMERALDS,208400,10000.0
EMERALDS,208500,10000.0
EMERALDS,208600,10000.0
EMERALDS,208700,10000.0
EMERALDS,208800,10000.0
EMERALDS,208900,10000.0
EMERALDS,209000,10000.0
EMERALDS,209100,10000.0
EMERALDS,209200,10000.0
EMERALDS,209300,9998.0
EMERALDS,209400,10000.0
EMERALDS,209500,10000.0
EMERALDS,209600,10000.0
EMERALDS,209700,10000.0
EMERALDS,209800,10000.0
EMERALDS,209900,9998.0
EMERALDS,210000,10000.0
EMERALDS,210100,10000.0
EMERALDS,210200,10000.0
EMERALDS,210300,10000.0
EMERALDS,210400,10000.0
EMERALDS,210500,10000.0
EMERALDS,210600,10000.0
EMERALDS,210700,10000.0
EMERALDS,210800,10002.0
EMERALDS,210900,9998.0
EMERALDS,211000,10000.0
EMERALDS,211100,10000.0
EMERALDS,211200,10002.0
EMERALDS,211300,10000.0
EMERALDS,211400,10000.0
EMERALDS,211500,10000.0
EMERALDS,211600,10000.0
EMERALDS,211700,10000.0
EMERALDS,211800,10000.0
EMERALDS,211900,10000.0
EMERALDS,212000,10000.0
EMERALDS,212100,9998.0
EMERALDS,212200,10000.0
EMERALDS,212300,10000.0
EMERALDS,212400,10000.0
EMERALDS,212500,10000.0
EMERALDS,212600,10000.0
EMERALDS,212700,10000.0
EMERALDS,212800,10000.0
EMERALDS,212900,10000.0
EMERALDS,213000,10000.0
EMERALDS,213100,10000.0
EMERALDS,213200,10000.0
EMERALDS,213300,10000.0
EMERALDS,213400,10000.0
EMERALDS,213500,10000.0
EMERALDS,213600,10000.0
EMERALDS,213700,10000.0
EMERALDS,213800,10000.0
EMERALDS,213900,10000.0
EMERALDS,214000,9998.0
EMERALDS,214100,10000.0
EMERALDS,214200,10000.0
EMERALDS,214300,10000.0
EMERALDS,214400,10000.0
EMERALDS,214500,10000.0
EMERALDS,214600,10000.0
EMERALDS,214700,10002.0
EMERALDS,214800,10000.0
EMERALDS,214900,10000.0
EMERALDS,215000,10000.0
EMERALDS,215100,10000.0
EMERALDS,215200,10000.0
EMERALDS,215300,10000.0
EMERALDS,215400,10000.0
EMERALDS,215500,10000.0
EMERALDS,215600,10000.0
EMERALDS,215700,10000.0
EMERALDS,215800,10000.0
EMERALDS,215900,10000.0
EMERALDS,216000,10000.0
EMERALDS,216100,10000.0
EMERALDS,216200,10000.0
EMERALDS,216300,10000.0
EMERALDS,216400,10000.0
EMERALDS,216500,10000.0
EMERALDS,216600,10000.0
EMERALDS,216700,10000.0
EMERALDS,216800,10000.0
EMERALDS,216900,10000.0
EMERALDS,217000,10000.0
EMERALDS,217100,10000.0
EMERALDS,217200,10000.0
EMERALDS,217300,10000.0
EMERALDS,217400,10000.0
EMERALDS,217500,9998.0
EMERALDS,217600,10000.0
EMERALDS,217700,10000.0
EMERALDS,217800,10000.0
EMERALDS,217900,10000.0
EMERALDS,218000,10000.0
EMERALDS,218100,10000.0
EMERALDS,218200,10000.0
EMERALDS,218300,10000.0
EMERALDS,218400,10000.0
EMERALDS,218500,10000.0
EMERALDS,218600,10000.0
EMERALDS,218700,10000.0
EMERALDS,218800,10000.0
EMERALDS,218900,10000.0
EMERALDS,219000,10000.0
EMERALDS,219100,9998.0
EMERALDS,219200,10000.0
EMERALDS,219300,10000.0
EMERALDS,219400,10000.0
EMERALDS,219500,10000.0
EMERALDS,219600,10000.0
EMERALDS,219700,10000.0
EMERALDS,219800,10000.0
EMERALDS,219900,9998.0
EMERALDS,220000,10000.0
EMERALDS,220100,10000.0
EMERALDS,220200,10000.0
EMERALDS,220300,10000.0
EMERALDS,220400,10000.0
EMERALDS,220500,10000.0
EMERALDS,220600,10000.0
EMERALDS,220700,10000.0
EMERALDS,220800,9998.0
EMERALDS,220900,10000.0
EMERALDS,221000,10000.0
EMERALDS,221100,10000.0
EMERALDS,221200,10000.0
EMERALDS,221300,10000.0
EMERALDS,221400,10000.0
EMERALDS,221500,10000.0
EMERALDS,221600,10000.0
EMERALDS,221700,10000.0
EMERALDS,221800,10000.0
EMERALDS,221900,10000.0
EMERALDS,222000,10000.0
EMERALDS,222100,10000.0
EMERALDS,222200,10000.0
EMERALDS,222300,10002.0
EMERALDS,222400,10000.0
EMERALDS,222500,10000.0
EMERALDS,222600,10000.0
EMERALDS,222700,10000.0
EMERALDS,222800,10000.0
EMERALDS,222900,10000.0
EMERALDS,223000,10000.0
EMERALDS,223100,10000.0
EMERALDS,223200,10000.0
EMERALDS,223300,10000.0
EMERALDS,223400,10000.0
EMERALDS,223500,10000.0
EMERALDS,223600,10000.0
EMERALDS,223700,10000.0
EMERALDS,223800,10000.0
EMERALDS,223900,10000.0
EMERALDS,224000,10000.0
EMERALDS,224100,10000.0
EMERALDS,224200,10000.0
EMERALDS,224300,10000.0
EMERALDS,224400,10000.0
EMERALDS,224500,10000.0
EMERALDS,224600,10000.0
EMERALDS,224700,10000.0
EMERALDS,224800,10000.0
EMERALDS,224900,10000.0
EMERALDS,225000,10000.0
EMERALDS,225100,10002.0
EMERALDS,225200,10000.0
EMERALDS,225300,10000.0
EMERALDS,225400,10000.0
EMERALDS,225500,10000.0
EMERALDS,225600,10000.0
EMERALDS,225700,10000.0
EMERALDS,225800,10000.0
EMERALDS,225900,10002.0
EMERALDS,226000,10000.0
EMERALDS,226100,10000.0
EMERALDS,226200,10000.0
EMERALDS,226300,10000.0
EMERALDS,226400,10000.0
EMERALDS,226500,10000.0
EMERALDS,226600,10002.0
EMERALDS,226700,10000.0
EMERALDS,226800,9998.0
EMERALDS,226900,10000.0
EMERALDS,227000,10000.0
EMERALDS,227100,10000.0
EMERALDS,227200,10000.0
EMERALDS,227300,10000.0
EMERALDS,227400,10000.0
EMERALDS,227500,10000.0
EMERALDS,227600,10000.0
EMERALDS,227700,10000.0
EMERALDS,227800,10000.0
EMERALDS,227900,10000.0
EMERALDS,228000,10000.0
EMERALDS,228100,10000.0
EMERALDS,228200,10000.0
EMERALDS,228300,10000.0
EMERALDS,228400,10000.0
EMERALDS,228500,10000.0
EMERALDS,228600,10000.0
EMERALDS,228700,10000.0
EMERALDS,228800,10000.0
EMERALDS,228900,10000.0
EMERALDS,229000,10000.0
EMERALDS,229100,10000.0
EMERALDS,229200,10000.0
EMERALDS,229300,10000.0
EMERALDS,229400,10000.0
EMERALDS,229500,10000.0
EMERALDS,229600,10002.0
EMERALDS,229700,10000.0
EMERALDS,229800,10000.0
EMERALDS,229900,10000.0
EMERALDS,230000,10000.0
EMERALDS,230100,10000.0
EMERALDS,230200,10000.0
EMERALDS,230300,10000.0
EMERALDS,230400,10000.0
EMERALDS,230500,10000.0
EMERALDS,230600,10000.0
EMERALDS,230700,10000.0
EMERALDS,230800,10000.0
EMERALDS,230900,10000.0
EMERALDS,231000,10000.0
EMERALDS,231100,10000.0
EMERALDS,231200,10000.0
EMERALDS,231300,10000.0
EMERALDS,231400,10000.0
EMERALDS,231500,10000.0
EMERALDS,231600,10000.0
EMERALDS,231700,10000.0
EMERALDS,231800,10000.0
EMERALDS,231900,10000.0
EMERALDS,232000,10000.0
EMERALDS,232100,10002.0
EMERALDS,232200,10000.0
EMERALDS,232300,10000.0
EMERALDS,232400,10000.0
EMERALDS,232500,10000.0
EMERALDS,232600,10000.0
EMERALDS,232700,10000.0
EMERALDS,232800,10000.0
EMERALDS,232900,10000.0
EMERALDS,233000,10000.0
EMERALDS,233100,10000.0
EMERALDS,233200,10000.0
EMERALDS,233300,10000.0
EMERALDS,233400,10000.0
EMERALDS,233500,10000.0
EMERALDS,233600,10000.0
EMERALDS,233700,10000.0
EMERALDS,233800,10000.0
EMERALDS,233900,10000.0
EMERALDS,234000,10000.0
EMERALDS,234100,10000.0
EMERALDS,234200,10000.0
EMERALDS,234300,10000.0
EMERALDS,234400,10000.0
EMERALDS,234500,10000.0
EMERALDS,234600,10000.0
EMERALDS,234700,10000.0
EMERALDS,234800,10000.0
EMERALDS,234900,10000.0
EMERALDS,235000,10000.0
EMERALDS,235100,10000.0
EMERALDS,235200,10000.0
EMERALDS,235300,10000.0
EMERALDS,235400,10000.0
EMERALDS,235500,10000.0
EMERALDS,235600,10000.0
EMERALDS,235700,9998.0
EMERALDS,235800,10000.0
EMERALDS,235900,10000.0
EMERALDS,236000,10000.0
EMERALDS,236100,10000.0
EMERALDS,236200,10000.0
EMERALDS,236300,10000.0
EMERALDS,236400,10000.0
EMERALDS,236500,10000.0
EMERALDS,236600,10000.0
EMERALDS,236700,10000.0
EMERALDS,236800,10000.0
EMERALDS,236900,10000.0
EMERALDS,237000,10000.0
EMERALDS,237100,10000.0
EMERALDS,237200,10000.0
EMERALDS,237300,10000.0
EMERALDS,237400,10000.0
EMERALDS,237500,10002.0
EMERALDS,237600,10000.0
EMERALDS,237700,10000.0
EMERALDS,237800,10000.0
EMERALDS,237900,10000.0
EMERALDS,238000,10000.0
EMERALDS,238100,10000.0
EMERALDS,238200,10002.0
EMERALDS,238300,10000.0
EMERALDS,238400,10000.0
EMERALDS,238500,10000.0
EMERALDS,238600,9998.0
EMERALDS,238700,10000.0
EMERALDS,238800,10000.0
EMERALDS,238900,10000.0
EMERALDS,239000,10000.0
EMERALDS,239100,10000.0
EMERALDS,239200,10000.0
EMERALDS,239300,10000.0
EMERALDS,239400,10000.0
EMERALDS,239500,10000.0
EMERALDS,239600,10000.0
EMERALDS,239700,10000.0
EMERALDS,239800,10000.0
EMERALDS,239900,10000.0
EMERALDS,240000,10000.0
EMERALDS,240100,10000.0
EMERALDS,240200,10000.0
EMERALDS,240300,10000.0
EMERALDS,240400,10000.0
EMERALDS,240500,9998.0
EMERALDS,240600,10000.0
EMERALDS,240700,10000.0
EMERALDS,240800,10000.0
EMERALDS,240900,10000.0
EMERALDS,241000,10000.0
EMERALDS,241100,10000.0
EMERALDS,241200,10000.0
EMERALDS,241300,10000.0
EMERALDS,241400,10000.0
EMERALDS,241500,10000.0
EMERALDS,241600,10000.0
EMERALDS,241700,10000.0
EMERALDS,241800,10000.0
EMERALDS,241900,10000.0
EMERALDS,242000,10000.0
EMERALDS,242100,10000.0
EMERALDS,242200,9998.0
EMERALDS,242300,10000.0
EMERALDS,242400,10000.0
EMERALDS,242500,9998.0
EMERALDS,242600,9998.0
EMERALDS,242700,10000.0
EMERALDS,242800,10000.0
EMERALDS,242900,10000.0
EMERALDS,243000,10000.0
EMERALDS,243100,10000.0
EMERALDS,243200,10000.0
EMERALDS,243300,10000.0
EMERALDS,243400,10000.0
EMERALDS,243500,9998.0
EMERALDS,243600,10000.0
EMERALDS,243700,10000.0
EMERALDS,243800,10000.0
EMERALDS,243900,10000.0
EMERALDS,244000,10000.0
EMERALDS,244100,10000.0
EMERALDS,244200,10000.0
EMERALDS,244300,10000.0
EMERALDS,244400,10000.0
EMERALDS,244500,10000.0
EMERALDS,244600,10000.0
EMERALDS,244700,10000.0
EMERALDS,244800,10000.0
EMERALDS,244900,10000.0
EMERALDS,245000,10000.0
EMERALDS,245100,9998.0
EMERALDS,245200,10000.0
EMERALDS,245300,10000.0
EMERALDS,245400,10000.0
EMERALDS,245500,10000.0
EMERALDS,245600,10000.0
EMERALDS,245700,10000.0
EMERALDS,245800,10000.0
EMERALDS,245900,10000.0
EMERALDS,246000,10000.0
EMERALDS,246100,10000.0
EMERALDS,246200,10000.0
EMERALDS,246300,10000.0
EMERALDS,246400,10000.0
EMERALDS,246500,10000.0
EMERALDS,246600,10000.0
EMERALDS,246700,10000.0
EMERALDS,246800,10000.0
EMERALDS,246900,10000.0
EMERALDS,247000,10000.0
EMERALDS,247100,10000.0
EMERALDS,247200,10000.0
EMERALDS,247300,10000.0
EMERALDS,247400,10000.0
EMERALDS,247500,10002.0
EMERALDS,247600,10000.0
EMERALDS,247700,10000.0
EMERALDS,247800,10000.0
EMERALDS,247900,10000.0
EMERALDS,248000,10000.0
EMERALDS,248100,10000.0
EMERALDS,248200,10000.0
EMERALDS,248300,10000.0
EMERALDS,248400,10000.0
EMERALDS,248500,10000.0
EMERALDS,248600,10000.0
EMERALDS,248700,10000.0
EMERALDS,248800,10000.0
EMERALDS,248900,10000.0
EMERALDS,249000,10000.0
EMERALDS,249100,10000.0
EMERALDS,249200,10000.0
EMERALDS,249300,10000.0
EMERALDS,249400,10000.0
EMERALDS,249500,10000.0
EMERALDS,249600,10000.0
EMERALDS,249700,10000.0
EMERALDS,249800,10000.0
EMERALDS,249900,10002.0
EMERALDS,250000,10000.0
EMERALDS,250100,10000.0
EMERALDS,250200,10000.0
EMERALDS,250300,10000.0
EMERALDS,250400,10000.0
EMERALDS,250500,10000.0
EMERALDS,250600,10000.0
EMERALDS,250700,10000.0
EMERALDS,250800,10000.0
EMERALDS,250900,10000.0
EMERALDS,251000,10000.0
EMERALDS,251100,10000.0
EMERALDS,251200,10000.0
EMERALDS,251300,9998.0
EMERALDS,251400,10000.0
EMERALDS,251500,10000.0
EMERALDS,251600,10000.0
EMERALDS,251700,10000.0
EMERALDS,251800,10000.0
EMERALDS,251900,10000.0
EMERALDS,252000,10000.0
EMERALDS,252100,10000.0
EMERALDS,252200,10000.0
EMERALDS,252300,10000.0
EMERALDS,252400,10000.0
EMERALDS,252500,10000.0
EMERALDS,252600,10000.0
EMERALDS,252700,10000.0
EMERALDS,252800,10000.0
EMERALDS,252900,10000.0
EMERALDS,253000,10000.0
EMERALDS,253100,10000.0
EMERALDS,253200,10000.0
EMERALDS,253300,10000.0
EMERALDS,253400,10000.0
EMERALDS,253500,10000.0
EMERALDS,253600,10000.0
EMERALDS,253700,10000.0
EMERALDS,253800,10000.0
EMERALDS,253900,10000.0
EMERALDS,254000,10000.0
EMERALDS,254100,10000.0
EMERALDS,254200,10000.0
EMERALDS,254300,10000.0
EMERALDS,254400,10000.0
EMERALDS,254500,10000.0
EMERALDS,254600,10000.0
EMERALDS,254700,10000.0
EMERALDS,254800,10000.0
EMERALDS,254900,10000.0
EMERALDS,255000,10000.0
EMERALDS,255100,10000.0
EMERALDS,255200,10000.0
EMERALDS,255300,10000.0
EMERALDS,255400,10000.0
EMERALDS,255500,10000.0
EMERALDS,255600,10000.0
EMERALDS,255700,10000.0
EMERALDS,255800,10000.0
EMERALDS,255900,10000.0
EMERALDS,256000,10000.0
EMERALDS,256100,10000.0
EMERALDS,256200,10000.0
EMERALDS,256300,10000.0
EMERALDS,256400,10000.0
EMERALDS,256500,10000.0
EMERALDS,256600,10000.0
EMERALDS,256700,10000.0
EMERALDS,256800,10000.0
EMERALDS,256900,10000.0
EMERALDS,257000,10000.0
EMERALDS,257100,10000.0
EMERALDS,257200,10000.0
EMERALDS,257300,10000.0
EMERALDS,257400,10000.0
EMERALDS,257500,10000.0
EMERALDS,257600,10000.0
EMERALDS,257700,10000.0
EMERALDS,257800,10000.0
EMERALDS,257900,10000.0
EMERALDS,258000,10000.0
EMERALDS,258100,10000.0
EMERALDS,258200,10000.0
EMERALDS,258300,10000.0
EMERALDS,258400,10000.0
EMERALDS,258500,10000.0
EMERALDS,258600,10000.0
EMERALDS,258700,10000.0
EMERALDS,258800,10000.0
EMERALDS,258900,10000.0
EMERALDS,259000,10000.0
EMERALDS,259100,10000.0
EMERALDS,259200,10000.0
EMERALDS,259300,10000.0
EMERALDS,259400,10000.0
EMERALDS,259500,10000.0
EMERALDS,259600,10000.0
EMERALDS,259700,10000.0
EMERALDS,259800,10000.0
EMERALDS,259900,10000.0
EMERALDS,260000,10000.0
EMERALDS,260100,10000.0
EMERALDS,260200,10000.0
EMERALDS,260300,10000.0
EMERALDS,260400,10000.0
EMERALDS,260500,10000.0
EMERALDS,260600,10000.0
EMERALDS,260700,10000.0
EMERALDS,260800,10000.0
EMERALDS,260900,10000.0
EMERALDS,261000,10000.0
EMERALDS,261100,10000.0
EMERALDS,261200,10000.0
EMERALDS,261300,10000.0
EMERALDS,261400,10000.0
EMERALDS,261500,10000.0
EMERALDS,261600,10000.0
EMERALDS,261700,10000.0
EMERALDS,261800,10000.0
EMERALDS,261900,10000.0
EMERALDS,262000,10000.0
EMERALDS,262100,10000.0
EMERALDS,262200,10000.0
EMERALDS,262300,10000.0
EMERALDS,262400,10000.0
EMERALDS,262500,10000.0
EMERALDS,262600,10000.0
EMERALDS,262700,10000.0
EMERALDS,262800,10000.0
EMERALDS,262900,10000.0
EMERALDS,263000,10000.0
EMERALDS,263100,10000.0
EMERALDS,263200,10000.0
EMERALDS,263300,10000.0
EMERALDS,263400,10000.0
EMERALDS,263500,10000.0
EMERALDS,263600,10000.0
EMERALDS,263700,10000.0
EMERALDS,263800,10000.0
EMERALDS,263900,10000.0
EMERALDS,264000,10000.0
EMERALDS,264100,10000.0
EMERALDS,264200,10000.0
EMERALDS,264300,10000.0
EMERALDS,264400,10000.0
EMERALDS,264500,10000.0
EMERALDS,264600,10000.0
EMERALDS,264700,10000.0
EMERALDS,264800,10000.0
EMERALDS,264900,10000.0
EMERALDS,265000,10000.0
EMERALDS,265100,10000.0
EMERALDS,265200,10000.0
EMERALDS,265300,10000.0
EMERALDS,265400,10000.0
EMERALDS,265500,10000.0
EMERALDS,265600,10000.0
EMERALDS,265700,10000.0
EMERALDS,265800,10000.0
EMERALDS,265900,10000.0
EMERALDS,266000,10000.0
EMERALDS,266100,10000.0
EMERALDS,266200,10000.0
EMERALDS,266300,10000.0
EMERALDS,266400,10000.0
EMERALDS,266500,10000.0
EMERALDS,266600,10000.0
EMERALDS,266700,10000.0
EMERALDS,266800,10000.0
EMERALDS,266900,10000.0
EMERALDS,267000,10000.0
EMERALDS,267100,10000.0
EMERALDS,267200,10000.0
EMERALDS,267300,10000.0
EMERALDS,267400,10000.0
EMERALDS,267500,10000.0
EMERALDS,267600,10000.0
EMERALDS,267700,10000.0
EMERALDS,267800,10000.0
EMERALDS,267900,9998.0
EMERALDS,268000,10000.0
EMERALDS,268100,9998.0
EMERALDS,268200,10000.0
EMERALDS,268300,10000.0
EMERALDS,268400,10000.0
EMERALDS,268500,10000.0
EMERALDS,268600,10000.0
EMERALDS,268700,10000.0
EMERALDS,268800,10000.0
EMERALDS,268900,10000.0
EMERALDS,269000,10000.0
EMERALDS,269100,10000.0
EMERALDS,269200,10000.0
EMERALDS,269300,10000.0
EMERALDS,269400,10000.0
EMERALDS,269500,10000.0
EMERALDS,269600,10000.0
EMERALDS,269700,10000.0
EMERALDS,269800,10000.0
EMERALDS,269900,10000.0
EMERALDS,270000,10000.0
EMERALDS,270100,10000.0
EMERALDS,270200,10000.0
EMERALDS,270300,10000.0
EMERALDS,270400,10000.0
EMERALDS,270500,10000.0
EMERALDS,270600,10000.0
EMERALDS,270700,10000.0
EMERALDS,270800,10000.0
EMERALDS,270900,10000.0
EMERALDS,271000,10000.0
EMERALDS,271100,10000.0
EMERALDS,271200,10000.0
EMERALDS,271300,10000.0
EMERALDS,271400,10000.0
EMERALDS,271500,10000.0
EMERALDS,271600,10000.0
EMERALDS,271700,10000.0
EMERALDS,271800,10002.0
EMERALDS,271900,10000.0
EMERALDS,272000,10000.0
EMERALDS,272100,10002.0
EMERALDS,272200,10002.0
EMERALDS,272300,10000.0
EMERALDS,272400,10000.0
EMERALDS,272500,10000.0
EMERALDS,272600,10000.0
EMERALDS,272700,10000.0
EMERALDS,272800,10000.0
EMERALDS,272900,10000.0
EMERALDS,273000,10000.0
EMERALDS,273100,10000.0
EMERALDS,273200,10000.0
EMERALDS,273300,10000.0
EMERALDS,273400,10000.0
EMERALDS,273500,10000.0
EMERALDS,273600,10000.0
EMERALDS,273700,10000.0
EMERALDS,273800,10000.0
EMERALDS,273900,10000.0
EMERALDS,274000,10000.0
EMERALDS,274100,10000.0
EMERALDS,274200,10000.0
EMERALDS,274300,10002.0
EMERALDS,274400,10000.0
EMERALDS,274500,10000.0
EMERALDS,274600,10000.0
EMERALDS,274700,10000.0
EMERALDS,274800,9998.0
EMERALDS,274900,10000.0
EMERALDS,275000,10000.0
EMERALDS,275100,10000.0
EMERALDS,275200,10000.0
EMERALDS,275300,10000.0
EMERALDS,275400,10000.0
EMERALDS,275500,10000.0
EMERALDS,275600,10000.0
EMERALDS,275700,10000.0
EMERALDS,275800,10000.0
EMERALDS,275900,10000.0
EMERALDS,276000,10000.0
EMERALDS,276100,10000.0
EMERALDS,276200,10000.0
EMERALDS,276300,10000.0
EMERALDS,276400,10000.0
EMERALDS,276500,10000.0
EMERALDS,276600,10000.0
EMERALDS,276700,10000.0
EMERALDS,276800,10000.0
EMERALDS,276900,10000.0
EMERALDS,277000,10000.0
EMERALDS,277100,10000.0
EMERALDS,277200,10000.0
EMERALDS,277300,10000.0
EMERALDS,277400,10000.0
EMERALDS,277500,10000.0
EMERALDS,277600,10000.0
EMERALDS,277700,10002.0
EMERALDS,277800,10000.0
EMERALDS,277900,10000.0
EMERALDS,278000,10000.0
EMERALDS,278100,10000.0
EMERALDS,278200,10000.0
EMERALDS,278300,10000.0
EMERALDS,278400,10000.0
EMERALDS,278500,10000.0
EMERALDS,278600,10000.0
EMERALDS,278700,10000.0
EMERALDS,278800,9998.0
EMERALDS,278900,10000.0
EMERALDS,279000,10000.0
EMERALDS,279100,10000.0
EMERALDS,279200,10000.0
EMERALDS,279300,10000.0
EMERALDS,279400,10000.0
EMERALDS,279500,9998.0
EMERALDS,279600,10000.0
EMERALDS,279700,10000.0
EMERALDS,279800,10000.0
EMERALDS,279900,10000.0
EMERALDS,280000,10000.0
EMERALDS,280100,9998.0
EMERALDS,280200,10000.0
EMERALDS,280300,10000.0
EMERALDS,280400,9998.0
EMERALDS,280500,9998.0
EMERALDS,280600,10000.0
EMERALDS,280700,10000.0
EMERALDS,280800,10000.0
EMERALDS,280900,10000.0
EMERALDS,281000,10000.0
EMERALDS,281100,10000.0
EMERALDS,281200,10000.0
EMERALDS,281300,10000.0
EMERALDS,281400,10000.0
EMERALDS,281500,10000.0
EMERALDS,281600,10000.0
EMERALDS,281700,9998.0
EMERALDS,281800,10000.0
EMERALDS,281900,10000.0
EMERALDS,282000,10000.0
EMERALDS,282100,10000.0
EMERALDS,282200,10000.0
EMERALDS,282300,10000.0
EMERALDS,282400,10000.0
EMERALDS,282500,10000.0
EMERALDS,282600,10000.0
EMERALDS,282700,10000.0
EMERALDS,282800,10000.0
EMERALDS,282900,10000.0
EMERALDS,283000,10000.0
EMERALDS,283100,10000.0
EMERALDS,283200,10000.0
EMERALDS,283300,10000.0
EMERALDS,283400,10000.0
EMERALDS,283500,10000.0
EMERALDS,283600,10000.0
EMERALDS,283700,10000.0
EMERALDS,283800,10000.0
EMERALDS,283900,10000.0
EMERALDS,284000,10000.0
EMERALDS,284100,9998.0
EMERALDS,284200,10000.0
EMERALDS,284300,10000.0
EMERALDS,284400,10002.0
EMERALDS,284500,10000.0
EMERALDS,284600,10000.0
EMERALDS,284700,10000.0
EMERALDS,284800,10000.0
EMERALDS,284900,10000.0
EMERALDS,285000,10000.0
EMERALDS,285100,10000.0
EMERALDS,285200,10002.0
EMERALDS,285300,10000.0
EMERALDS,285400,10000.0
EMERALDS,285500,10000.0
EMERALDS,285600,10000.0
EMERALDS,285700,10000.0
EMERALDS,285800,10000.0
EMERALDS,285900,10000.0
EMERALDS,286000,10000.0
EMERALDS,286100,10000.0
EMERALDS,286200,10000.0
EMERALDS,286300,10000.0
EMERALDS,286400,10000.0
EMERALDS,286500,10000.0
EMERALDS,286600,10000.0
EMERALDS,286700,10000.0
EMERALDS,286800,10000.0
EMERALDS,286900,10000.0
EMERALDS,287000,10000.0
EMERALDS,287100,10000.0
EMERALDS,287200,10000.0
EMERALDS,287300,10000.0
EMERALDS,287400,10000.0
EMERALDS,287500,10000.0
EMERALDS,287600,10000.0
EMERALDS,287700,10000.0
EMERALDS,287800,10000.0
EMERALDS,287900,10000.0
EMERALDS,288000,10000.0
EMERALDS,288100,10000.0
EMERALDS,288200,10000.0
EMERALDS,288300,10000.0
EMERALDS,288400,10000.0
EMERALDS,288500,10002.0
EMERALDS,288600,10000.0
EMERALDS,288700,10000.0
EMERALDS,288800,10000.0
EMERALDS,288900,10000.0
EMERALDS,289000,10000.0
EMERALDS,289100,10000.0
EMERALDS,289200,10000.0
EMERALDS,289300,10000.0
EMERALDS,289400,10000.0
EMERALDS,289500,9998.0
EMERALDS,289600,10000.0
EMERALDS,289700,10000.0
EMERALDS,289800,10000.0
EMERALDS,289900,10000.0
EMERALDS,290000,10000.0
EMERALDS,290100,10000.0
EMERALDS,290200,10000.0
EMERALDS,290300,10000.0
EMERALDS,290400,10000.0
EMERALDS,290500,10000.0
EMERALDS,290600,10000.0
EMERALDS,290700,10000.0
EMERALDS,290800,10000.0
EMERALDS,290900,10000.0
EMERALDS,291000,10000.0
EMERALDS,291100,10000.0
EMERALDS,291200,10000.0
EMERALDS,291300,10000.0
EMERALDS,291400,10000.0
EMERALDS,291500,10000.0
EMERALDS,291600,10000.0
EMERALDS,291700,10000.0
EMERALDS,291800,10000.0
EMERALDS,291900,10000.0
EMERALDS,292000,10000.0
EMERALDS,292100,10000.0
EMERALDS,292200,10000.0
EMERALDS,292300,10002.0
EMERALDS,292400,10000.0
EMERALDS,292500,10000.0
EMERALDS,292600,10002.0
EMERALDS,292700,10000.0
EMERALDS,292800,10000.0
EMERALDS,292900,10000.0
EMERALDS,293000,10000.0
EMERALDS,293100,10000.0
EMERALDS,293200,10000.0
EMERALDS,293300,10000.0
EMERALDS,293400,10000.0
EMERALDS,293500,10000.0
EMERALDS,293600,10000.0
EMERALDS,293700,10000.0
EMERALDS,293800,10000.0
EMERALDS,293900,9998.0
EMERALDS,294000,10000.0
EMERALDS,294100,10002.0
EMERALDS,294200,10000.0
EMERALDS,294300,10000.0
EMERALDS,294400,10000.0
EMERALDS,294500,10000.0
EMERALDS,294600,10000.0
EMERALDS,294700,9998.0
EMERALDS,294800,10000.0
EMERALDS,294900,10000.0
EMERALDS,295000,10002.0
EMERALDS,295100,10000.0
EMERALDS,295200,10002.0
EMERALDS,295300,10000.0
EMERALDS,295400,10000.0
EMERALDS,295500,10000.0
EMERALDS,295600,10000.0
EMERALDS,295700,10000.0
EMERALDS,295800,10000.0
EMERALDS,295900,10000.0
EMERALDS,296000,10000.0
EMERALDS,296100,10000.0
EMERALDS,296200,10000.0
EMERALDS,296300,10000.0
EMERALDS,296400,10000.0
EMERALDS,296500,10000.0
EMERALDS,296600,10000.0
EMERALDS,296700,10000.0
EMERALDS,296800,10000.0
EMERALDS,296900,10000.0
EMERALDS,297000,9998.0
EMERALDS,297100,10000.0
EMERALDS,297200,10000.0
EMERALDS,297300,10000.0
EMERALDS,297400,10000.0
EMERALDS,297500,10000.0
EMERALDS,297600,10000.0
EMERALDS,297700,10000.0
EMERALDS,297800,10000.0
EMERALDS,297900,10000.0
EMERALDS,298000,10000.0
EMERALDS,298100,10000.0
EMERALDS,298200,10000.0
EMERALDS,298300,10000.0
EMERALDS,298400,10000.0
EMERALDS,298500,10000.0
EMERALDS,298600,10000.0
EMERALDS,298700,10000.0
EMERALDS,298800,10000.0
EMERALDS,298900,10000.0
EMERALDS,299000,10000.0
EMERALDS,299100,10000.0
EMERALDS,299200,10000.0
EMERALDS,299300,10000.0
EMERALDS,299400,9998.0
EMERALDS,299500,10002.0
EMERALDS,299600,10000.0
EMERALDS,299700,10000.0
EMERALDS,299800,10000.0
EMERALDS,299900,10000.0
EMERALDS,300000,10000.0
EMERALDS,300100,10000.0
EMERALDS,300200,10000.0
EMERALDS,300300,10000.0
EMERALDS,300400,10000.0
EMERALDS,300500,10000.0
EMERALDS,300600,10000.0
EMERALDS,300700,10000.0
EMERALDS,300800,10000.0
EMERALDS,300900,10000.0
EMERALDS,301000,10000.0
EMERALDS,301100,10000.0
EMERALDS,301200,10000.0
EMERALDS,301300,10000.0
EMERALDS,301400,10000.0
EMERALDS,301500,10000.0
EMERALDS,301600,10000.0
EMERALDS,301700,9998.0
EMERALDS,301800,10000.0
EMERALDS,301900,10000.0
EMERALDS,302000,9998.0
EMERALDS,302100,10000.0
EMERALDS,302200,10000.0
EMERALDS,302300,10000.0
EMERALDS,302400,10000.0
EMERALDS,302500,10000.0
EMERALDS,302600,10000.0
EMERALDS,302700,10000.0
EMERALDS,302800,10000.0
EMERALDS,302900,10000.0
EMERALDS,303000,10000.0
EMERALDS,303100,10000.0
EMERALDS,303200,10000.0
EMERALDS,303300,10000.0
EMERALDS,303400,10000.0
EMERALDS,303500,10000.0
EMERALDS,303600,10000.0
EMERALDS,303700,10000.0
EMERALDS,303800,10000.0
EMERALDS,303900,10000.0
EMERALDS,304000,10000.0
EMERALDS,304100,10000.0
EMERALDS,304200,10000.0
EMERALDS,304300,10000.0
EMERALDS,304400,10000.0
EMERALDS,304500,10000.0
EMERALDS,304600,10000.0
EMERALDS,304700,10000.0
EMERALDS,304800,10000.0
EMERALDS,304900,10000.0
EMERALDS,305000,10000.0
EMERALDS,305100,10000.0
EMERALDS,305200,10000.0
EMERALDS,305300,10000.0
EMERALDS,305400,10000.0
EMERALDS,305500,10000.0
EMERALDS,305600,10002.0
EMERALDS,305700,10000.0
EMERALDS,305800,10000.0
EMERALDS,305900,9998.0
EMERALDS,306000,10000.0
EMERALDS,306100,9998.0
EMERALDS,306200,10000.0
EMERALDS,306300,10000.0
EMERALDS,306400,10000.0
EMERALDS,306500,10000.0
EMERALDS,306600,9998.0
EMERALDS,306700,10000.0
EMERALDS,306800,10000.0
EMERALDS,306900,10000.0
EMERALDS,307000,10000.0
EMERALDS,307100,10000.0
EMERALDS,307200,10000.0
EMERALDS,307300,10000.0
EMERALDS,307400,10000.0
EMERALDS,307500,10000.0
EMERALDS,307600,10000.0
EMERALDS,307700,10000.0
EMERALDS,307800,10000.0
EMERALDS,307900,10000.0
EMERALDS,308000,10000.0
EMERALDS,308100,10000.0
EMERALDS,308200,10000.0
EMERALDS,308300,10000.0
EMERALDS,308400,10000.0
EMERALDS,308500,10000.0
EMERALDS,308600,10000.0
EMERALDS,308700,10000.0
EMERALDS,308800,10000.0
EMERALDS,308900,10002.0
EMERALDS,309000,10000.0
EMERALDS,309100,10000.0
EMERALDS,309200,10000.0
EMERALDS,309300,10000.0
EMERALDS,309400,10000.0
EMERALDS,309500,10000.0
EMERALDS,309600,10000.0
EMERALDS,309700,10000.0
EMERALDS,309800,10000.0
EMERALDS,309900,10000.0
EMERALDS,310000,10000.0
EMERALDS,310100,10000.0
EMERALDS,310200,10000.0
EMERALDS,310300,10000.0
EMERALDS,310400,10000.0
EMERALDS,310500,10000.0
EMERALDS,310600,9998.0
EMERALDS,310700,10000.0
EMERALDS,310800,10000.0
EMERALDS,310900,10002.0
EMERALDS,311000,10000.0
EMERALDS,311100,10002.0
EMERALDS,311200,10000.0
EMERALDS,311300,10000.0
EMERALDS,311400,10000.0
EMERALDS,311500,10000.0
EMERALDS,311600,10000.0
EMERALDS,311700,10000.0
EMERALDS,311800,10000.0
EMERALDS,311900,10000.0
EMERALDS,312000,10000.0
EMERALDS,312100,10000.0
EMERALDS,312200,10002.0
EMERALDS,312300,10000.0
EMERALDS,312400,10000.0
EMERALDS,312500,10000.0
EMERALDS,312600,10000.0
EMERALDS,312700,10000.0
EMERALDS,312800,10000.0
EMERALDS,312900,10000.0
EMERALDS,313000,10000.0
EMERALDS,313100,10000.0
EMERALDS,313200,10000.0
EMERALDS,313300,10000.0
EMERALDS,313400,10000.0
EMERALDS,313500,10000.0
EMERALDS,313600,10000.0
EMERALDS,313700,10000.0
EMERALDS,313800,10000.0
EMERALDS,313900,10000.0
EMERALDS,314000,10000.0
EMERALDS,314100,10000.0
EMERALDS,314200,10000.0
EMERALDS,314300,10000.0
EMERALDS,314400,10000.0
EMERALDS,314500,10000.0
EMERALDS,314600,10000.0
EMERALDS,314700,10000.0
EMERALDS,314800,10002.0
EMERALDS,314900,10000.0
EMERALDS,315000,10000.0
EMERALDS,315100,10000.0
EMERALDS,315200,10000.0
EMERALDS,315300,10000.0
EMERALDS,315400,10000.0
EMERALDS,315500,10000.0
EMERALDS,315600,10000.0
EMERALDS,315700,10000.0
EMERALDS,315800,10000.0
EMERALDS,315900,10000.0
EMERALDS,316000,10000.0
EMERALDS,316100,10000.0
EMERALDS,316200,10000.0
EMERALDS,316300,10000.0
EMERALDS,316400,10000.0
EMERALDS,316500,10000.0
EMERALDS,316600,10000.0
EMERALDS,316700,10000.0
EMERALDS,316800,10000.0
EMERALDS,316900,10000.0
EMERALDS,317000,10000.0
EMERALDS,317100,10000.0
EMERALDS,317200,10000.0
EMERALDS,317300,10000.0
EMERALDS,317400,10000.0
EMERALDS,317500,10000.0
EMERALDS,317600,10000.0
EMERALDS,317700,10000.0
EMERALDS,317800,10000.0
EMERALDS,317900,10000.0
EMERALDS,318000,10000.0
EMERALDS,318100,10000.0
EMERALDS,318200,10000.0
EMERALDS,318300,10000.0
EMERALDS,318400,10000.0
EMERALDS,318500,10000.0
EMERALDS,318600,10000.0
EMERALDS,318700,10000.0
EMERALDS,318800,10000.0
EMERALDS,318900,10000.0
EMERALDS,319000,10000.0
EMERALDS,319100,10000.0
EMERALDS,319200,10000.0
EMERALDS,319300,10000.0
EMERALDS,319400,10000.0
EMERALDS,319500,10000.0
EMERALDS,319600,10000.0
EMERALDS,319700,10000.0
EMERALDS,319800,10000.0
EMERALDS,319900,10000.0
EMERALDS,320000,10000.0
EMERALDS,320100,9998.0
EMERALDS,320200,10000.0
EMERALDS,320300,10000.0
EMERALDS,320400,9998.0
EMERALDS,320500,10000.0
EMERALDS,320600,9998.0
EMERALDS,320700,10000.0
EMERALDS,320800,10000.0
EMERALDS,320900,10000.0
EMERALDS,321000,10000.0
EMERALDS,321100,10000.0
EMERALDS,321200,10000.0
EMERALDS,321300,10000.0
EMERALDS,321400,10000.0
EMERALDS,321500,10000.0
EMERALDS,321600,10000.0
EMERALDS,321700,10000.0
EMERALDS,321800,10000.0
EMERALDS,321900,10000.0
EMERALDS,322000,10000.0
EMERALDS,322100,10000.0
EMERALDS,322200,10000.0
EMERALDS,322300,10000.0
EMERALDS,322400,10000.0
EMERALDS,322500,10000.0
EMERALDS,322600,10000.0
EMERALDS,322700,10000.0
EMERALDS,322800,10000.0
EMERALDS,322900,10000.0
EMERALDS,323000,10000.0
EMERALDS,323100,10000.0
EMERALDS,323200,10000.0
EMERALDS,323300,10000.0
EMERALDS,323400,10000.0
EMERALDS,323500,10000.0
EMERALDS,323600,10000.0
EMERALDS,323700,10000.0
EMERALDS,323800,10000.0
EMERALDS,323900,10000.0
EMERALDS,324000,10000.0
EMERALDS,324100,10000.0
EMERALDS,324200,10000.0
EMERALDS,324300,9998.0
EMERALDS,324400,10000.0
EMERALDS,324500,10000.0
EMERALDS,324600,10000.0
EMERALDS,324700,10000.0
EMERALDS,324800,10000.0
EMERALDS,324900,10000.0
EMERALDS,325000,10000.0
EMERALDS,325100,10000.0
EMERALDS,325200,10000.0
EMERALDS,325300,10002.0
EMERALDS,325400,10000.0
EMERALDS,325500,10002.0
EMERALDS,325600,10000.0
EMERALDS,325700,10000.0
EMERALDS,325800,10000.0
EMERALDS,325900,10000.0
EMERALDS,326000,10000.0
EMERALDS,326100,10000.0
EMERALDS,326200,10000.0
EMERALDS,326300,10000.0
EMERALDS,326400,10000.0
EMERALDS,326500,10000.0
EMERALDS,326600,10000.0
EMERALDS,326700,10000.0
EMERALDS,326800,10002.0
EMERALDS,326900,10000.0
EMERALDS,327000,10000.0
EMERALDS,327100,10000.0
EMERALDS,327200,10000.0
EMERALDS,327300,10000.0
EMERALDS,327400,10000.0
EMERALDS,327500,10000.0
EMERALDS,327600,10000.0
EMERALDS,327700,10000.0
EMERALDS,327800,10000.0
EMERALDS,327900,10000.0
EMERALDS,328000,10000.0
EMERALDS,328100,10000.0
EMERALDS,328200,10000.0
EMERALDS,328300,10000.0
EMERALDS,328400,10000.0
EMERALDS,328500,10000.0
EMERALDS,328600,10000.0
EMERALDS,328700,10000.0
EMERALDS,328800,10000.0
EMERALDS,328900,10000.0
EMERALDS,329000,10000.0
EMERALDS,329100,10000.0
EMERALDS,329200,10000.0
EMERALDS,329300,10000.0
EMERALDS,329400,10000.0
EMERALDS,329500,10000.0
EMERALDS,329600,10000.0
EMERALDS,329700,10000.0
EMERALDS,329800,10000.0
EMERALDS,329900,10000.0
EMERALDS,330000,10000.0
EMERALDS,330100,10000.0
EMERALDS,330200,10000.0
EMERALDS,330300,9998.0
EMERALDS,330400,10000.0
EMERALDS,330500,10000.0
EMERALDS,330600,10000.0
EMERALDS,330700,10000.0
EMERALDS,330800,10000.0
EMERALDS,330900,10000.0
EMERALDS,331000,10000.0
EMERALDS,331100,10000.0
EMERALDS,331200,10000.0
EMERALDS,331300,10000.0
EMERALDS,331400,10000.0
EMERALDS,331500,10000.0
EMERALDS,331600,10000.0
EMERALDS,331700,10000.0
EMERALDS,331800,10000.0
EMERALDS,331900,10000.0
EMERALDS,332000,10000.0
EMERALDS,332100,10000.0
EMERALDS,332200,10000.0
EMERALDS,332300,10000.0
EMERALDS,332400,10000.0
EMERALDS,332500,10000.0
EMERALDS,332600,10000.0
EMERALDS,332700,10000.0
EMERALDS,332800,10000.0
EMERALDS,332900,10000.0
EMERALDS,333000,10000.0
EMERALDS,333100,10000.0
EMERALDS,333200,10000.0
EMERALDS,333300,10000.0
EMERALDS,333400,10000.0
EMERALDS,333500,9998.0
EMERALDS,333600,10000.0
EMERALDS,333700,10000.0
EMERALDS,333800,10000.0
EMERALDS,333900,9998.0
EMERALDS,334000,10000.0
EMERALDS,334100,10000.0
EMERALDS,334200,10000.0
EMERALDS,334300,10000.0
EMERALDS,334400,10000.0
EMERALDS,334500,10000.0
EMERALDS,334600,10000.0
EMERALDS,334700,10000.0
EMERALDS,334800,10000.0
EMERALDS,334900,10000.0
EMERALDS,335000,10000.0
EMERALDS,335100,10000.0
EMERALDS,335200,10000.0
EMERALDS,335300,10000.0
EMERALDS,335400,10000.0
EMERALDS,335500,10002.0
EMERALDS,335600,10000.0
EMERALDS,335700,10000.0
EMERALDS,335800,10000.0
EMERALDS,335900,10000.0
EMERALDS,336000,10000.0
EMERALDS,336100,10000.0
EMERALDS,336200,10000.0
EMERALDS,336300,10000.0
EMERALDS,336400,10000.0
EMERALDS,336500,10000.0
EMERALDS,336600,10000.0
EMERALDS,336700,10000.0
EMERALDS,336800,10000.0
EMERALDS,336900,10000.0
EMERALDS,337000,10000.0
EMERALDS,337100,10000.0
EMERALDS,337200,10000.0
EMERALDS,337300,10000.0
EMERALDS,337400,9998.0
EMERALDS,337500,10000.0
EMERALDS,337600,10000.0
EMERALDS,337700,10000.0
EMERALDS,337800,10000.0
EMERALDS,337900,10000.0
EMERALDS,338000,10000.0
EMERALDS,338100,10002.0
EMERALDS,338200,10000.0
EMERALDS,338300,10000.0
EMERALDS,338400,10000.0
EMERALDS,338500,10000.0
EMERALDS,338600,10000.0
EMERALDS,338700,10000.0
EMERALDS,338800,10000.0
EMERALDS,338900,9998.0
EMERALDS,339000,10000.0
EMERALDS,339100,10000.0
EMERALDS,339200,10000.0
EMERALDS,339300,10000.0
EMERALDS,339400,10000.0
EMERALDS,339500,10000.0
EMERALDS,339600,10000.0
EMERALDS,339700,10000.0
EMERALDS,339800,10000.0
EMERALDS,339900,10000.0
EMERALDS,340000,10000.0
EMERALDS,340100,10000.0
EMERALDS,340200,10000.0
EMERALDS,340300,10000.0
EMERALDS,340400,10000.0
EMERALDS,340500,10000.0
EMERALDS,340600,10000.0
EMERALDS,340700,10000.0
EMERALDS,340800,10000.0
EMERALDS,340900,10000.0
EMERALDS,341000,10000.0
EMERALDS,341100,10000.0
EMERALDS,341200,10000.0
EMERALDS,341300,10000.0
EMERALDS,341400,10000.0
EMERALDS,341500,10000.0
EMERALDS,341600,10000.0
EMERALDS,341700,10000.0
EMERALDS,341800,10000.0
EMERALDS,341900,10000.0
EMERALDS,342000,10000.0
EMERALDS,342100,10000.0
EMERALDS,342200,10000.0
EMERALDS,342300,10000.0
EMERALDS,342400,10000.0
EMERALDS,342500,10000.0
EMERALDS,342600,10000.0
EMERALDS,342700,10000.0
EMERALDS,342800,10000.0
EMERALDS,342900,10000.0
EMERALDS,343000,10000.0
EMERALDS,343100,10000.0
EMERALDS,343200,10000.0
EMERALDS,343300,9998.0
EMERALDS,343400,10000.0
EMERALDS,343500,10000.0
EMERALDS,343600,10000.0
EMERALDS,343700,9998.0
EMERALDS,343800,10000.0
EMERALDS,343900,10000.0
EMERALDS,344000,9998.0
EMERALDS,344100,10000.0
EMERALDS,344200,10002.0
EMERALDS,344300,10000.0
EMERALDS,344400,10000.0
EMERALDS,344500,10000.0
EMERALDS,344600,10000.0
EMERALDS,344700,10000.0
EMERALDS,344800,10000.0
EMERALDS,344900,10000.0
EMERALDS,345000,10000.0
EMERALDS,345100,10000.0
EMERALDS,345200,10002.0
EMERALDS,345300,9998.0
EMERALDS,345400,10000.0
EMERALDS,345500,10000.0
EMERALDS,345600,10000.0
EMERALDS,345700,10000.0
EMERALDS,345800,10002.0
EMERALDS,345900,10000.0
EMERALDS,346000,10000.0
EMERALDS,346100,10000.0
EMERALDS,346200,10000.0
EMERALDS,346300,10000.0
EMERALDS,346400,10000.0
EMERALDS,346500,10000.0
EMERALDS,346600,10000.0
EMERALDS,346700,10000.0
EMERALDS,346800,10000.0
EMERALDS,346900,10000.0
EMERALDS,347000,10000.0
EMERALDS,347100,10000.0
EMERALDS,347200,10000.0
EMERALDS,347300,10000.0
EMERALDS,347400,10002.0
EMERALDS,347500,10000.0
EMERALDS,347600,10000.0
EMERALDS,347700,10000.0
EMERALDS,347800,9998.0
EMERALDS,347900,10000.0
EMERALDS,348000,10000.0
EMERALDS,348100,10000.0
EMERALDS,348200,10000.0
EMERALDS,348300,10000.0
EMERALDS,348400,10000.0
EMERALDS,348500,10000.0
EMERALDS,348600,10000.0
EMERALDS,348700,9998.0
EMERALDS,348800,10000.0
EMERALDS,348900,10000.0
EMERALDS,349000,10000.0
EMERALDS,349100,10000.0
EMERALDS,349200,10000.0
EMERALDS,349300,10000.0
EMERALDS,349400,10000.0
EMERALDS,349500,10000.0
EMERALDS,349600,10000.0
EMERALDS,349700,10000.0
EMERALDS,349800,10000.0
EMERALDS,349900,10000.0
EMERALDS,350000,10002.0
EMERALDS,350100,10000.0
EMERALDS,350200,10000.0
EMERALDS,350300,10000.0
EMERALDS,350400,10000.0
EMERALDS,350500,10002.0
EMERALDS,350600,10000.0
EMERALDS,350700,10000.0
EMERALDS,350800,10000.0
EMERALDS,350900,10000.0
EMERALDS,351000,10000.0
EMERALDS,351100,10000.0
EMERALDS,351200,10000.0
EMERALDS,351300,10000.0
EMERALDS,351400,10000.0
EMERALDS,351500,10000.0
EMERALDS,351600,10000.0
EMERALDS,351700,10000.0
EMERALDS,351800,10000.0
EMERALDS,351900,10000.0
EMERALDS,352000,10000.0
EMERALDS,352100,10000.0
EMERALDS,352200,10000.0
EMERALDS,352300,10000.0
EMERALDS,352400,10000.0
EMERALDS,352500,10000.0
EMERALDS,352600,10000.0
EMERALDS,352700,10000.0
EMERALDS,352800,10000.0
EMERALDS,352900,10000.0
EMERALDS,353000,10000.0
EMERALDS,353100,10002.0
EMERALDS,353200,10000.0
EMERALDS,353300,10000.0
EMERALDS,353400,10000.0
EMERALDS,353500,10000.0
EMERALDS,353600,10000.0
EMERALDS,353700,10000.0
EMERALDS,353800,10000.0
EMERALDS,353900,10002.0
EMERALDS,354000,10000.0
EMERALDS,354100,10000.0
EMERALDS,354200,10000.0
EMERALDS,354300,10000.0
EMERALDS,354400,10000.0
EMERALDS,354500,10000.0
EMERALDS,354600,10000.0
EMERALDS,354700,10000.0
EMERALDS,354800,10000.0
EMERALDS,354900,10000.0
EMERALDS,355000,10000.0
EMERALDS,355100,10000.0
EMERALDS,355200,10000.0
EMERALDS,355300,10000.0
EMERALDS,355400,10000.0
EMERALDS,355500,10000.0
EMERALDS,355600,10000.0
EMERALDS,355700,10000.0
EMERALDS,355800,10000.0
EMERALDS,355900,10000.0
EMERALDS,356000,10000.0
EMERALDS,356100,10000.0
EMERALDS,356200,10000.0
EMERALDS,356300,10000.0
EMERALDS,356400,10000.0
EMERALDS,356500,9998.0
EMERALDS,356600,10000.0
EMERALDS,356700,10000.0
EMERALDS,356800,10000.0
EMERALDS,356900,10000.0
EMERALDS,357000,10000.0
EMERALDS,357100,10000.0
EMERALDS,357200,10000.0
EMERALDS,357300,10000.0
EMERALDS,357400,10000.0
EMERALDS,357500,10000.0
EMERALDS,357600,10000.0
EMERALDS,357700,10000.0
EMERALDS,357800,10000.0
EMERALDS,357900,10000.0
EMERALDS,358000,10000.0
EMERALDS,358100,10000.0
EMERALDS,358200,10000.0
EMERALDS,358300,10000.0
EMERALDS,358400,10000.0
EMERALDS,358500,10000.0
EMERALDS,358600,10000.0
EMERALDS,358700,10000.0
EMERALDS,358800,10000.0
EMERALDS,358900,10000.0
EMERALDS,359000,10000.0
EMERALDS,359100,10000.0
EMERALDS,359200,10000.0
EMERALDS,359300,10000.0
EMERALDS,359400,10000.0
EMERALDS,359500,10000.0
EMERALDS,359600,10000.0
EMERALDS,359700,10000.0
EMERALDS,359800,10000.0
EMERALDS,359900,10000.0
EMERALDS,360000,10000.0
EMERALDS,360100,10000.0
EMERALDS,360200,10000.0
EMERALDS,360300,10000.0
EMERALDS,360400,10000.0
EMERALDS,360500,10000.0
EMERALDS,360600,10000.0
EMERALDS,360700,10000.0
EMERALDS,360800,10000.0
EMERALDS,360900,10000.0
EMERALDS,361000,10000.0
EMERALDS,361100,10000.0
EMERALDS,361200,10000.0
EMERALDS,361300,9998.0
EMERALDS,361400,10000.0
EMERALDS,361500,10000.0
EMERALDS,361600,10000.0
EMERALDS,361700,10000.0
EMERALDS,361800,10000.0
EMERALDS,361900,10000.0
EMERALDS,362000,10000.0
EMERALDS,362100,10000.0
EMERALDS,362200,10000.0
EMERALDS,362300,10000.0
EMERALDS,362400,10000.0
EMERALDS,362500,10000.0
EMERALDS,362600,10000.0
EMERALDS,362700,10000.0
EMERALDS,362800,9998.0
EMERALDS,362900,10000.0
EMERALDS,363000,10002.0
EMERALDS,363100,10000.0
EMERALDS,363200,10000.0
EMERALDS,363300,10000.0
EMERALDS,363400,10002.0
EMERALDS,363500,10000.0
EMERALDS,363600,10000.0
EMERALDS,363700,10000.0
EMERALDS,363800,10000.0
EMERALDS,363900,10000.0
EMERALDS,364000,10000.0
EMERALDS,364100,10000.0
EMERALDS,364200,10000.0
EMERALDS,364300,10000.0
EMERALDS,364400,10000.0
EMERALDS,364500,9998.0
EMERALDS,364600,10000.0
EMERALDS,364700,10000.0
EMERALDS,364800,10000.0
EMERALDS,364900,10000.0
EMERALDS,365000,10000.0
EMERALDS,365100,10000.0
EMERALDS,365200,10000.0
EMERALDS,365300,10000.0
EMERALDS,365400,10000.0
EMERALDS,365500,10000.0
EMERALDS,365600,10002.0
EMERALDS,365700,10002.0
EMERALDS,365800,10000.0
EMERALDS,365900,10000.0
EMERALDS,366000,10000.0
EMERALDS,366100,10000.0
EMERALDS,366200,10000.0
EMERALDS,366300,10000.0
EMERALDS,366400,10000.0
EMERALDS,366500,10000.0
EMERALDS,366600,10000.0
EMERALDS,366700,10000.0
EMERALDS,366800,10000.0
EMERALDS,366900,10000.0
EMERALDS,367000,10002.0
EMERALDS,367100,10000.0
EMERALDS,367200,10000.0
EMERALDS,367300,10000.0
EMERALDS,367400,10000.0
EMERALDS,367500,10000.0
EMERALDS,367600,10000.0
EMERALDS,367700,10002.0
EMERALDS,367800,10000.0
EMERALDS,367900,10000.0
EMERALDS,368000,10000.0
EMERALDS,368100,10000.0
EMERALDS,368200,10000.0
EMERALDS,368300,10000.0
EMERALDS,368400,10000.0
EMERALDS,368500,10000.0
EMERALDS,368600,10000.0
EMERALDS,368700,10000.0
EMERALDS,368800,10000.0
EMERALDS,368900,10000.0
EMERALDS,369000,10000.0
EMERALDS,369100,10000.0
EMERALDS,369200,10000.0
EMERALDS,369300,10000.0
EMERALDS,369400,10000.0
EMERALDS,369500,10000.0
EMERALDS,369600,10000.0
EMERALDS,369700,10000.0
EMERALDS,369800,10000.0
EMERALDS,369900,10002.0
EMERALDS,370000,10000.0
EMERALDS,370100,10000.0
EMERALDS,370200,10000.0
EMERALDS,370300,10000.0
EMERALDS,370400,10000.0
EMERALDS,370500,10000.0
EMERALDS,370600,10000.0
EMERALDS,370700,10000.0
EMERALDS,370800,10000.0
EMERALDS,370900,10000.0
EMERALDS,371000,10000.0
EMERALDS,371100,9998.0
EMERALDS,371200,10000.0
EMERALDS,371300,10000.0
EMERALDS,371400,10000.0
EMERALDS,371500,10000.0
EMERALDS,371600,10000.0
EMERALDS,371700,10000.0
EMERALDS,371800,10000.0
EMERALDS,371900,10000.0
EMERALDS,372000,9998.0
EMERALDS,372100,9998.0
EMERALDS,372200,10000.0
EMERALDS,372300,10000.0
EMERALDS,372400,10000.0
EMERALDS,372500,10000.0
EMERALDS,372600,10000.0
EMERALDS,372700,9998.0
EMERALDS,372800,10000.0
EMERALDS,372900,10002.0
EMERALDS,373000,10000.0
EMERALDS,373100,10000.0
EMERALDS,373200,10000.0
EMERALDS,373300,10000.0
EMERALDS,373400,10000.0
EMERALDS,373500,10000.0
EMERALDS,373600,10000.0
EMERALDS,373700,10000.0
EMERALDS,373800,10002.0
EMERALDS,373900,9998.0
EMERALDS,374000,10000.0
EMERALDS,374100,10000.0
EMERALDS,374200,10000.0
EMERALDS,374300,10000.0
EMERALDS,374400,10002.0
EMERALDS,374500,10000.0
EMERALDS,374600,9998.0
EMERALDS,374700,10000.0
EMERALDS,374800,10000.0
EMERALDS,374900,10002.0
EMERALDS,375000,10000.0
EMERALDS,375100,10000.0
EMERALDS,375200,10000.0
EMERALDS,375300,10000.0
EMERALDS,375400,10000.0
EMERALDS,375500,10000.0
EMERALDS,375600,10000.0
EMERALDS,375700,9998.0
EMERALDS,375800,10000.0
EMERALDS,375900,10000.0
EMERALDS,376000,10000.0
EMERALDS,376100,9998.0
EMERALDS,376200,10000.0
EMERALDS,376300,10000.0
EMERALDS,376400,10000.0
EMERALDS,376500,10000.0
EMERALDS,376600,10000.0
EMERALDS,376700,10000.0
EMERALDS,376800,10000.0
EMERALDS,376900,10000.0
EMERALDS,377000,10000.0
EMERALDS,377100,10000.0
EMERALDS,377200,10000.0
EMERALDS,377300,10002.0
EMERALDS,377400,10000.0
EMERALDS,377500,10000.0
EMERALDS,377600,10000.0
EMERALDS,377700,10000.0
EMERALDS,377800,10000.0
EMERALDS,377900,10000.0
EMERALDS,378000,10000.0
EMERALDS,378100,10000.0
EMERALDS,378200,10000.0
EMERALDS,378300,10000.0
EMERALDS,378400,10000.0
EMERALDS,378500,10000.0
EMERALDS,378600,10000.0
EMERALDS,378700,10002.0
EMERALDS,378800,9998.0
EMERALDS,378900,10000.0
EMERALDS,379000,10000.0
EMERALDS,379100,10000.0
EMERALDS,379200,10000.0
EMERALDS,379300,10000.0
EMERALDS,379400,10000.0
EMERALDS,379500,10000.0
EMERALDS,379600,10000.0
EMERALDS,379700,10000.0
EMERALDS,379800,10000.0
EMERALDS,379900,10002.0
EMERALDS,380000,10000.0
EMERALDS,380100,10000.0
EMERALDS,380200,10000.0
EMERALDS,380300,10000.0
EMERALDS,380400,10000.0
EMERALDS,380500,10000.0
EMERALDS,380600,9998.0
EMERALDS,380700,10000.0
EMERALDS,380800,10000.0
EMERALDS,380900,10000.0
EMERALDS,381000,9998.0
EMERALDS,381100,10000.0
EMERALDS,381200,10000.0
EMERALDS,381300,10000.0
EMERALDS,381400,10000.0
EMERALDS,381500,10000.0
EMERALDS,381600,10000.0
EMERALDS,381700,10000.0
EMERALDS,381800,10000.0
EMERALDS,381900,10000.0
EMERALDS,382000,10000.0
EMERALDS,382100,10000.0
EMERALDS,382200,10000.0
EMERALDS,382300,10000.0
EMERALDS,382400,10000.0
EMERALDS,382500,10000.0
EMERALDS,382600,10000.0
EMERALDS,382700,10000.0
EMERALDS,382800,10000.0
EMERALDS,382900,10000.0
EMERALDS,383000,10000.0
EMERALDS,383100,10000.0
EMERALDS,383200,10000.0
EMERALDS,383300,10000.0
EMERALDS,383400,10000.0
EMERALDS,383500,10000.0
EMERALDS,383600,10000.0
EMERALDS,383700,10000.0
EMERALDS,383800,10000.0
EMERALDS,383900,10000.0
EMERALDS,384000,10000.0
EMERALDS,384100,10000.0
EMERALDS,384200,10000.0
EMERALDS,384300,10000.0
EMERALDS,384400,10000.0
EMERALDS,384500,9998.0
EMERALDS,384600,10000.0
EMERALDS,384700,10000.0
EMERALDS,384800,10000.0
EMERALDS,384900,10000.0
EMERALDS,385000,10000.0
EMERALDS,385100,10000.0
EMERALDS,385200,10000.0
EMERALDS,385300,10000.0
EMERALDS,385400,10000.0
EMERALDS,385500,10000.0
EMERALDS,385600,10000.0
EMERALDS,385700,10000.0
EMERALDS,385800,10000.0
EMERALDS,385900,9998.0
EMERALDS,386000,10000.0
EMERALDS,386100,10000.0
EMERALDS,386200,10000.0
EMERALDS,386300,10000.0
EMERALDS,386400,10000.0
EMERALDS,386500,10000.0
EMERALDS,386600,10000.0
EMERALDS,386700,10002.0
EMERALDS,386800,10000.0
EMERALDS,386900,10000.0
EMERALDS,387000,10000.0
EMERALDS,387100,10000.0
EMERALDS,387200,10000.0
EMERALDS,387300,10000.0
EMERALDS,387400,10000.0
EMERALDS,387500,10000.0
EMERALDS,387600,9998.0
EMERALDS,387700,10000.0
EMERALDS,387800,10000.0
EMERALDS,387900,10000.0
EMERALDS,388000,10000.0
EMERALDS,388100,10000.0
EMERALDS,388200,10000.0
EMERALDS,388300,10000.0
EMERALDS,388400,10000.0
EMERALDS,388500,10000.0
EMERALDS,388600,10002.0
EMERALDS,388700,10000.0
EMERALDS,388800,10000.0
EMERALDS,388900,10000.0
EMERALDS,389000,10000.0
EMERALDS,389100,10000.0
EMERALDS,389200,10000.0
EMERALDS,389300,10000.0
EMERALDS,389400,10000.0
EMERALDS,389500,10000.0
EMERALDS,389600,10000.0
EMERALDS,389700,10000.0
EMERALDS,389800,10000.0
EMERALDS,389900,10000.0
EMERALDS,390000,10000.0
EMERALDS,390100,10000.0
EMERALDS,390200,10000.0
EMERALDS,390300,10000.0
EMERALDS,390400,10000.0
EMERALDS,390500,10000.0
EMERALDS,390600,10000.0
EMERALDS,390700,10000.0
EMERALDS,390800,10000.0
EMERALDS,390900,10000.0
EMERALDS,391000,10000.0
EMERALDS,391100,10000.0
EMERALDS,391200,10000.0
EMERALDS,391300,10000.0
EMERALDS,391400,10000.0
EMERALDS,391500,10000.0
EMERALDS,391600,10000.0
EMERALDS,391700,10000.0
EMERALDS,391800,10000.0
EMERALDS,391900,10000.0
EMERALDS,392000,10000.0
EMERALDS,392100,10000.0
EMERALDS,392200,10000.0
EMERALDS,392300,10000.0
EMERALDS,392400,10000.0
EMERALDS,392500,10000.0
EMERALDS,392600,10000.0
EMERALDS,392700,10000.0
EMERALDS,392800,10000.0
EMERALDS,392900,10000.0
EMERALDS,393000,10000.0
EMERALDS,393100,10000.0
EMERALDS,393200,10000.0
EMERALDS,393300,9998.0
EMERALDS,393400,10000.0
EMERALDS,393500,10000.0
EMERALDS,393600,10000.0
EMERALDS,393700,10000.0
EMERALDS,393800,10000.0
EMERALDS,393900,10000.0
EMERALDS,394000,10000.0
EMERALDS,394100,10000.0
EMERALDS,394200,10000.0
EMERALDS,394300,10000.0
EMERALDS,394400,10000.0
EMERALDS,394500,10000.0
EMERALDS,394600,10002.0
EMERALDS,394700,10000.0
EMERALDS,394800,10000.0
EMERALDS,394900,10000.0
EMERALDS,395000,10000.0
EMERALDS,395100,10000.0
EMERALDS,395200,10000.0
EMERALDS,395300,10000.0
EMERALDS,395400,10000.0
EMERALDS,395500,10000.0
EMERALDS,395600,10000.0
EMERALDS,395700,10000.0
EMERALDS,395800,10000.0
EMERALDS,395900,10000.0
EMERALDS,396000,10000.0
EMERALDS,396100,10000.0
EMERALDS,396200,10000.0
EMERALDS,396300,10000.0
EMERALDS,396400,10000.0
EMERALDS,396500,10000.0
EMERALDS,396600,10000.0
EMERALDS,396700,10000.0
EMERALDS,396800,10000.0
EMERALDS,396900,10000.0
EMERALDS,397000,10000.0
EMERALDS,397100,10000.0
EMERALDS,397200,10000.0
EMERALDS,397300,10000.0
EMERALDS,397400,10000.0
EMERALDS,397500,10000.0
EMERALDS,397600,10000.0
EMERALDS,397700,10000.0
EMERALDS,397800,10000.0
EMERALDS,397900,10000.0
EMERALDS,398000,9998.0
EMERALDS,398100,10000.0
EMERALDS,398200,10000.0
EMERALDS,398300,10000.0
EMERALDS,398400,9998.0
EMERALDS,398500,9998.0
EMERALDS,398600,10000.0
EMERALDS,398700,10000.0
EMERALDS,398800,10000.0
EMERALDS,398900,10000.0
EMERALDS,399000,10000.0
EMERALDS,399100,9998.0
EMERALDS,399200,10000.0
EMERALDS,399300,10000.0
EMERALDS,399400,10000.0
EMERALDS,399500,10000.0
EMERALDS,399600,10000.0
EMERALDS,399700,10000.0
EMERALDS,399800,10000.0
EMERALDS,399900,10002.0
EMERALDS,400000,10000.0
EMERALDS,400100,10000.0
EMERALDS,400200,10000.0
EMERALDS,400300,10000.0
EMERALDS,400400,10000.0
EMERALDS,400500,10000.0
EMERALDS,400600,9998.0
EMERALDS,400700,10000.0
EMERALDS,400800,10000.0
EMERALDS,400900,10000.0
EMERALDS,401000,10002.0
EMERALDS,401100,10000.0
EMERALDS,401200,9998.0
EMERALDS,401300,10000.0
EMERALDS,401400,10000.0
EMERALDS,401500,10000.0
EMERALDS,401600,10000.0
EMERALDS,401700,10000.0
EMERALDS,401800,10000.0
EMERALDS,401900,10000.0
EMERALDS,402000,10000.0
EMERALDS,402100,10000.0
EMERALDS,402200,10000.0
EMERALDS,402300,10000.0
EMERALDS,402400,10000.0
EMERALDS,402500,10000.0
EMERALDS,402600,10000.0
EMERALDS,402700,10000.0
EMERALDS,402800,10000.0
EMERALDS,402900,10000.0
EMERALDS,403000,10000.0
EMERALDS,403100,10000.0
EMERALDS,403200,10000.0
EMERALDS,403300,9998.0
EMERALDS,403400,10000.0
EMERALDS,403500,10000.0
EMERALDS,403600,10000.0
EMERALDS,403700,10000.0
EMERALDS,403800,10000.0
EMERALDS,403900,10000.0
EMERALDS,404000,10000.0
EMERALDS,404100,10000.0
EMERALDS,404200,10000.0
EMERALDS,404300,10000.0
EMERALDS,404400,10000.0
EMERALDS,404500,10000.0
EMERALDS,404600,10000.0
EMERALDS,404700,10000.0
EMERALDS,404800,10000.0
EMERALDS,404900,10000.0
EMERALDS,405000,10000.0
EMERALDS,405100,10000.0
EMERALDS,405200,10000.0
EMERALDS,405300,10000.0
EMERALDS,405400,10000.0
EMERALDS,405500,10000.0
EMERALDS,405600,10000.0
EMERALDS,405700,10000.0
EMERALDS,405800,10000.0
EMERALDS,405900,10000.0
EMERALDS,406000,10000.0
EMERALDS,406100,10000.0
EMERALDS,406200,10000.0
EMERALDS,406300,10000.0
EMERALDS,406400,10000.0
EMERALDS,406500,10000.0
EMERALDS,406600,10000.0
EMERALDS,406700,10000.0
EMERALDS,406800,10000.0
EMERALDS,406900,10000.0
EMERALDS,407000,10000.0
EMERALDS,407100,10000.0
EMERALDS,407200,10000.0
EMERALDS,407300,10000.0
EMERALDS,407400,10000.0
EMERALDS,407500,10000.0
EMERALDS,407600,10000.0
EMERALDS,407700,10000.0
EMERALDS,407800,10000.0
EMERALDS,407900,10000.0
EMERALDS,408000,10000.0
EMERALDS,408100,10000.0
EMERALDS,408200,10000.0
EMERALDS,408300,10000.0
EMERALDS,408400,10000.0
EMERALDS,408500,10000.0
EMERALDS,408600,10000.0
EMERALDS,408700,10000.0
EMERALDS,408800,10000.0
EMERALDS,408900,10000.0
EMERALDS,409000,10000.0
EMERALDS,409100,10000.0
EMERALDS,409200,10000.0
EMERALDS,409300,10000.0
EMERALDS,409400,10000.0
EMERALDS,409500,10000.0
EMERALDS,409600,10000.0
EMERALDS,409700,10000.0
EMERALDS,409800,10000.0
EMERALDS,409900,10000.0
EMERALDS,410000,10000.0
EMERALDS,410100,10000.0
EMERALDS,410200,10000.0
EMERALDS,410300,10000.0
EMERALDS,410400,10000.0
EMERALDS,410500,10000.0
EMERALDS,410600,10000.0
EMERALDS,410700,9998.0
EMERALDS,410800,9998.0
EMERALDS,410900,10000.0
EMERALDS,411000,10000.0
EMERALDS,411100,10000.0
EMERALDS,411200,10000.0
EMERALDS,411300,10000.0
EMERALDS,411400,10000.0
EMERALDS,411500,10000.0
EMERALDS,411600,10000.0
EMERALDS,411700,10000.0
EMERALDS,411800,10000.0
EMERALDS,411900,10000.0
EMERALDS,412000,10000.0
EMERALDS,412100,10000.0
EMERALDS,412200,10000.0
EMERALDS,412300,10000.0
EMERALDS,412400,10000.0
EMERALDS,412500,10000.0
EMERALDS,412600,10000.0
EMERALDS,412700,10000.0
EMERALDS,412800,10000.0
EMERALDS,412900,10000.0
EMERALDS,413000,10000.0
EMERALDS,413100,10000.0
EMERALDS,413200,10000.0
EMERALDS,413300,10000.0
EMERALDS,413400,10000.0
EMERALDS,413500,10000.0
EMERALDS,413600,10000.0
EMERALDS,413700,10000.0
EMERALDS,413800,10000.0
EMERALDS,413900,10000.0
EMERALDS,414000,10000.0
EMERALDS,414100,10000.0
EMERALDS,414200,10000.0
EMERALDS,414300,10000.0
EMERALDS,414400,10000.0
EMERALDS,414500,10000.0
EMERALDS,414600,10000.0
EMERALDS,414700,10000.0
EMERALDS,414800,10000.0
EMERALDS,414900,10000.0
EMERALDS,415000,10000.0
EMERALDS,415100,10000.0
EMERALDS,415200,10000.0
EMERALDS,415300,10000.0
EMERALDS,415400,10000.0
EMERALDS,415500,10000.0
EMERALDS,415600,10000.0
EMERALDS,415700,10000.0
EMERALDS,415800,10000.0
EMERALDS,415900,10002.0
EMERALDS,416000,10000.0
EMERALDS,416100,10002.0
EMERALDS,416200,10000.0
EMERALDS,416300,10000.0
EMERALDS,416400,10000.0
EMERALDS,416500,10000.0
EMERALDS,416600,10000.0
EMERALDS,416700,10000.0
EMERALDS,416800,10000.0
EMERALDS,416900,10000.0
EMERALDS,417000,10000.0
EMERALDS,417100,10000.0
EMERALDS,417200,10000.0
EMERALDS,417300,10000.0
EMERALDS,417400,10000.0
EMERALDS,417500,10000.0
EMERALDS,417600,10000.0
EMERALDS,417700,10000.0
EMERALDS,417800,10000.0
EMERALDS,417900,10000.0
EMERALDS,418000,10000.0
EMERALDS,418100,10000.0
EMERALDS,418200,10000.0
EMERALDS,418300,10000.0
EMERALDS,418400,10000.0
EMERALDS,418500,10000.0
EMERALDS,418600,10000.0
EMERALDS,418700,10000.0
EMERALDS,418800,10000.0
EMERALDS,418900,10000.0
EMERALDS,419000,10000.0
EMERALDS,419100,10000.0
EMERALDS,419200,10000.0
EMERALDS,419300,10000.0
EMERALDS,419400,10000.0
EMERALDS,419500,10002.0
EMERALDS,419600,10000.0
EMERALDS,419700,10000.0
EMERALDS,419800,10000.0
EMERALDS,419900,10000.0
EMERALDS,420000,10000.0
EMERALDS,420100,10000.0
EMERALDS,420200,10000.0
EMERALDS,420300,10000.0
EMERALDS,420400,10000.0
EMERALDS,420500,10000.0
EMERALDS,420600,10000.0
EMERALDS,420700,10000.0
EMERALDS,420800,10000.0
EMERALDS,420900,10000.0
EMERALDS,421000,10002.0
EMERALDS,421100,10000.0
EMERALDS,421200,10000.0
EMERALDS,421300,10000.0
EMERALDS,421400,10000.0
EMERALDS,421500,10000.0
EMERALDS,421600,10000.0
EMERALDS,421700,10000.0
EMERALDS,421800,10000.0
EMERALDS,421900,10000.0
EMERALDS,422000,10000.0
EMERALDS,422100,10000.0
EMERALDS,422200,10000.0
EMERALDS,422300,10000.0
EMERALDS,422400,10000.0
EMERALDS,422500,10000.0
EMERALDS,422600,10002.0
EMERALDS,422700,10000.0
EMERALDS,422800,10000.0
EMERALDS,422900,10000.0
EMERALDS,423000,10000.0
EMERALDS,423100,10000.0
EMERALDS,423200,10000.0
EMERALDS,423300,9998.0
EMERALDS,423400,10000.0
EMERALDS,423500,10000.0
EMERALDS,423600,10000.0
EMERALDS,423700,10000.0
EMERALDS,423800,10000.0
EMERALDS,423900,10000.0
EMERALDS,424000,10000.0
EMERALDS,424100,10000.0
EMERALDS,424200,10000.0
EMERALDS,424300,10000.0
EMERALDS,424400,9998.0
EMERALDS,424500,10000.0
EMERALDS,424600,10000.0
EMERALDS,424700,10000.0
EMERALDS,424800,10000.0
EMERALDS,424900,10000.0
EMERALDS,425000,10000.0
EMERALDS,425100,9998.0
EMERALDS,425200,10000.0
EMERALDS,425300,10000.0
EMERALDS,425400,10000.0
EMERALDS,425500,10000.0
EMERALDS,425600,10000.0
EMERALDS,425700,10000.0
EMERALDS,425800,10000.0
EMERALDS,425900,10000.0
EMERALDS,426000,10000.0
EMERALDS,426100,10000.0
EMERALDS,426200,10000.0
EMERALDS,426300,10000.0
EMERALDS,426400,10000.0
EMERALDS,426500,10000.0
EMERALDS,426600,10000.0
EMERALDS,426700,10000.0
EMERALDS,426800,10000.0
EMERALDS,426900,10000.0
EMERALDS,427000,10000.0
EMERALDS,427100,10000.0
EMERALDS,427200,10000.0
EMERALDS,427300,10000.0
EMERALDS,427400,10000.0
EMERALDS,427500,10000.0
EMERALDS,427600,10000.0
EMERALDS,427700,10000.0
EMERALDS,427800,10000.0
EMERALDS,427900,10000.0
EMERALDS,428000,9998.0
EMERALDS,428100,10000.0
EMERALDS,428200,10000.0
EMERALDS,428300,10000.0
EMERALDS,428400,10000.0
EMERALDS,428500,10000.0
EMERALDS,428600,10000.0
EMERALDS,428700,10000.0
EMERALDS,428800,10000.0
EMERALDS,428900,10000.0
EMERALDS,429000,10000.0
EMERALDS,429100,10000.0
EMERALDS,429200,10000.0
EMERALDS,429300,10000.0
EMERALDS,429400,10000.0
EMERALDS,429500,9998.0
EMERALDS,429600,10000.0
EMERALDS,429700,10000.0
EMERALDS,429800,10000.0
EMERALDS,429900,10000.0
EMERALDS,430000,10000.0
EMERALDS,430100,10000.0
EMERALDS,430200,10000.0
EMERALDS,430300,10000.0
EMERALDS,430400,10000.0
EMERALDS,430500,10000.0
EMERALDS,430600,10000.0
EMERALDS,430700,10000.0
EMERALDS,430800,10002.0
EMERALDS,430900,10000.0
EMERALDS,431000,10000.0
EMERALDS,431100,10000.0
EMERALDS,431200,10000.0
EMERALDS,431300,10000.0
EMERALDS,431400,10000.0
EMERALDS,431500,10000.0
EMERALDS,431600,10000.0
EMERALDS,431700,10000.0
EMERALDS,431800,10000.0
EMERALDS,431900,10000.0
EMERALDS,432000,10000.0
EMERALDS,432100,10000.0
EMERALDS,432200,10000.0
EMERALDS,432300,10000.0
EMERALDS,432400,10000.0
EMERALDS,432500,10000.0
EMERALDS,432600,10000.0
EMERALDS,432700,10000.0
EMERALDS,432800,10000.0
EMERALDS,432900,9998.0
EMERALDS,433000,10000.0
EMERALDS,433100,10000.0
EMERALDS,433200,10000.0
EMERALDS,433300,10000.0
EMERALDS,433400,10000.0
EMERALDS,433500,10000.0
EMERALDS,433600,10000.0
EMERALDS,433700,10000.0
EMERALDS,433800,10000.0
EMERALDS,433900,10000.0
EMERALDS,434000,10000.0
EMERALDS,434100,9998.0
EMERALDS,434200,10000.0
EMERALDS,434300,10000.0
EMERALDS,434400,10000.0
EMERALDS,434500,10000.0
EMERALDS,434600,10000.0
EMERALDS,434700,10000.0
EMERALDS,434800,10000.0
EMERALDS,434900,10000.0
EMERALDS,435000,10002.0
EMERALDS,435100,10000.0
EMERALDS,435200,10000.0
EMERALDS,435300,10000.0
EMERALDS,435400,10000.0
EMERALDS,435500,10000.0
EMERALDS,435600,10000.0
EMERALDS,435700,10000.0
EMERALDS,435800,10000.0
EMERALDS,435900,10000.0
EMERALDS,436000,10000.0
EMERALDS,436100,10000.0
EMERALDS,436200,10000.0
EMERALDS,436300,10000.0
EMERALDS,436400,10000.0
EMERALDS,436500,10000.0
EMERALDS,436600,10000.0
EMERALDS,436700,10000.0
EMERALDS,436800,10000.0
EMERALDS,436900,10000.0
EMERALDS,437000,10000.0
EMERALDS,437100,9998.0
EMERALDS,437200,10000.0
EMERALDS,437300,10000.0
EMERALDS,437400,10002.0
EMERALDS,437500,10000.0
EMERALDS,437600,9998.0
EMERALDS,437700,10000.0
EMERALDS,437800,10000.0
EMERALDS,437900,10000.0
EMERALDS,438000,10000.0
EMERALDS,438100,10000.0
EMERALDS,438200,10000.0
EMERALDS,438300,10000.0
EMERALDS,438400,10000.0
EMERALDS,438500,9998.0
EMERALDS,438600,10000.0
EMERALDS,438700,10000.0
EMERALDS,438800,10000.0
EMERALDS,438900,10000.0
EMERALDS,439000,10000.0
EMERALDS,439100,10000.0
EMERALDS,439200,9998.0
EMERALDS,439300,10000.0
EMERALDS,439400,10000.0
EMERALDS,439500,10000.0
EMERALDS,439600,10000.0
EMERALDS,439700,10000.0
EMERALDS,439800,10000.0
EMERALDS,439900,10000.0
EMERALDS,440000,10000.0
EMERALDS,440100,10000.0
EMERALDS,440200,10000.0
EMERALDS,440300,10000.0
EMERALDS,440400,10000.0
EMERALDS,440500,10000.0
EMERALDS,440600,10000.0
EMERALDS,440700,10000.0
EMERALDS,440800,10000.0
EMERALDS,440900,10000.0
EMERALDS,441000,10000.0
EMERALDS,441100,10000.0
EMERALDS,441200,10000.0
EMERALDS,441300,10000.0
EMERALDS,441400,10000.0
EMERALDS,441500,10000.0
EMERALDS,441600,10000.0
EMERALDS,441700,10000.0
EMERALDS,441800,10000.0
EMERALDS,441900,10000.0
EMERALDS,442000,10000.0
EMERALDS,442100,10000.0
EMERALDS,442200,10000.0
EMERALDS,442300,10000.0
EMERALDS,442400,10000.0
EMERALDS,442500,10000.0
EMERALDS,442600,10000.0
EMERALDS,442700,10000.0
EMERALDS,442800,10000.0
EMERALDS,442900,10000.0
EMERALDS,443000,10000.0
EMERALDS,443100,10000.0
EMERALDS,443200,10000.0
EMERALDS,443300,10000.0
EMERALDS,443400,10000.0
EMERALDS,443500,10000.0
EMERALDS,443600,10000.0
EMERALDS,443700,10000.0
EMERALDS,443800,10000.0
EMERALDS,443900,10000.0
EMERALDS,444000,10002.0
EMERALDS,444100,10000.0
EMERALDS,444200,10000.0
EMERALDS,444300,10000.0
EMERALDS,444400,10000.0
EMERALDS,444500,10000.0
EMERALDS,444600,10000.0
EMERALDS,444700,10000.0
EMERALDS,444800,10000.0
EMERALDS,444900,10000.0
EMERALDS,445000,10000.0
EMERALDS,445100,10000.0
EMERALDS,445200,10000.0
EMERALDS,445300,10000.0
EMERALDS,445400,10000.0
EMERALDS,445500,10000.0
EMERALDS,445600,10000.0
EMERALDS,445700,10000.0
EMERALDS,445800,10000.0
EMERALDS,445900,10000.0
EMERALDS,446000,10000.0
EMERALDS,446100,10000.0
EMERALDS,446200,10000.0
EMERALDS,446300,10000.0
EMERALDS,446400,10000.0
EMERALDS,446500,10000.0
EMERALDS,446600,10000.0
EMERALDS,446700,10000.0
EMERALDS,446800,10000.0
EMERALDS,446900,10000.0
EMERALDS,447000,10000.0
EMERALDS,447100,10000.0
EMERALDS,447200,9998.0
EMERALDS,447300,10000.0
EMERALDS,447400,9998.0
EMERALDS,447500,10000.0
EMERALDS,447600,10000.0
EMERALDS,447700,10000.0
EMERALDS,447800,10000.0
EMERALDS,447900,10000.0
EMERALDS,448000,10000.0
EMERALDS,448100,10000.0
EMERALDS,448200,10000.0
EMERALDS,448300,10000.0
EMERALDS,448400,10000.0
EMERALDS,448500,10000.0
EMERALDS,448600,10000.0
EMERALDS,448700,10002.0
EMERALDS,448800,10000.0
EMERALDS,448900,10000.0
EMERALDS,449000,10000.0
EMERALDS,449100,10000.0
EMERALDS,449200,10000.0
EMERALDS,449300,10000.0
EMERALDS,449400,10000.0
EMERALDS,449500,10000.0
EMERALDS,449600,10000.0
EMERALDS,449700,10000.0
EMERALDS,449800,10000.0
EMERALDS,449900,10000.0
EMERALDS,450000,10000.0
EMERALDS,450100,10000.0
EMERALDS,450200,10000.0
EMERALDS,450300,10000.0
EMERALDS,450400,10000.0
EMERALDS,450500,10002.0
EMERALDS,450600,10000.0
EMERALDS,450700,10000.0
EMERALDS,450800,10000.0
EMERALDS,450900,10000.0
EMERALDS,451000,10000.0
EMERALDS,451100,10000.0
EMERALDS,451200,10000.0
EMERALDS,451300,10000.0
EMERALDS,451400,10000.0
EMERALDS,451500,10000.0
EMERALDS,451600,10000.0
EMERALDS,451700,10000.0
EMERALDS,451800,10000.0
EMERALDS,451900,10000.0
EMERALDS,452000,10000.0
EMERALDS,452100,10000.0
EMERALDS,452200,10000.0
EMERALDS,452300,10000.0
EMERALDS,452400,10000.0
EMERALDS,452500,10000.0
EMERALDS,452600,10000.0
EMERALDS,452700,10000.0
EMERALDS,452800,10000.0
EMERALDS,452900,10000.0
EMERALDS,453000,10000.0
EMERALDS,453100,10000.0
EMERALDS,453200,9998.0
EMERALDS,453300,10000.0
EMERALDS,453400,10000.0
EMERALDS,453500,10000.0
EMERALDS,453600,10000.0
EMERALDS,453700,10000.0
EMERALDS,453800,10000.0
EMERALDS,453900,10000.0
EMERALDS,454000,10000.0
EMERALDS,454100,10000.0
EMERALDS,454200,10000.0
EMERALDS,454300,10000.0
EMERALDS,454400,10000.0
EMERALDS,454500,10000.0
EMERALDS,454600,10000.0
EMERALDS,454700,10000.0
EMERALDS,454800,10000.0
EMERALDS,454900,10000.0
EMERALDS,455000,10000.0
EMERALDS,455100,10000.0
EMERALDS,455200,10000.0
EMERALDS,455300,10000.0
EMERALDS,455400,10000.0
EMERALDS,455500,10000.0
EMERALDS,455600,10000.0
EMERALDS,455700,10000.0
EMERALDS,455800,10000.0
EMERALDS,455900,10000.0
EMERALDS,456000,10000.0
EMERALDS,456100,10000.0
EMERALDS,456200,10000.0
EMERALDS,456300,10000.0
EMERALDS,456400,10000.0
EMERALDS,456500,10000.0
EMERALDS,456600,10000.0
EMERALDS,456700,10000.0
EMERALDS,456800,10000.0
EMERALDS,456900,10000.0
EMERALDS,457000,10000.0
EMERALDS,457100,9998.0
EMERALDS,457200,10000.0
EMERALDS,457300,10000.0
EMERALDS,457400,10000.0
EMERALDS,457500,10000.0
EMERALDS,457600,10000.0
EMERALDS,457700,10000.0
EMERALDS,457800,10000.0
EMERALDS,457900,10000.0
EMERALDS,458000,10000.0
EMERALDS,458100,10000.0
EMERALDS,458200,10000.0
EMERALDS,458300,10000.0
EMERALDS,458400,9998.0
EMERALDS,458500,10000.0
EMERALDS,458600,10000.0
EMERALDS,458700,10000.0
EMERALDS,458800,10000.0
EMERALDS,458900,10000.0
EMERALDS,459000,10000.0
EMERALDS,459100,10000.0
EMERALDS,459200,10000.0
EMERALDS,459300,10000.0
EMERALDS,459400,10002.0
EMERALDS,459500,10000.0
EMERALDS,459600,10000.0
EMERALDS,459700,10000.0
EMERALDS,459800,10000.0
EMERALDS,459900,10000.0
EMERALDS,460000,10000.0
EMERALDS,460100,10002.0
EMERALDS,460200,10000.0
EMERALDS,460300,10002.0
EMERALDS,460400,10000.0
EMERALDS,460500,10000.0
EMERALDS,460600,10000.0
EMERALDS,460700,10000.0
EMERALDS,460800,10000.0
EMERALDS,460900,10000.0
EMERALDS,461000,10000.0
EMERALDS,461100,10000.0
EMERALDS,461200,9998.0
EMERALDS,461300,10000.0
EMERALDS,461400,10000.0
EMERALDS,461500,10002.0
EMERALDS,461600,10000.0
EMERALDS,461700,10000.0
EMERALDS,461800,10000.0
EMERALDS,461900,10000.0
EMERALDS,462000,10000.0
EMERALDS,462100,10000.0
EMERALDS,462200,10000.0
EMERALDS,462300,10000.0
EMERALDS,462400,10000.0
EMERALDS,462500,10000.0
EMERALDS,462600,10000.0
EMERALDS,462700,10000.0
EMERALDS,462800,10000.0
EMERALDS,462900,10000.0
EMERALDS,463000,10000.0
EMERALDS,463100,10000.0
EMERALDS,463200,10000.0
EMERALDS,463300,10000.0
EMERALDS,463400,10000.0
EMERALDS,463500,10000.0
EMERALDS,463600,10000.0
EMERALDS,463700,10000.0
EMERALDS,463800,10000.0
EMERALDS,463900,10000.0
EMERALDS,464000,10000.0
EMERALDS,464100,10000.0
EMERALDS,464200,10000.0
EMERALDS,464300,10000.0
EMERALDS,464400,10000.0
EMERALDS,464500,10000.0
EMERALDS,464600,10000.0
EMERALDS,464700,10000.0
EMERALDS,464800,10000.0
EMERALDS,464900,10000.0
EMERALDS,465000,10000.0
EMERALDS,465100,10000.0
EMERALDS,465200,10000.0
EMERALDS,465300,10000.0
EMERALDS,465400,10000.0
EMERALDS,465500,10000.0
EMERALDS,465600,10000.0
EMERALDS,465700,10000.0
EMERALDS,465800,10000.0
EMERALDS,465900,10002.0
EMERALDS,466000,10000.0
EMERALDS,466100,10000.0
EMERALDS,466200,10000.0
EMERALDS,466300,10000.0
EMERALDS,466400,10000.0
EMERALDS,466500,10000.0
EMERALDS,466600,10000.0
EMERALDS,466700,10000.0
EMERALDS,466800,10000.0
EMERALDS,466900,10000.0
EMERALDS,467000,10000.0
EMERALDS,467100,10000.0
EMERALDS,467200,10000.0
EMERALDS,467300,10000.0
EMERALDS,467400,10000.0
EMERALDS,467500,10000.0
EMERALDS,467600,10002.0
EMERALDS,467700,10000.0
EMERALDS,467800,10000.0
EMERALDS,467900,10000.0
EMERALDS,468000,10000.0
EMERALDS,468100,10000.0
EMERALDS,468200,10000.0
EMERALDS,468300,10000.0
EMERALDS,468400,10000.0
EMERALDS,468500,10000.0
EMERALDS,468600,10000.0
EMERALDS,468700,10000.0
EMERALDS,468800,10000.0
EMERALDS,468900,10000.0
EMERALDS,469000,10000.0
EMERALDS,469100,10000.0
EMERALDS,469200,10000.0
EMERALDS,469300,10000.0
EMERALDS,469400,10000.0
EMERALDS,469500,10000.0
EMERALDS,469600,10000.0
EMERALDS,469700,10000.0
EMERALDS,469800,10000.0
EMERALDS,469900,10000.0
EMERALDS,470000,10000.0
EMERALDS,470100,10000.0
EMERALDS,470200,10000.0
EMERALDS,470300,10000.0
EMERALDS,470400,10000.0
EMERALDS,470500,9998.0
EMERALDS,470600,10000.0
EMERALDS,470700,10000.0
EMERALDS,470800,10000.0
EMERALDS,470900,10000.0
EMERALDS,471000,10000.0
EMERALDS,471100,10000.0
EMERALDS,471200,10000.0
EMERALDS,471300,10000.0
EMERALDS,471400,10000.0
EMERALDS,471500,10000.0
EMERALDS,471600,10000.0
EMERALDS,471700,10000.0
EMERALDS,471800,10000.0
EMERALDS,471900,10000.0
EMERALDS,472000,10000.0
EMERALDS,472100,10000.0
EMERALDS,472200,9998.0
EMERALDS,472300,10000.0
EMERALDS,472400,10000.0
EMERALDS,472500,10000.0
EMERALDS,472600,10000.0
EMERALDS,472700,10000.0
EMERALDS,472800,10000.0
EMERALDS,472900,10000.0
EMERALDS,473000,10000.0
EMERALDS,473100,10000.0
EMERALDS,473200,10000.0
EMERALDS,473300,10000.0
EMERALDS,473400,10000.0
EMERALDS,473500,10000.0
EMERALDS,473600,10000.0
EMERALDS,473700,10002.0
EMERALDS,473800,10000.0
EMERALDS,473900,10000.0
EMERALDS,474000,10000.0
EMERALDS,474100,10000.0
EMERALDS,474200,10000.0
EMERALDS,474300,10000.0
EMERALDS,474400,10000.0
EMERALDS,474500,10000.0
EMERALDS,474600,10000.0
EMERALDS,474700,10000.0
EMERALDS,474800,10000.0
EMERALDS,474900,10000.0
EMERALDS,475000,10000.0
EMERALDS,475100,10000.0
EMERALDS,475200,10000.0
EMERALDS,475300,10000.0
EMERALDS,475400,10000.0
EMERALDS,475500,10000.0
EMERALDS,475600,10000.0
EMERALDS,475700,10000.0
EMERALDS,475800,10000.0
EMERALDS,475900,10000.0
EMERALDS,476000,10000.0
EMERALDS,476100,10000.0
EMERALDS,476200,10000.0
EMERALDS,476300,10002.0
EMERALDS,476400,10000.0
EMERALDS,476500,10000.0
EMERALDS,476600,10000.0
EMERALDS,476700,10000.0
EMERALDS,476800,10000.0
EMERALDS,476900,10000.0
EMERALDS,477000,10000.0
EMERALDS,477100,10000.0
EMERALDS,477200,10000.0
EMERALDS,477300,10000.0
EMERALDS,477400,10000.0
EMERALDS,477500,10000.0
EMERALDS,477600,10000.0
EMERALDS,477700,10000.0
EMERALDS,477800,9998.0
EMERALDS,477900,10000.0
EMERALDS,478000,10000.0
EMERALDS,478100,10000.0
EMERALDS,478200,10000.0
EMERALDS,478300,10000.0
EMERALDS,478400,10000.0
EMERALDS,478500,9998.0
EMERALDS,478600,9998.0
EMERALDS,478700,10000.0
EMERALDS,478800,10000.0
EMERALDS,478900,10000.0
EMERALDS,479000,10000.0
EMERALDS,479100,10000.0
EMERALDS,479200,10000.0
EMERALDS,479300,10000.0
EMERALDS,479400,10000.0
EMERALDS,479500,10000.0
EMERALDS,479600,10000.0
EMERALDS,479700,10000.0
EMERALDS,479800,10000.0
EMERALDS,479900,10000.0
EMERALDS,480000,10000.0
EMERALDS,480100,10000.0
EMERALDS,480200,10000.0
EMERALDS,480300,10000.0
EMERALDS,480400,10000.0
EMERALDS,480500,10000.0
EMERALDS,480600,10000.0
EMERALDS,480700,10000.0
EMERALDS,480800,10000.0
EMERALDS,480900,10000.0
EMERALDS,481000,10000.0
EMERALDS,481100,10000.0
EMERALDS,481200,10000.0
EMERALDS,481300,10000.0
EMERALDS,481400,10000.0
EMERALDS,481500,10000.0
EMERALDS,481600,10000.0
EMERALDS,481700,10000.0
EMERALDS,481800,10000.0
EMERALDS,481900,10002.0
EMERALDS,482000,10000.0
EMERALDS,482100,10000.0
EMERALDS,482200,10000.0
EMERALDS,482300,10000.0
EMERALDS,482400,10000.0
EMERALDS,482500,10000.0
EMERALDS,482600,10002.0
EMERALDS,482700,10000.0
EMERALDS,482800,10000.0
EMERALDS,482900,10000.0
EMERALDS,483000,10000.0
EMERALDS,483100,10000.0
EMERALDS,483200,10000.0
EMERALDS,483300,10000.0
EMERALDS,483400,10000.0
EMERALDS,483500,10000.0
EMERALDS,483600,10000.0
EMERALDS,483700,10000.0
EMERALDS,483800,10000.0
EMERALDS,483900,10000.0
EMERALDS,484000,10000.0
EMERALDS,484100,10000.0
EMERALDS,484200,10000.0
EMERALDS,484300,10000.0
EMERALDS,484400,10000.0
EMERALDS,484500,10000.0
EMERALDS,484600,10000.0
EMERALDS,484700,10000.0
EMERALDS,484800,10000.0
EMERALDS,484900,10000.0
EMERALDS,485000,10000.0
EMERALDS,485100,10002.0
EMERALDS,485200,10000.0
EMERALDS,485300,10000.0
EMERALDS,485400,10000.0
EMERALDS,485500,10000.0
EMERALDS,485600,10000.0
EMERALDS,485700,10000.0
EMERALDS,485800,10000.0
EMERALDS,485900,10000.0
EMERALDS,486000,10000.0
EMERALDS,486100,10000.0
EMERALDS,486200,10000.0
EMERALDS,486300,10000.0
EMERALDS,486400,10000.0
EMERALDS,486500,10000.0
EMERALDS,486600,10000.0
EMERALDS,486700,10000.0
EMERALDS,486800,10000.0
EMERALDS,486900,10000.0
EMERALDS,487000,10000.0
EMERALDS,487100,10000.0
EMERALDS,487200,10000.0
EMERALDS,487300,10000.0
EMERALDS,487400,10000.0
EMERALDS,487500,10000.0
EMERALDS,487600,10000.0
EMERALDS,487700,10000.0
EMERALDS,487800,10000.0
EMERALDS,487900,10000.0
EMERALDS,488000,10000.0
EMERALDS,488100,10000.0
EMERALDS,488200,10000.0
EMERALDS,488300,10000.0
EMERALDS,488400,10000.0
EMERALDS,488500,10000.0
EMERALDS,488600,10000.0
EMERALDS,488700,10000.0
EMERALDS,488800,9998.0
EMERALDS,488900,10000.0
EMERALDS,489000,10002.0
EMERALDS,489100,10002.0
EMERALDS,489200,10000.0
EMERALDS,489300,10000.0
EMERALDS,489400,10000.0
EMERALDS,489500,10000.0
EMERALDS,489600,10000.0
EMERALDS,489700,10000.0
EMERALDS,489800,10000.0
EMERALDS,489900,10000.0
EMERALDS,490000,10000.0
EMERALDS,490100,10000.0
EMERALDS,490200,10000.0
EMERALDS,490300,10000.0
EMERALDS,490400,10000.0
EMERALDS,490500,10000.0
EMERALDS,490600,10000.0
EMERALDS,490700,10000.0
EMERALDS,490800,10000.0
EMERALDS,490900,10000.0
EMERALDS,491000,10000.0
EMERALDS,491100,10000.0
EMERALDS,491200,10000.0
EMERALDS,491300,10000.0
EMERALDS,491400,10000.0
EMERALDS,491500,10000.0
EMERALDS,491600,10000.0
EMERALDS,491700,10000.0
EMERALDS,491800,10000.0
EMERALDS,491900,10000.0
EMERALDS,492000,10000.0
EMERALDS,492100,10000.0
EMERALDS,492200,10000.0
EMERALDS,492300,10000.0
EMERALDS,492400,10000.0
EMERALDS,492500,10000.0
EMERALDS,492600,10000.0
EMERALDS,492700,10000.0
EMERALDS,492800,10000.0
EMERALDS,492900,10000.0
EMERALDS,493000,10000.0
EMERALDS,493100,10000.0
EMERALDS,493200,10002.0
EMERALDS,493300,10000.0
EMERALDS,493400,10000.0
EMERALDS,493500,10000.0
EMERALDS,493600,10000.0
EMERALDS,493700,10000.0
EMERALDS,493800,10000.0
EMERALDS,493900,10000.0
EMERALDS,494000,10000.0
EMERALDS,494100,10000.0
EMERALDS,494200,10000.0
EMERALDS,494300,10000.0
EMERALDS,494400,10000.0
EMERALDS,494500,10000.0
EMERALDS,494600,10002.0
EMERALDS,494700,10000.0
EMERALDS,494800,10000.0
EMERALDS,494900,10000.0
EMERALDS,495000,10000.0
EMERALDS,495100,10000.0
EMERALDS,495200,10000.0
EMERALDS,495300,10000.0
EMERALDS,495400,10000.0
EMERALDS,495500,10000.0
EMERALDS,495600,10000.0
EMERALDS,495700,10000.0
EMERALDS,495800,10000.0
EMERALDS,495900,9998.0
EMERALDS,496000,10000.0
EMERALDS,496100,9998.0
EMERALDS,496200,10000.0
EMERALDS,496300,10000.0
EMERALDS,496400,10000.0
EMERALDS,496500,10000.0
EMERALDS,496600,10000.0
EMERALDS,496700,10000.0
EMERALDS,496800,10000.0
EMERALDS,496900,10000.0
EMERALDS,497000,10000.0
EMERALDS,497100,10000.0
EMERALDS,497200,10000.0
EMERALDS,497300,9998.0
EMERALDS,497400,10000.0
EMERALDS,497500,10000.0
EMERALDS,497600,10000.0
EMERALDS,497700,10000.0
EMERALDS,497800,10000.0
EMERALDS,497900,10000.0
EMERALDS,498000,10000.0
EMERALDS,498100,10000.0
EMERALDS,498200,10000.0
EMERALDS,498300,10000.0
EMERALDS,498400,10000.0
EMERALDS,498500,10000.0
EMERALDS,498600,10000.0
EMERALDS,498700,10000.0
EMERALDS,498800,10000.0
EMERALDS,498900,10000.0
EMERALDS,499000,9998.0
EMERALDS,499100,10000.0
EMERALDS,499200,10000.0
EMERALDS,499300,10002.0
EMERALDS,499400,9998.0
EMERALDS,499500,10000.0
EMERALDS,499600,10000.0
EMERALDS,499700,10000.0
EMERALDS,499800,10000.0
EMERALDS,499900,10000.0
EMERALDS,500000,10000.0
EMERALDS,500100,10000.0
EMERALDS,500200,10000.0
EMERALDS,500300,10000.0
EMERALDS,500400,10000.0
EMERALDS,500500,10000.0
EMERALDS,500600,10000.0
EMERALDS,500700,10000.0
EMERALDS,500800,10000.0
EMERALDS,500900,10000.0
EMERALDS,501000,10000.0
EMERALDS,501100,10002.0
EMERALDS,501200,10000.0
EMERALDS,501300,10000.0
EMERALDS,501400,10000.0
EMERALDS,501500,10000.0
EMERALDS,501600,10000.0
EMERALDS,501700,10000.0
EMERALDS,501800,10000.0
EMERALDS,501900,10000.0
EMERALDS,502000,10000.0
EMERALDS,502100,10000.0
EMERALDS,502200,10000.0
EMERALDS,502300,10000.0
EMERALDS,502400,10000.0
EMERALDS,502500,10000.0
EMERALDS,502600,10000.0
EMERALDS,502700,10000.0
EMERALDS,502800,10000.0
EMERALDS,502900,10000.0
EMERALDS,503000,10000.0
EMERALDS,503100,10000.0
EMERALDS,503200,10002.0
EMERALDS,503300,10002.0
EMERALDS,503400,10000.0
EMERALDS,503500,10000.0
EMERALDS,503600,10000.0
EMERALDS,503700,10000.0
EMERALDS,503800,10000.0
EMERALDS,503900,10000.0
EMERALDS,504000,10000.0
EMERALDS,504100,10000.0
EMERALDS,504200,10000.0
EMERALDS,504300,10000.0
EMERALDS,504400,10000.0
EMERALDS,504500,10000.0
EMERALDS,504600,10000.0
EMERALDS,504700,10000.0
EMERALDS,504800,9998.0
EMERALDS,504900,10000.0
EMERALDS,505000,10000.0
EMERALDS,505100,10000.0
EMERALDS,505200,10000.0
EMERALDS,505300,10000.0
EMERALDS,505400,9998.0
EMERALDS,505500,10000.0
EMERALDS,505600,10002.0
EMERALDS,505700,10000.0
EMERALDS,505800,10000.0
EMERALDS,505900,10000.0
EMERALDS,506000,10000.0
EMERALDS,506100,10000.0
EMERALDS,506200,10000.0
EMERALDS,506300,10000.0
EMERALDS,506400,9998.0
EMERALDS,506500,10000.0
EMERALDS,506600,10000.0
EMERALDS,506700,10000.0
EMERALDS,506800,10002.0
EMERALDS,506900,10000.0
EMERALDS,507000,10000.0
EMERALDS,507100,10000.0
EMERALDS,507200,10000.0
EMERALDS,507300,9998.0
EMERALDS,507400,10000.0
EMERALDS,507500,10000.0
EMERALDS,507600,10000.0
EMERALDS,507700,10000.0
EMERALDS,507800,10000.0
EMERALDS,507900,10000.0
EMERALDS,508000,10000.0
EMERALDS,508100,10000.0
EMERALDS,508200,10000.0
EMERALDS,508300,10000.0
EMERALDS,508400,10000.0
EMERALDS,508500,10000.0
EMERALDS,508600,10000.0
EMERALDS,508700,10000.0
EMERALDS,508800,10000.0
EMERALDS,508900,10000.0
EMERALDS,509000,10000.0
EMERALDS,509100,10000.0
EMERALDS,509200,10000.0
EMERALDS,509300,10000.0
EMERALDS,509400,10000.0
EMERALDS,509500,10000.0
EMERALDS,509600,10000.0
EMERALDS,509700,10000.0
EMERALDS,509800,10000.0
EMERALDS,509900,9998.0
EMERALDS,510000,10000.0
EMERALDS,510100,10000.0
EMERALDS,510200,10000.0
EMERALDS,510300,10000.0
EMERALDS,510400,10000.0
EMERALDS,510500,10000.0
EMERALDS,510600,10000.0
EMERALDS,510700,10000.0
EMERALDS,510800,10000.0
EMERALDS,510900,10000.0
EMERALDS,511000,10000.0
EMERALDS,511100,10000.0
EMERALDS,511200,10000.0
EMERALDS,511300,10000.0
EMERALDS,511400,10000.0
EMERALDS,511500,10000.0
EMERALDS,511600,10000.0
EMERALDS,511700,10000.0
EMERALDS,511800,10000.0
EMERALDS,511900,10000.0
EMERALDS,512000,10000.0
EMERALDS,512100,10000.0
EMERALDS,512200,10000.0
EMERALDS,512300,10000.0
EMERALDS,512400,10000.0
EMERALDS,512500,10000.0
EMERALDS,512600,10000.0
EMERALDS,512700,10002.0
EMERALDS,512800,10000.0
EMERALDS,512900,10000.0
EMERALDS,513000,10002.0
EMERALDS,513100,10000.0
EMERALDS,513200,10000.0
EMERALDS,513300,10000.0
EMERALDS,513400,9998.0
EMERALDS,513500,10000.0
EMERALDS,513600,10000.0
EMERALDS,513700,10000.0
EMERALDS,513800,10000.0
EMERALDS,513900,10000.0
EMERALDS,514000,10000.0
EMERALDS,514100,10000.0
EMERALDS,514200,10000.0
EMERALDS,514300,10000.0
EMERALDS,514400,10000.0
EMERALDS,514500,10000.0
EMERALDS,514600,10000.0
EMERALDS,514700,10000.0
EMERALDS,514800,10000.0
EMERALDS,514900,10000.0
EMERALDS,515000,10000.0
EMERALDS,515100,10000.0
EMERALDS,515200,10000.0
EMERALDS,515300,10000.0
EMERALDS,515400,10000.0
EMERALDS,515500,10000.0
EMERALDS,515600,10000.0
EMERALDS,515700,10000.0
EMERALDS,515800,10000.0
EMERALDS,515900,10000.0
EMERALDS,516000,10000.0
EMERALDS,516100,10000.0
EMERALDS,516200,10000.0
EMERALDS,516300,10000.0
EMERALDS,516400,10000.0
EMERALDS,516500,10000.0
EMERALDS,516600,10000.0
EMERALDS,516700,10000.0
EMERALDS,516800,10000.0
EMERALDS,516900,10000.0
EMERALDS,517000,10000.0
EMERALDS,517100,10000.0
EMERALDS,517200,10000.0
EMERALDS,517300,10000.0
EMERALDS,517400,10000.0
EMERALDS,517500,10000.0
EMERALDS,517600,10000.0
EMERALDS,517700,10000.0
EMERALDS,517800,10000.0
EMERALDS,517900,10000.0
EMERALDS,518000,10000.0
EMERALDS,518100,9998.0
EMERALDS,518200,10000.0
EMERALDS,518300,10000.0
EMERALDS,518400,10000.0
EMERALDS,518500,10000.0
EMERALDS,518600,10000.0
EMERALDS,518700,10000.0
EMERALDS,518800,10000.0
EMERALDS,518900,10000.0
EMERALDS,519000,10000.0
EMERALDS,519100,10000.0
EMERALDS,519200,10000.0
EMERALDS,519300,10000.0
EMERALDS,519400,10000.0
EMERALDS,519500,10002.0
EMERALDS,519600,10000.0
EMERALDS,519700,10000.0
EMERALDS,519800,10000.0
EMERALDS,519900,10000.0
EMERALDS,520000,10002.0
EMERALDS,520100,10000.0
EMERALDS,520200,10000.0
EMERALDS,520300,10000.0
EMERALDS,520400,10000.0
EMERALDS,520500,10000.0
EMERALDS,520600,10000.0
EMERALDS,520700,10000.0
EMERALDS,520800,10000.0
EMERALDS,520900,10000.0
EMERALDS,521000,10000.0
EMERALDS,521100,10000.0
EMERALDS,521200,10000.0
EMERALDS,521300,10000.0
EMERALDS,521400,10000.0
EMERALDS,521500,10000.0
EMERALDS,521600,10000.0
EMERALDS,521700,10000.0
EMERALDS,521800,10000.0
EMERALDS,521900,10000.0
EMERALDS,522000,10000.0
EMERALDS,522100,10000.0
EMERALDS,522200,10000.0
EMERALDS,522300,10000.0
EMERALDS,522400,10000.0
EMERALDS,522500,10000.0
EMERALDS,522600,10000.0
EMERALDS,522700,10000.0
EMERALDS,522800,10000.0
EMERALDS,522900,10000.0
EMERALDS,523000,10000.0
EMERALDS,523100,10000.0
EMERALDS,523200,10000.0
EMERALDS,523300,10000.0
EMERALDS,523400,10000.0
EMERALDS,523500,10000.0
EMERALDS,523600,10000.0
EMERALDS,523700,10000.0
EMERALDS,523800,10000.0
EMERALDS,523900,9998.0
EMERALDS,524000,10000.0
EMERALDS,524100,10000.0
EMERALDS,524200,10000.0
EMERALDS,524300,10000.0
EMERALDS,524400,10000.0
EMERALDS,524500,10000.0
EMERALDS,524600,10000.0
EMERALDS,524700,10000.0
EMERALDS,524800,10000.0
EMERALDS,524900,10000.0
EMERALDS,525000,10000.0
EMERALDS,525100,10000.0
EMERALDS,525200,10000.0
EMERALDS,525300,10000.0
EMERALDS,525400,9998.0
EMERALDS,525500,10000.0
EMERALDS,525600,10000.0
EMERALDS,525700,10000.0
EMERALDS,525800,10000.0
EMERALDS,525900,10000.0
EMERALDS,526000,9998.0
EMERALDS,526100,10000.0
EMERALDS,526200,10000.0
EMERALDS,526300,10000.0
EMERALDS,526400,10000.0
EMERALDS,526500,10000.0
EMERALDS,526600,10000.0
EMERALDS,526700,10000.0
EMERALDS,526800,10000.0
EMERALDS,526900,10000.0
EMERALDS,527000,10000.0
EMERALDS,527100,10000.0
EMERALDS,527200,10000.0
EMERALDS,527300,10000.0
EMERALDS,527400,10000.0
EMERALDS,527500,10000.0
EMERALDS,527600,10000.0
EMERALDS,527700,9998.0
EMERALDS,527800,10000.0
EMERALDS,527900,10002.0
EMERALDS,528000,10000.0
EMERALDS,528100,10000.0
EMERALDS,528200,10000.0
EMERALDS,528300,10000.0
EMERALDS,528400,9998.0
EMERALDS,528500,10000.0
EMERALDS,528600,10000.0
EMERALDS,528700,10000.0
EMERALDS,528800,10000.0
EMERALDS,528900,10000.0
EMERALDS,529000,10000.0
EMERALDS,529100,10000.0
EMERALDS,529200,10000.0
EMERALDS,529300,10000.0
EMERALDS,529400,10000.0
EMERALDS,529500,10000.0
EMERALDS,529600,10000.0
EMERALDS,529700,10000.0
EMERALDS,529800,10000.0
EMERALDS,529900,10000.0
EMERALDS,530000,10000.0
EMERALDS,530100,10000.0
EMERALDS,530200,10000.0
EMERALDS,530300,10000.0
EMERALDS,530400,10000.0
EMERALDS,530500,10000.0
EMERALDS,530600,10002.0
EMERALDS,530700,10000.0
EMERALDS,530800,10000.0
EMERALDS,530900,10000.0
EMERALDS,531000,10000.0
EMERALDS,531100,10000.0
EMERALDS,531200,10000.0
EMERALDS,531300,10000.0
EMERALDS,531400,10000.0
EMERALDS,531500,10000.0
EMERALDS,531600,10000.0
EMERALDS,531700,10000.0
EMERALDS,531800,10000.0
EMERALDS,531900,10000.0
EMERALDS,532000,10000.0
EMERALDS,532100,10000.0
EMERALDS,532200,10000.0
EMERALDS,532300,10000.0
EMERALDS,532400,10000.0
EMERALDS,532500,10000.0
EMERALDS,532600,10000.0
EMERALDS,532700,10000.0
EMERALDS,532800,10000.0
EMERALDS,532900,9998.0
EMERALDS,533000,10000.0
EMERALDS,533100,10000.0
EMERALDS,533200,10000.0
EMERALDS,533300,10000.0
EMERALDS,533400,10000.0
EMERALDS,533500,10002.0
EMERALDS,533600,10000.0
EMERALDS,533700,10000.0
EMERALDS,533800,10000.0
EMERALDS,533900,10000.0
EMERALDS,534000,10000.0
EMERALDS,534100,10000.0
EMERALDS,534200,10000.0
EMERALDS,534300,10000.0
EMERALDS,534400,10000.0
EMERALDS,534500,10000.0
EMERALDS,534600,10000.0
EMERALDS,534700,10000.0
EMERALDS,534800,10000.0
EMERALDS,534900,10000.0
EMERALDS,535000,10000.0
EMERALDS,535100,10000.0
EMERALDS,535200,10000.0
EMERALDS,535300,10000.0
EMERALDS,535400,10000.0
EMERALDS,535500,10000.0
EMERALDS,535600,10000.0
EMERALDS,535700,10000.0
EMERALDS,535800,10000.0
EMERALDS,535900,9998.0
EMERALDS,536000,10000.0
EMERALDS,536100,10000.0
EMERALDS,536200,10000.0
EMERALDS,536300,10000.0
EMERALDS,536400,10000.0
EMERALDS,536500,10000.0
EMERALDS,536600,10000.0
EMERALDS,536700,10000.0
EMERALDS,536800,10000.0
EMERALDS,536900,10000.0
EMERALDS,537000,10000.0
EMERALDS,537100,10000.0
EMERALDS,537200,10000.0
EMERALDS,537300,10000.0
EMERALDS,537400,10000.0
EMERALDS,537500,10000.0
EMERALDS,537600,10000.0
EMERALDS,537700,10000.0
EMERALDS,537800,10000.0
EMERALDS,537900,10000.0
EMERALDS,538000,10000.0
EMERALDS,538100,10000.0
EMERALDS,538200,10000.0
EMERALDS,538300,10000.0
EMERALDS,538400,10000.0
EMERALDS,538500,10000.0
EMERALDS,538600,10000.0
EMERALDS,538700,10000.0
EMERALDS,538800,10000.0
EMERALDS,538900,10000.0
EMERALDS,539000,10000.0
EMERALDS,539100,10000.0
EMERALDS,539200,10000.0
EMERALDS,539300,10000.0
EMERALDS,539400,10000.0
EMERALDS,539500,10000.0
EMERALDS,539600,10000.0
EMERALDS,539700,10000.0
EMERALDS,539800,10000.0
EMERALDS,539900,10000.0
EMERALDS,540000,10000.0
EMERALDS,540100,10000.0
EMERALDS,540200,10000.0
EMERALDS,540300,10000.0
EMERALDS,540400,10000.0
EMERALDS,540500,10000.0
EMERALDS,540600,9998.0
EMERALDS,540700,10000.0
EMERALDS,540800,10000.0
EMERALDS,540900,10000.0
EMERALDS,541000,10000.0
EMERALDS,541100,10000.0
EMERALDS,541200,10000.0
EMERALDS,541300,10000.0
EMERALDS,541400,10000.0
EMERALDS,541500,10000.0
EMERALDS,541600,10000.0
EMERALDS,541700,10000.0
EMERALDS,541800,10000.0
EMERALDS,541900,10000.0
EMERALDS,542000,10000.0
EMERALDS,542100,10000.0
EMERALDS,542200,10000.0
EMERALDS,542300,10000.0
EMERALDS,542400,10000.0
EMERALDS,542500,10000.0
EMERALDS,542600,10000.0
EMERALDS,542700,10000.0
EMERALDS,542800,10000.0
EMERALDS,542900,10000.0
EMERALDS,543000,10000.0
EMERALDS,543100,10000.0
EMERALDS,543200,10000.0
EMERALDS,543300,10000.0
EMERALDS,543400,10000.0
EMERALDS,543500,10000.0
EMERALDS,543600,10000.0
EMERALDS,543700,9998.0
EMERALDS,543800,10000.0
EMERALDS,543900,10000.0
EMERALDS,544000,10000.0
EMERALDS,544100,10000.0
EMERALDS,544200,9998.0
EMERALDS,544300,10000.0
EMERALDS,544400,10000.0
EMERALDS,544500,10000.0
EMERALDS,544600,10000.0
EMERALDS,544700,10000.0
EMERALDS,544800,10000.0
EMERALDS,544900,10000.0
EMERALDS,545000,10000.0
EMERALDS,545100,10000.0
EMERALDS,545200,10000.0
EMERALDS,545300,10000.0
EMERALDS,545400,9998.0
EMERALDS,545500,10000.0
EMERALDS,545600,10000.0
EMERALDS,545700,10000.0
EMERALDS,545800,10002.0
EMERALDS,545900,10000.0
EMERALDS,546000,10000.0
EMERALDS,546100,10000.0
EMERALDS,546200,10000.0
EMERALDS,546300,10000.0
EMERALDS,546400,10000.0
EMERALDS,546500,10002.0
EMERALDS,546600,10000.0
EMERALDS,546700,10000.0
EMERALDS,546800,10000.0
EMERALDS,546900,10000.0
EMERALDS,547000,10000.0
EMERALDS,547100,10000.0
EMERALDS,547200,10000.0
EMERALDS,547300,10000.0
EMERALDS,547400,10000.0
EMERALDS,547500,10000.0
EMERALDS,547600,10000.0
EMERALDS,547700,10000.0
EMERALDS,547800,10000.0
EMERALDS,547900,10000.0
EMERALDS,548000,10000.0
EMERALDS,548100,10000.0
EMERALDS,548200,10000.0
EMERALDS,548300,10000.0
EMERALDS,548400,10000.0
EMERALDS,548500,10000.0
EMERALDS,548600,10000.0
EMERALDS,548700,10000.0
EMERALDS,548800,10000.0
EMERALDS,548900,10000.0
EMERALDS,549000,10000.0
EMERALDS,549100,10000.0
EMERALDS,549200,9998.0
EMERALDS,549300,10000.0
EMERALDS,549400,10000.0
EMERALDS,549500,10000.0
EMERALDS,549600,10000.0
EMERALDS,549700,10000.0
EMERALDS,549800,10000.0
EMERALDS,549900,10000.0
EMERALDS,550000,10000.0
EMERALDS,550100,10000.0
EMERALDS,550200,10000.0
EMERALDS,550300,10000.0
EMERALDS,550400,10000.0
EMERALDS,550500,10000.0
EMERALDS,550600,10000.0
EMERALDS,550700,10000.0
EMERALDS,550800,10000.0
EMERALDS,550900,10000.0
EMERALDS,551000,10000.0
EMERALDS,551100,10000.0
EMERALDS,551200,10000.0
EMERALDS,551300,10000.0
EMERALDS,551400,10000.0
EMERALDS,551500,10000.0
EMERALDS,551600,10000.0
EMERALDS,551700,10000.0
EMERALDS,551800,10000.0
EMERALDS,551900,10000.0
EMERALDS,552000,10002.0
EMERALDS,552100,10000.0
EMERALDS,552200,10000.0
EMERALDS,552300,10000.0
EMERALDS,552400,10000.0
EMERALDS,552500,10000.0
EMERALDS,552600,10000.0
EMERALDS,552700,9998.0
EMERALDS,552800,10000.0
EMERALDS,552900,10000.0
EMERALDS,553000,10000.0
EMERALDS,553100,10000.0
EMERALDS,553200,9998.0
EMERALDS,553300,10000.0
EMERALDS,553400,10000.0
EMERALDS,553500,10002.0
EMERALDS,553600,10000.0
EMERALDS,553700,10000.0
EMERALDS,553800,10000.0
EMERALDS,553900,10000.0
EMERALDS,554000,10000.0
EMERALDS,554100,10000.0
EMERALDS,554200,10000.0
EMERALDS,554300,10000.0
EMERALDS,554400,10000.0
EMERALDS,554500,10000.0
EMERALDS,554600,10000.0
EMERALDS,554700,10000.0
EMERALDS,554800,10000.0
EMERALDS,554900,10000.0
EMERALDS,555000,10000.0
EMERALDS,555100,10000.0
EMERALDS,555200,10000.0
EMERALDS,555300,10000.0
EMERALDS,555400,10000.0
EMERALDS,555500,10000.0
EMERALDS,555600,10000.0
EMERALDS,555700,10000.0
EMERALDS,555800,10000.0
EMERALDS,555900,10000.0
EMERALDS,556000,10000.0
EMERALDS,556100,10000.0
EMERALDS,556200,10000.0
EMERALDS,556300,10000.0
EMERALDS,556400,10000.0
EMERALDS,556500,10000.0
EMERALDS,556600,10000.0
EMERALDS,556700,10000.0
EMERALDS,556800,9998.0
EMERALDS,556900,10000.0
EMERALDS,557000,10000.0
EMERALDS,557100,10000.0
EMERALDS,557200,10000.0
EMERALDS,557300,10002.0
EMERALDS,557400,10000.0
EMERALDS,557500,10000.0
EMERALDS,557600,10000.0
EMERALDS,557700,10000.0
EMERALDS,557800,10000.0
EMERALDS,557900,10000.0
EMERALDS,558000,10000.0
EMERALDS,558100,10000.0
EMERALDS,558200,10000.0
EMERALDS,558300,10000.0
EMERALDS,558400,10000.0
EMERALDS,558500,10000.0
EMERALDS,558600,10000.0
EMERALDS,558700,10000.0
EMERALDS,558800,10000.0
EMERALDS,558900,10000.0
EMERALDS,559000,10000.0
EMERALDS,559100,10000.0
EMERALDS,559200,10000.0
EMERALDS,559300,10000.0
EMERALDS,559400,10000.0
EMERALDS,559500,10000.0
EMERALDS,559600,10000.0
EMERALDS,559700,10000.0
EMERALDS,559800,10000.0
EMERALDS,559900,10000.0
EMERALDS,560000,10000.0
EMERALDS,560100,10000.0
EMERALDS,560200,10000.0
EMERALDS,560300,10000.0
EMERALDS,560400,10000.0
EMERALDS,560500,10000.0
EMERALDS,560600,10000.0
EMERALDS,560700,10000.0
EMERALDS,560800,10000.0
EMERALDS,560900,10000.0
EMERALDS,561000,10000.0
EMERALDS,561100,10000.0
EMERALDS,561200,10000.0
EMERALDS,561300,10000.0
EMERALDS,561400,10000.0
EMERALDS,561500,10000.0
EMERALDS,561600,9998.0
EMERALDS,561700,10000.0
EMERALDS,561800,10000.0
EMERALDS,561900,10000.0
EMERALDS,562000,10000.0
EMERALDS,562100,10000.0
EMERALDS,562200,10000.0
EMERALDS,562300,10000.0
EMERALDS,562400,10000.0
EMERALDS,562500,10000.0
EMERALDS,562600,10000.0
EMERALDS,562700,10000.0
EMERALDS,562800,10000.0
EMERALDS,562900,10000.0
EMERALDS,563000,10000.0
EMERALDS,563100,10000.0
EMERALDS,563200,10000.0
EMERALDS,563300,10000.0
EMERALDS,563400,10000.0
EMERALDS,563500,10002.0
EMERALDS,563600,10000.0
EMERALDS,563700,10000.0
EMERALDS,563800,10000.0
EMERALDS,563900,10000.0
EMERALDS,564000,10000.0
EMERALDS,564100,10000.0
EMERALDS,564200,10000.0
EMERALDS,564300,10000.0
EMERALDS,564400,10000.0
EMERALDS,564500,10000.0
EMERALDS,564600,10000.0
EMERALDS,564700,10000.0
EMERALDS,564800,10000.0
EMERALDS,564900,10000.0
EMERALDS,565000,10000.0
EMERALDS,565100,10000.0
EMERALDS,565200,10000.0
EMERALDS,565300,10000.0
EMERALDS,565400,10000.0
EMERALDS,565500,10000.0
EMERALDS,565600,10000.0
EMERALDS,565700,10000.0
EMERALDS,565800,10000.0
EMERALDS,565900,10000.0
EMERALDS,566000,10000.0
EMERALDS,566100,10000.0
EMERALDS,566200,10000.0
EMERALDS,566300,10000.0
EMERALDS,566400,10000.0
EMERALDS,566500,10002.0
EMERALDS,566600,10000.0
EMERALDS,566700,10000.0
EMERALDS,566800,10000.0
EMERALDS,566900,10000.0
EMERALDS,567000,10000.0
EMERALDS,567100,10000.0
EMERALDS,567200,10000.0
EMERALDS,567300,10000.0
EMERALDS,567400,10000.0
EMERALDS,567500,10000.0
EMERALDS,567600,10000.0
EMERALDS,567700,10000.0
EMERALDS,567800,10000.0
EMERALDS,567900,10000.0
EMERALDS,568000,10000.0
EMERALDS,568100,10000.0
EMERALDS,568200,10000.0
EMERALDS,568300,10000.0
EMERALDS,568400,10000.0
EMERALDS,568500,10000.0
EMERALDS,568600,10000.0
EMERALDS,568700,10000.0
EMERALDS,568800,10000.0
EMERALDS,568900,10000.0
EMERALDS,569000,10000.0
EMERALDS,569100,10000.0
EMERALDS,569200,10000.0
EMERALDS,569300,10000.0
EMERALDS,569400,10000.0
EMERALDS,569500,10000.0
EMERALDS,569600,10000.0
EMERALDS,569700,10000.0
EMERALDS,569800,10000.0
EMERALDS,569900,10000.0
EMERALDS,570000,10000.0
EMERALDS,570100,10000.0
EMERALDS,570200,10000.0
EMERALDS,570300,10000.0
EMERALDS,570400,10000.0
EMERALDS,570500,10000.0
EMERALDS,570600,9998.0
EMERALDS,570700,10000.0
EMERALDS,570800,10000.0
EMERALDS,570900,10000.0
EMERALDS,571000,10000.0
EMERALDS,571100,10000.0
EMERALDS,571200,10000.0
EMERALDS,571300,10000.0
EMERALDS,571400,10000.0
EMERALDS,571500,10000.0
EMERALDS,571600,10000.0
EMERALDS,571700,10000.0
EMERALDS,571800,10000.0
EMERALDS,571900,10000.0
EMERALDS,572000,10000.0
EMERALDS,572100,10000.0
EMERALDS,572200,10000.0
EMERALDS,572300,10000.0
EMERALDS,572400,10000.0
EMERALDS,572500,10000.0
EMERALDS,572600,10000.0
EMERALDS,572700,10000.0
EMERALDS,572800,10000.0
EMERALDS,572900,10000.0
EMERALDS,573000,10000.0
EMERALDS,573100,10000.0
EMERALDS,573200,10000.0
EMERALDS,573300,10000.0
EMERALDS,573400,10000.0
EMERALDS,573500,10000.0
EMERALDS,573600,10000.0
EMERALDS,573700,10000.0
EMERALDS,573800,10000.0
EMERALDS,573900,10000.0
EMERALDS,574000,10000.0
EMERALDS,574100,10000.0
EMERALDS,574200,10000.0
EMERALDS,574300,10000.0
EMERALDS,574400,10000.0
EMERALDS,574500,10000.0
EMERALDS,574600,10000.0
EMERALDS,574700,10000.0
EMERALDS,574800,10000.0
EMERALDS,574900,10000.0
EMERALDS,575000,10000.0
EMERALDS,575100,10000.0
EMERALDS,575200,10000.0
EMERALDS,575300,10000.0
EMERALDS,575400,10000.0
EMERALDS,575500,10000.0
EMERALDS,575600,10000.0
EMERALDS,575700,9998.0
EMERALDS,575800,10000.0
EMERALDS,575900,10000.0
EMERALDS,576000,10000.0
EMERALDS,576100,10000.0
EMERALDS,576200,9998.0
EMERALDS,576300,10000.0
EMERALDS,576400,10000.0
EMERALDS,576500,10000.0
EMERALDS,576600,10000.0
EMERALDS,576700,10000.0
EMERALDS,576800,10000.0
EMERALDS,576900,10000.0
EMERALDS,577000,10000.0
EMERALDS,577100,10000.0
EMERALDS,577200,10000.0
EMERALDS,577300,10000.0
EMERALDS,577400,10000.0
EMERALDS,577500,10000.0
EMERALDS,577600,10000.0
EMERALDS,577700,10000.0
EMERALDS,577800,10000.0
EMERALDS,577900,10000.0
EMERALDS,578000,10000.0
EMERALDS,578100,10000.0
EMERALDS,578200,10000.0
EMERALDS,578300,10000.0
EMERALDS,578400,10000.0
EMERALDS,578500,10000.0
EMERALDS,578600,10000.0
EMERALDS,578700,10000.0
EMERALDS,578800,10000.0
EMERALDS,578900,10000.0
EMERALDS,579000,10000.0
EMERALDS,579100,10000.0
EMERALDS,579200,10000.0
EMERALDS,579300,10000.0
EMERALDS,579400,10000.0
EMERALDS,579500,10000.0
EMERALDS,579600,10000.0
EMERALDS,579700,10000.0
EMERALDS,579800,10000.0
EMERALDS,579900,10000.0
EMERALDS,580000,10000.0
EMERALDS,580100,10000.0
EMERALDS,580200,10000.0
EMERALDS,580300,10000.0
EMERALDS,580400,10000.0
EMERALDS,580500,10000.0
EMERALDS,580600,10000.0
EMERALDS,580700,10000.0
EMERALDS,580800,10000.0
EMERALDS,580900,10000.0
EMERALDS,581000,10000.0
EMERALDS,581100,10000.0
EMERALDS,581200,10000.0
EMERALDS,581300,10000.0
EMERALDS,581400,10000.0
EMERALDS,581500,10000.0
EMERALDS,581600,10000.0
EMERALDS,581700,10000.0
EMERALDS,581800,10000.0
EMERALDS,581900,10000.0
EMERALDS,582000,10000.0
EMERALDS,582100,10000.0
EMERALDS,582200,10000.0
EMERALDS,582300,10000.0
EMERALDS,582400,10000.0
EMERALDS,582500,10000.0
EMERALDS,582600,10000.0
EMERALDS,582700,10000.0
EMERALDS,582800,10000.0
EMERALDS,582900,10000.0
EMERALDS,583000,10000.0
EMERALDS,583100,10000.0
EMERALDS,583200,10000.0
EMERALDS,583300,10000.0
EMERALDS,583400,10000.0
EMERALDS,583500,10000.0
EMERALDS,583600,10000.0
EMERALDS,583700,10000.0
EMERALDS,583800,10000.0
EMERALDS,583900,10000.0
EMERALDS,584000,10000.0
EMERALDS,584100,10000.0
EMERALDS,584200,10000.0
EMERALDS,584300,10000.0
EMERALDS,584400,10000.0
EMERALDS,584500,10000.0
EMERALDS,584600,10000.0
EMERALDS,584700,10000.0
EMERALDS,584800,10000.0
EMERALDS,584900,10000.0
EMERALDS,585000,10000.0
EMERALDS,585100,10000.0
EMERALDS,585200,10000.0
EMERALDS,585300,10000.0
EMERALDS,585400,10000.0
EMERALDS,585500,10000.0
EMERALDS,585600,10000.0
EMERALDS,585700,10000.0
EMERALDS,585800,10000.0
EMERALDS,585900,10000.0
EMERALDS,586000,9998.0
EMERALDS,586100,10000.0
EMERALDS,586200,10000.0
EMERALDS,586300,10000.0
EMERALDS,586400,10000.0
EMERALDS,586500,10000.0
EMERALDS,586600,10000.0
EMERALDS,586700,10000.0
EMERALDS,586800,10000.0
EMERALDS,586900,10000.0
EMERALDS,587000,10000.0
EMERALDS,587100,10000.0
EMERALDS,587200,10000.0
EMERALDS,587300,10000.0
EMERALDS,587400,10000.0
EMERALDS,587500,10000.0
EMERALDS,587600,10002.0
EMERALDS,587700,10000.0
EMERALDS,587800,10000.0
EMERALDS,587900,10000.0
EMERALDS,588000,10000.0
EMERALDS,588100,10000.0
EMERALDS,588200,10000.0
EMERALDS,588300,10002.0
EMERALDS,588400,10000.0
EMERALDS,588500,10000.0
EMERALDS,588600,10000.0
EMERALDS,588700,10000.0
EMERALDS,588800,10000.0
EMERALDS,588900,10000.0
EMERALDS,589000,10000.0
EMERALDS,589100,10000.0
EMERALDS,589200,9998.0
EMERALDS,589300,10000.0
EMERALDS,589400,10000.0
EMERALDS,589500,10000.0
EMERALDS,589600,10000.0
EMERALDS,589700,10000.0
EMERALDS,589800,10000.0
EMERALDS,589900,9998.0
EMERALDS,590000,10000.0
EMERALDS,590100,10000.0
EMERALDS,590200,10000.0
EMERALDS,590300,10000.0
EMERALDS,590400,10000.0
EMERALDS,590500,10000.0
EMERALDS,590600,10000.0
EMERALDS,590700,10000.0
EMERALDS,590800,10000.0
EMERALDS,590900,10000.0
EMERALDS,591000,10000.0
EMERALDS,591100,10000.0
EMERALDS,591200,10000.0
EMERALDS,591300,10000.0
EMERALDS,591400,10000.0
EMERALDS,591500,10000.0
EMERALDS,591600,10000.0
EMERALDS,591700,10000.0
EMERALDS,591800,10000.0
EMERALDS,591900,10000.0
EMERALDS,592000,10000.0
EMERALDS,592100,10000.0
EMERALDS,592200,10000.0
EMERALDS,592300,10000.0
EMERALDS,592400,10000.0
EMERALDS,592500,10000.0
EMERALDS,592600,10000.0
EMERALDS,592700,10000.0
EMERALDS,592800,10000.0
EMERALDS,592900,10000.0
EMERALDS,593000,10000.0
EMERALDS,593100,10000.0
EMERALDS,593200,10000.0
EMERALDS,593300,10000.0
EMERALDS,593400,10000.0
EMERALDS,593500,10000.0
EMERALDS,593600,10000.0
EMERALDS,593700,10000.0
EMERALDS,593800,10000.0
EMERALDS,593900,10000.0
EMERALDS,594000,10000.0
EMERALDS,594100,10000.0
EMERALDS,594200,10000.0
EMERALDS,594300,10000.0
EMERALDS,594400,10000.0
EMERALDS,594500,10000.0
EMERALDS,594600,10000.0
EMERALDS,594700,10000.0
EMERALDS,594800,10000.0
EMERALDS,594900,10000.0
EMERALDS,595000,10000.0
EMERALDS,595100,10000.0
EMERALDS,595200,10000.0
EMERALDS,595300,10000.0
EMERALDS,595400,10000.0
EMERALDS,595500,10000.0
EMERALDS,595600,10000.0
EMERALDS,595700,10000.0
EMERALDS,595800,10000.0
EMERALDS,595900,10000.0
EMERALDS,596000,10000.0
EMERALDS,596100,10000.0
EMERALDS,596200,10002.0
EMERALDS,596300,10000.0
EMERALDS,596400,10000.0
EMERALDS,596500,10000.0
EMERALDS,596600,10000.0
EMERALDS,596700,10000.0
EMERALDS,596800,10000.0
EMERALDS,596900,10000.0
EMERALDS,597000,10002.0
EMERALDS,597100,10000.0
EMERALDS,597200,10000.0
EMERALDS,597300,10000.0
EMERALDS,597400,10000.0
EMERALDS,597500,10000.0
EMERALDS,597600,10000.0
EMERALDS,597700,10000.0
EMERALDS,597800,10000.0
EMERALDS,597900,10000.0
EMERALDS,598000,10000.0
EMERALDS,598100,10000.0
EMERALDS,598200,10000.0
EMERALDS,598300,10000.0
EMERALDS,598400,10000.0
EMERALDS,598500,10000.0
EMERALDS,598600,10000.0
EMERALDS,598700,10000.0
EMERALDS,598800,10000.0
EMERALDS,598900,10000.0
EMERALDS,599000,10000.0
EMERALDS,599100,10000.0
EMERALDS,599200,10000.0
EMERALDS,599300,10000.0
EMERALDS,599400,10000.0
EMERALDS,599500,9998.0
EMERALDS,599600,10000.0
EMERALDS,599700,10000.0
EMERALDS,599800,10000.0
EMERALDS,599900,10000.0
EMERALDS,600000,10000.0
EMERALDS,600100,10000.0
EMERALDS,600200,10000.0
EMERALDS,600300,10000.0
EMERALDS,600400,10000.0
EMERALDS,600500,9998.0
EMERALDS,600600,10000.0
EMERALDS,600700,10000.0
EMERALDS,600800,10000.0
EMERALDS,600900,10000.0
EMERALDS,601000,10000.0
EMERALDS,601100,10000.0
EMERALDS,601200,10000.0
EMERALDS,601300,10000.0
EMERALDS,601400,10000.0
EMERALDS,601500,10000.0
EMERALDS,601600,9998.0
EMERALDS,601700,10000.0
EMERALDS,601800,10002.0
EMERALDS,601900,10000.0
EMERALDS,602000,10000.0
EMERALDS,602100,10000.0
EMERALDS,602200,10000.0
EMERALDS,602300,10000.0
EMERALDS,602400,10000.0
EMERALDS,602500,9998.0
EMERALDS,602600,10000.0
EMERALDS,602700,10000.0
EMERALDS,602800,10000.0
EMERALDS,602900,10000.0
EMERALDS,603000,10000.0
EMERALDS,603100,10000.0
EMERALDS,603200,10000.0
EMERALDS,603300,10000.0
EMERALDS,603400,10000.0
EMERALDS,603500,10000.0
EMERALDS,603600,10000.0
EMERALDS,603700,10002.0
EMERALDS,603800,10000.0
EMERALDS,603900,10000.0
EMERALDS,604000,10000.0
EMERALDS,604100,10000.0
EMERALDS,604200,10000.0
EMERALDS,604300,10000.0
EMERALDS,604400,10000.0
EMERALDS,604500,10000.0
EMERALDS,604600,10000.0
EMERALDS,604700,10002.0
EMERALDS,604800,10000.0
EMERALDS,604900,10000.0
EMERALDS,605000,9998.0
EMERALDS,605100,10000.0
EMERALDS,605200,10000.0
EMERALDS,605300,10000.0
EMERALDS,605400,10000.0
EMERALDS,605500,10000.0
EMERALDS,605600,10000.0
EMERALDS,605700,10000.0
EMERALDS,605800,10000.0
EMERALDS,605900,10000.0
EMERALDS,606000,10000.0
EMERALDS,606100,10000.0
EMERALDS,606200,10000.0
EMERALDS,606300,10000.0
EMERALDS,606400,10002.0
EMERALDS,606500,10000.0
EMERALDS,606600,10000.0
EMERALDS,606700,10000.0
EMERALDS,606800,10000.0
EMERALDS,606900,10002.0
EMERALDS,607000,10000.0
EMERALDS,607100,10000.0
EMERALDS,607200,10000.0
EMERALDS,607300,10000.0
EMERALDS,607400,10000.0
EMERALDS,607500,10000.0
EMERALDS,607600,10000.0
EMERALDS,607700,10000.0
EMERALDS,607800,10000.0
EMERALDS,607900,10000.0
EMERALDS,608000,10000.0
EMERALDS,608100,10000.0
EMERALDS,608200,10000.0
EMERALDS,608300,10000.0
EMERALDS,608400,10000.0
EMERALDS,608500,10000.0
EMERALDS,608600,10000.0
EMERALDS,608700,10000.0
EMERALDS,608800,10000.0
EMERALDS,608900,10000.0
EMERALDS,609000,10000.0
EMERALDS,609100,10002.0
EMERALDS,609200,10000.0
EMERALDS,609300,10000.0
EMERALDS,609400,10000.0
EMERALDS,609500,10000.0
EMERALDS,609600,10000.0
EMERALDS,609700,10000.0
EMERALDS,609800,10000.0
EMERALDS,609900,10000.0
EMERALDS,610000,10000.0
EMERALDS,610100,10000.0
EMERALDS,610200,10000.0
EMERALDS,610300,10000.0
EMERALDS,610400,10000.0
EMERALDS,610500,10000.0
EMERALDS,610600,10000.0
EMERALDS,610700,10000.0
EMERALDS,610800,10000.0
EMERALDS,610900,10000.0
EMERALDS,611000,10000.0
EMERALDS,611100,10000.0
EMERALDS,611200,10000.0
EMERALDS,611300,10000.0
EMERALDS,611400,10000.0
EMERALDS,611500,10000.0
EMERALDS,611600,10000.0
EMERALDS,611700,10000.0
EMERALDS,611800,10000.0
EMERALDS,611900,10000.0
EMERALDS,612000,10002.0
EMERALDS,612100,10000.0
EMERALDS,612200,10000.0
EMERALDS,612300,10000.0
EMERALDS,612400,10000.0
EMERALDS,612500,10000.0
EMERALDS,612600,9998.0
EMERALDS,612700,10000.0
EMERALDS,612800,10000.0
EMERALDS,612900,10000.0
EMERALDS,613000,10000.0
EMERALDS,613100,9998.0
EMERALDS,613200,10000.0
EMERALDS,613300,10000.0
EMERALDS,613400,10000.0
EMERALDS,613500,10000.0
EMERALDS,613600,10000.0
EMERALDS,613700,10000.0
EMERALDS,613800,10000.0
EMERALDS,613900,10000.0
EMERALDS,614000,10000.0
EMERALDS,614100,10000.0
EMERALDS,614200,10000.0
EMERALDS,614300,10000.0
EMERALDS,614400,10000.0
EMERALDS,614500,10000.0
EMERALDS,614600,10000.0
EMERALDS,614700,10000.0
EMERALDS,614800,9998.0
EMERALDS,614900,10002.0
EMERALDS,615000,10000.0
EMERALDS,615100,10000.0
EMERALDS,615200,10000.0
EMERALDS,615300,10000.0
EMERALDS,615400,10000.0
EMERALDS,615500,10000.0
EMERALDS,615600,10000.0
EMERALDS,615700,10000.0
EMERALDS,615800,10000.0
EMERALDS,615900,10000.0
EMERALDS,616000,10002.0
EMERALDS,616100,10000.0
EMERALDS,616200,10000.0
EMERALDS,616300,10000.0
EMERALDS,616400,10000.0
EMERALDS,616500,10000.0
EMERALDS,616600,10000.0
EMERALDS,616700,10000.0
EMERALDS,616800,10000.0
EMERALDS,616900,10000.0
EMERALDS,617000,10000.0
EMERALDS,617100,10000.0
EMERALDS,617200,10000.0
EMERALDS,617300,10000.0
EMERALDS,617400,10000.0
EMERALDS,617500,10000.0
EMERALDS,617600,10000.0
EMERALDS,617700,10000.0
EMERALDS,617800,10000.0
EMERALDS,617900,10000.0
EMERALDS,618000,10000.0
EMERALDS,618100,10000.0
EMERALDS,618200,10002.0
EMERALDS,618300,10000.0
EMERALDS,618400,10000.0
EMERALDS,618500,10000.0
EMERALDS,618600,10000.0
EMERALDS,618700,10000.0
EMERALDS,618800,10000.0
EMERALDS,618900,10000.0
EMERALDS,619000,10000.0
EMERALDS,619100,10000.0
EMERALDS,619200,10000.0
EMERALDS,619300,10000.0
EMERALDS,619400,10000.0
EMERALDS,619500,10000.0
EMERALDS,619600,10000.0
EMERALDS,619700,10000.0
EMERALDS,619800,10000.0
EMERALDS,619900,10000.0
EMERALDS,620000,10000.0
EMERALDS,620100,10000.0
EMERALDS,620200,10000.0
EMERALDS,620300,10000.0
EMERALDS,620400,10000.0
EMERALDS,620500,10000.0
EMERALDS,620600,10000.0
EMERALDS,620700,10000.0
EMERALDS,620800,10000.0
EMERALDS,620900,10000.0
EMERALDS,621000,10000.0
EMERALDS,621100,10000.0
EMERALDS,621200,10000.0
EMERALDS,621300,10000.0
EMERALDS,621400,10000.0
EMERALDS,621500,10000.0
EMERALDS,621600,10000.0
EMERALDS,621700,10000.0
EMERALDS,621800,9998.0
EMERALDS,621900,10000.0
EMERALDS,622000,10000.0
EMERALDS,622100,10000.0
EMERALDS,622200,10002.0
EMERALDS,622300,10000.0
EMERALDS,622400,10000.0
EMERALDS,622500,10000.0
EMERALDS,622600,10000.0
EMERALDS,622700,10000.0
EMERALDS,622800,10002.0
EMERALDS,622900,10000.0
EMERALDS,623000,10000.0
EMERALDS,623100,10000.0
EMERALDS,623200,10000.0
EMERALDS,623300,10000.0
EMERALDS,623400,10000.0
EMERALDS,623500,10000.0
EMERALDS,623600,10000.0
EMERALDS,623700,10000.0
EMERALDS,623800,10000.0
EMERALDS,623900,10000.0
EMERALDS,624000,10000.0
EMERALDS,624100,10000.0
EMERALDS,624200,10000.0
EMERALDS,624300,10000.0
EMERALDS,624400,10000.0
EMERALDS,624500,10000.0
EMERALDS,624600,10000.0
EMERALDS,624700,9998.0
EMERALDS,624800,10000.0
EMERALDS,624900,10000.0
EMERALDS,625000,10000.0
EMERALDS,625100,10000.0
EMERALDS,625200,10002.0
EMERALDS,625300,9998.0
EMERALDS,625400,10000.0
EMERALDS,625500,10000.0
EMERALDS,625600,10000.0
EMERALDS,625700,10000.0
EMERALDS,625800,10000.0
EMERALDS,625900,10000.0
EMERALDS,626000,10000.0
EMERALDS,626100,10000.0
EMERALDS,626200,10000.0
EMERALDS,626300,10000.0
EMERALDS,626400,10000.0
EMERALDS,626500,10000.0
EMERALDS,626600,10000.0
EMERALDS,626700,10000.0
EMERALDS,626800,10000.0
EMERALDS,626900,10000.0
EMERALDS,627000,10000.0
EMERALDS,627100,10000.0
EMERALDS,627200,10000.0
EMERALDS,627300,10000.0
EMERALDS,627400,10000.0
EMERALDS,627500,10000.0
EMERALDS,627600,10000.0
EMERALDS,627700,10000.0
EMERALDS,627800,10000.0
EMERALDS,627900,10000.0
EMERALDS,628000,10000.0
EMERALDS,628100,10000.0
EMERALDS,628200,10000.0
EMERALDS,628300,9998.0
EMERALDS,628400,10000.0
EMERALDS,628500,10000.0
EMERALDS,628600,10000.0
EMERALDS,628700,10000.0
EMERALDS,628800,10000.0
EMERALDS,628900,10000.0
EMERALDS,629000,10000.0
EMERALDS,629100,10000.0
EMERALDS,629200,10000.0
EMERALDS,629300,10000.0
EMERALDS,629400,10000.0
EMERALDS,629500,10000.0
EMERALDS,629600,10000.0
EMERALDS,629700,10000.0
EMERALDS,629800,10000.0
EMERALDS,629900,10000.0
EMERALDS,630000,10000.0
EMERALDS,630100,10000.0
EMERALDS,630200,10000.0
EMERALDS,630300,10000.0
EMERALDS,630400,10000.0
EMERALDS,630500,10000.0
EMERALDS,630600,10000.0
EMERALDS,630700,10000.0
EMERALDS,630800,10000.0
EMERALDS,630900,10000.0
EMERALDS,631000,10002.0
EMERALDS,631100,10000.0
EMERALDS,631200,10000.0
EMERALDS,631300,10000.0
EMERALDS,631400,10000.0
EMERALDS,631500,10000.0
EMERALDS,631600,10000.0
EMERALDS,631700,10000.0
EMERALDS,631800,10000.0
EMERALDS,631900,10000.0
EMERALDS,632000,10000.0
EMERALDS,632100,10000.0
EMERALDS,632200,10000.0
EMERALDS,632300,10000.0
EMERALDS,632400,10000.0
EMERALDS,632500,10000.0
EMERALDS,632600,10000.0
EMERALDS,632700,10000.0
EMERALDS,632800,10000.0
EMERALDS,632900,10000.0
EMERALDS,633000,10000.0
EMERALDS,633100,10000.0
EMERALDS,633200,10000.0
EMERALDS,633300,10000.0
EMERALDS,633400,10000.0
EMERALDS,633500,10000.0
EMERALDS,633600,10000.0
EMERALDS,633700,10000.0
EMERALDS,633800,10000.0
EMERALDS,633900,10000.0
EMERALDS,634000,10000.0
EMERALDS,634100,10000.0
EMERALDS,634200,10000.0
EMERALDS,634300,10002.0
EMERALDS,634400,10000.0
EMERALDS,634500,10000.0
EMERALDS,634600,10000.0
EMERALDS,634700,10000.0
EMERALDS,634800,10000.0
EMERALDS,634900,10000.0
EMERALDS,635000,10000.0
EMERALDS,635100,10000.0
EMERALDS,635200,10000.0
EMERALDS,635300,10000.0
EMERALDS,635400,10002.0
EMERALDS,635500,10000.0
EMERALDS,635600,10000.0
EMERALDS,635700,10000.0
EMERALDS,635800,10000.0
EMERALDS,635900,10000.0
EMERALDS,636000,10000.0
EMERALDS,636100,10000.0
EMERALDS,636200,10000.0
EMERALDS,636300,10000.0
EMERALDS,636400,10000.0
EMERALDS,636500,10000.0
EMERALDS,636600,10000.0
EMERALDS,636700,10000.0
EMERALDS,636800,10000.0
EMERALDS,636900,10000.0
EMERALDS,637000,10000.0
EMERALDS,637100,10000.0
EMERALDS,637200,10000.0
EMERALDS,637300,10000.0
EMERALDS,637400,10000.0
EMERALDS,637500,10000.0
EMERALDS,637600,10000.0
EMERALDS,637700,10000.0
EMERALDS,637800,10000.0
EMERALDS,637900,10000.0
EMERALDS,638000,10000.0
EMERALDS,638100,10000.0
EMERALDS,638200,10000.0
EMERALDS,638300,9998.0
EMERALDS,638400,9998.0
EMERALDS,638500,10000.0
EMERALDS,638600,10000.0
EMERALDS,638700,10000.0
EMERALDS,638800,10000.0
EMERALDS,638900,10000.0
EMERALDS,639000,10000.0
EMERALDS,639100,10000.0
EMERALDS,639200,10000.0
EMERALDS,639300,10000.0
EMERALDS,639400,10000.0
EMERALDS,639500,10000.0
EMERALDS,639600,10000.0
EMERALDS,639700,10000.0
EMERALDS,639800,10000.0
EMERALDS,639900,10000.0
EMERALDS,640000,10000.0
EMERALDS,640100,10000.0
EMERALDS,640200,10000.0
EMERALDS,640300,10000.0
EMERALDS,640400,10000.0
EMERALDS,640500,10000.0
EMERALDS,640600,10000.0
EMERALDS,640700,10000.0
EMERALDS,640800,10000.0
EMERALDS,640900,10000.0
EMERALDS,641000,10000.0
EMERALDS,641100,10000.0
EMERALDS,641200,10000.0
EMERALDS,641300,10000.0
EMERALDS,641400,10000.0
EMERALDS,641500,10000.0
EMERALDS,641600,10000.0
EMERALDS,641700,10000.0
EMERALDS,641800,10000.0
EMERALDS,641900,10000.0
EMERALDS,642000,10000.0
EMERALDS,642100,10000.0
EMERALDS,642200,10000.0
EMERALDS,642300,10000.0
EMERALDS,642400,10000.0
EMERALDS,642500,10000.0
EMERALDS,642600,10000.0
EMERALDS,642700,9998.0
EMERALDS,642800,10000.0
EMERALDS,642900,10000.0
EMERALDS,643000,10000.0
EMERALDS,643100,10000.0
EMERALDS,643200,10000.0
EMERALDS,643300,10000.0
EMERALDS,643400,9998.0
EMERALDS,643500,10000.0
EMERALDS,643600,10000.0
EMERALDS,643700,10000.0
EMERALDS,643800,10000.0
EMERALDS,643900,10000.0
EMERALDS,644000,10000.0
EMERALDS,644100,10000.0
EMERALDS,644200,10000.0
EMERALDS,644300,10000.0
EMERALDS,644400,10000.0
EMERALDS,644500,10000.0
EMERALDS,644600,10000.0
EMERALDS,644700,10000.0
EMERALDS,644800,10000.0
EMERALDS,644900,10000.0
EMERALDS,645000,10000.0
EMERALDS,645100,10000.0
EMERALDS,645200,10000.0
EMERALDS,645300,10002.0
EMERALDS,645400,10000.0
EMERALDS,645500,10000.0
EMERALDS,645600,10000.0
EMERALDS,645700,10000.0
EMERALDS,645800,10000.0
EMERALDS,645900,10000.0
EMERALDS,646000,10000.0
EMERALDS,646100,10000.0
EMERALDS,646200,10000.0
EMERALDS,646300,10000.0
EMERALDS,646400,10000.0
EMERALDS,646500,10000.0
EMERALDS,646600,10000.0
EMERALDS,646700,10000.0
EMERALDS,646800,10000.0
EMERALDS,646900,10000.0
EMERALDS,647000,10000.0
EMERALDS,647100,10000.0
EMERALDS,647200,10000.0
EMERALDS,647300,10000.0
EMERALDS,647400,10000.0
EMERALDS,647500,10000.0
EMERALDS,647600,10000.0
EMERALDS,647700,10000.0
EMERALDS,647800,10000.0
EMERALDS,647900,10000.0
EMERALDS,648000,10000.0
EMERALDS,648100,10000.0
EMERALDS,648200,10000.0
EMERALDS,648300,10002.0
EMERALDS,648400,10000.0
EMERALDS,648500,10000.0
EMERALDS,648600,10000.0
EMERALDS,648700,10000.0
EMERALDS,648800,10000.0
EMERALDS,648900,10000.0
EMERALDS,649000,10000.0
EMERALDS,649100,10000.0
EMERALDS,649200,10000.0
EMERALDS,649300,10000.0
EMERALDS,649400,10000.0
EMERALDS,649500,10000.0
EMERALDS,649600,10000.0
EMERALDS,649700,10000.0
EMERALDS,649800,10000.0
EMERALDS,649900,10000.0
EMERALDS,650000,10000.0
EMERALDS,650100,10000.0
EMERALDS,650200,10000.0
EMERALDS,650300,10000.0
EMERALDS,650400,10000.0
EMERALDS,650500,10000.0
EMERALDS,650600,10000.0
EMERALDS,650700,10000.0
EMERALDS,650800,10000.0
EMERALDS,650900,10000.0
EMERALDS,651000,10000.0
EMERALDS,651100,10000.0
EMERALDS,651200,10000.0
EMERALDS,651300,10000.0
EMERALDS,651400,10000.0
EMERALDS,651500,10000.0
EMERALDS,651600,10000.0
EMERALDS,651700,10000.0
EMERALDS,651800,10000.0
EMERALDS,651900,10000.0
EMERALDS,652000,10000.0
EMERALDS,652100,10000.0
EMERALDS,652200,10000.0
EMERALDS,652300,10000.0
EMERALDS,652400,10000.0
EMERALDS,652500,10000.0
EMERALDS,652600,10000.0
EMERALDS,652700,10000.0
EMERALDS,652800,10000.0
EMERALDS,652900,10000.0
EMERALDS,653000,10000.0
EMERALDS,653100,10000.0
EMERALDS,653200,10000.0
EMERALDS,653300,10000.0
EMERALDS,653400,10000.0
EMERALDS,653500,10000.0
EMERALDS,653600,10000.0
EMERALDS,653700,10000.0
EMERALDS,653800,10000.0
EMERALDS,653900,10000.0
EMERALDS,654000,10000.0
EMERALDS,654100,10000.0
EMERALDS,654200,10000.0
EMERALDS,654300,10000.0
EMERALDS,654400,10000.0
EMERALDS,654500,10000.0
EMERALDS,654600,10000.0
EMERALDS,654700,10000.0
EMERALDS,654800,9998.0
EMERALDS,654900,10000.0
EMERALDS,655000,10000.0
EMERALDS,655100,9998.0
EMERALDS,655200,9998.0
EMERALDS,655300,9998.0
EMERALDS,655400,10000.0
EMERALDS,655500,10000.0
EMERALDS,655600,10000.0
EMERALDS,655700,10000.0
EMERALDS,655800,10000.0
EMERALDS,655900,10000.0
EMERALDS,656000,10000.0
EMERALDS,656100,10000.0
EMERALDS,656200,10000.0
EMERALDS,656300,10000.0
EMERALDS,656400,10000.0
EMERALDS,656500,10000.0
EMERALDS,656600,10000.0
EMERALDS,656700,10000.0
EMERALDS,656800,10000.0
EMERALDS,656900,10000.0
EMERALDS,657000,10000.0
EMERALDS,657100,10000.0
EMERALDS,657200,10000.0
EMERALDS,657300,10000.0
EMERALDS,657400,10000.0
EMERALDS,657500,10000.0
EMERALDS,657600,10000.0
EMERALDS,657700,10000.0
EMERALDS,657800,10000.0
EMERALDS,657900,10000.0
EMERALDS,658000,10000.0
EMERALDS,658100,10000.0
EMERALDS,658200,10000.0
EMERALDS,658300,10000.0
EMERALDS,658400,10000.0
EMERALDS,658500,10000.0
EMERALDS,658600,10000.0
EMERALDS,658700,10000.0
EMERALDS,658800,10000.0
EMERALDS,658900,10000.0
EMERALDS,659000,10000.0
EMERALDS,659100,10000.0
EMERALDS,659200,10000.0
EMERALDS,659300,10000.0
EMERALDS,659400,10000.0
EMERALDS,659500,10000.0
EMERALDS,659600,10000.0
EMERALDS,659700,10000.0
EMERALDS,659800,10000.0
EMERALDS,659900,10000.0
EMERALDS,660000,10000.0
EMERALDS,660100,10000.0
EMERALDS,660200,10000.0
EMERALDS,660300,10000.0
EMERALDS,660400,10002.0
EMERALDS,660500,10000.0
EMERALDS,660600,10000.0
EMERALDS,660700,10000.0
EMERALDS,660800,10000.0
EMERALDS,660900,10000.0
EMERALDS,661000,10000.0
EMERALDS,661100,10000.0
EMERALDS,661200,10000.0
EMERALDS,661300,10000.0
EMERALDS,661400,10000.0
EMERALDS,661500,10000.0
EMERALDS,661600,10000.0
EMERALDS,661700,10000.0
EMERALDS,661800,10000.0
EMERALDS,661900,10000.0
EMERALDS,662000,10000.0
EMERALDS,662100,10000.0
EMERALDS,662200,10002.0
EMERALDS,662300,10000.0
EMERALDS,662400,10000.0
EMERALDS,662500,10000.0
EMERALDS,662600,10000.0
EMERALDS,662700,10000.0
EMERALDS,662800,10000.0
EMERALDS,662900,10000.0
EMERALDS,663000,10000.0
EMERALDS,663100,10002.0
EMERALDS,663200,10000.0
EMERALDS,663300,10000.0
EMERALDS,663400,10000.0
EMERALDS,663500,10000.0
EMERALDS,663600,10000.0
EMERALDS,663700,10000.0
EMERALDS,663800,10000.0
EMERALDS,663900,10000.0
EMERALDS,664000,10000.0
EMERALDS,664100,10000.0
EMERALDS,664200,10000.0
EMERALDS,664300,10000.0
EMERALDS,664400,10000.0
EMERALDS,664500,10000.0
EMERALDS,664600,10000.0
EMERALDS,664700,10000.0
EMERALDS,664800,10000.0
EMERALDS,664900,10000.0
EMERALDS,665000,10000.0
EMERALDS,665100,10000.0
EMERALDS,665200,10000.0
EMERALDS,665300,10000.0
EMERALDS,665400,10000.0
EMERALDS,665500,10000.0
EMERALDS,665600,10000.0
EMERALDS,665700,10000.0
EMERALDS,665800,10000.0
EMERALDS,665900,10000.0
EMERALDS,666000,9998.0
EMERALDS,666100,10000.0
EMERALDS,666200,10000.0
EMERALDS,666300,10000.0
EMERALDS,666400,10000.0
EMERALDS,666500,10000.0
EMERALDS,666600,10000.0
EMERALDS,666700,10000.0
EMERALDS,666800,10000.0
EMERALDS,666900,10000.0
EMERALDS,667000,10000.0
EMERALDS,667100,10000.0
EMERALDS,667200,10000.0
EMERALDS,667300,10000.0
EMERALDS,667400,10000.0
EMERALDS,667500,10000.0
EMERALDS,667600,10000.0
EMERALDS,667700,10000.0
EMERALDS,667800,10000.0
EMERALDS,667900,10000.0
EMERALDS,668000,10000.0
EMERALDS,668100,10000.0
EMERALDS,668200,10000.0
EMERALDS,668300,10000.0
EMERALDS,668400,10000.0
EMERALDS,668500,10000.0
EMERALDS,668600,10000.0
EMERALDS,668700,10000.0
EMERALDS,668800,10000.0
EMERALDS,668900,10000.0
EMERALDS,669000,10000.0
EMERALDS,669100,10000.0
EMERALDS,669200,10002.0
EMERALDS,669300,10000.0
EMERALDS,669400,10000.0
EMERALDS,669500,10000.0
EMERALDS,669600,10000.0
EMERALDS,669700,10000.0
EMERALDS,669800,10000.0
EMERALDS,669900,10000.0
EMERALDS,670000,10000.0
EMERALDS,670100,10000.0
EMERALDS,670200,10000.0
EMERALDS,670300,10000.0
EMERALDS,670400,10000.0
EMERALDS,670500,10000.0
EMERALDS,670600,10000.0
EMERALDS,670700,10000.0
EMERALDS,670800,10000.0
EMERALDS,670900,10000.0
EMERALDS,671000,10002.0
EMERALDS,671100,10000.0
EMERALDS,671200,10000.0
EMERALDS,671300,10000.0
EMERALDS,671400,10000.0
EMERALDS,671500,10002.0
EMERALDS,671600,10000.0
EMERALDS,671700,10002.0
EMERALDS,671800,10000.0
EMERALDS,671900,10000.0
EMERALDS,672000,10000.0
EMERALDS,672100,10000.0
EMERALDS,672200,10000.0
EMERALDS,672300,10000.0
EMERALDS,672400,10000.0
EMERALDS,672500,10000.0
EMERALDS,672600,10000.0
EMERALDS,672700,10000.0
EMERALDS,672800,10000.0
EMERALDS,672900,10000.0
EMERALDS,673000,10000.0
EMERALDS,673100,10000.0
EMERALDS,673200,10000.0
EMERALDS,673300,10000.0
EMERALDS,673400,10000.0
EMERALDS,673500,10000.0
EMERALDS,673600,10000.0
EMERALDS,673700,10000.0
EMERALDS,673800,10000.0
EMERALDS,673900,10000.0
EMERALDS,674000,10000.0
EMERALDS,674100,10000.0
EMERALDS,674200,10000.0
EMERALDS,674300,9998.0
EMERALDS,674400,10000.0
EMERALDS,674500,10000.0
EMERALDS,674600,10000.0
EMERALDS,674700,9998.0
EMERALDS,674800,9998.0
EMERALDS,674900,10000.0
EMERALDS,675000,10000.0
EMERALDS,675100,10000.0
EMERALDS,675200,10000.0
EMERALDS,675300,10000.0
EMERALDS,675400,10000.0
EMERALDS,675500,10000.0
EMERALDS,675600,10000.0
EMERALDS,675700,10000.0
EMERALDS,675800,10000.0
EMERALDS,675900,10000.0
EMERALDS,676000,10000.0
EMERALDS,676100,10000.0
EMERALDS,676200,10000.0
EMERALDS,676300,10000.0
EMERALDS,676400,10000.0
EMERALDS,676500,10000.0
EMERALDS,676600,10000.0
EMERALDS,676700,9998.0
EMERALDS,676800,10000.0
EMERALDS,676900,10000.0
EMERALDS,677000,10000.0
EMERALDS,677100,10000.0
EMERALDS,677200,10000.0
EMERALDS,677300,10000.0
EMERALDS,677400,10000.0
EMERALDS,677500,10000.0
EMERALDS,677600,10000.0
EMERALDS,677700,10000.0
EMERALDS,677800,10000.0
EMERALDS,677900,10000.0
EMERALDS,678000,10000.0
EMERALDS,678100,10000.0
EMERALDS,678200,10000.0
EMERALDS,678300,10000.0
EMERALDS,678400,10000.0
EMERALDS,678500,10000.0
EMERALDS,678600,10000.0
EMERALDS,678700,10000.0
EMERALDS,678800,10000.0
EMERALDS,678900,10000.0
EMERALDS,679000,10000.0
EMERALDS,679100,10000.0
EMERALDS,679200,10000.0
EMERALDS,679300,10000.0
EMERALDS,679400,10000.0
EMERALDS,679500,10000.0
EMERALDS,679600,10000.0
EMERALDS,679700,10000.0
EMERALDS,679800,10000.0
EMERALDS,679900,10000.0
EMERALDS,680000,10000.0
EMERALDS,680100,10000.0
EMERALDS,680200,10000.0
EMERALDS,680300,10000.0
EMERALDS,680400,10000.0
EMERALDS,680500,10000.0
EMERALDS,680600,10000.0
EMERALDS,680700,10000.0
EMERALDS,680800,10000.0
EMERALDS,680900,10000.0
EMERALDS,681000,10000.0
EMERALDS,681100,10000.0
EMERALDS,681200,10002.0
EMERALDS,681300,10000.0
EMERALDS,681400,10000.0
EMERALDS,681500,10000.0
EMERALDS,681600,10000.0
EMERALDS,681700,10000.0
EMERALDS,681800,10000.0
EMERALDS,681900,10000.0
EMERALDS,682000,10000.0
EMERALDS,682100,10000.0
EMERALDS,682200,10000.0
EMERALDS,682300,10000.0
EMERALDS,682400,10000.0
EMERALDS,682500,10000.0
EMERALDS,682600,10000.0
EMERALDS,682700,10000.0
EMERALDS,682800,10000.0
EMERALDS,682900,10000.0
EMERALDS,683000,10000.0
EMERALDS,683100,10000.0
EMERALDS,683200,10000.0
EMERALDS,683300,10000.0
EMERALDS,683400,10000.0
EMERALDS,683500,10000.0
EMERALDS,683600,10000.0
EMERALDS,683700,10000.0
EMERALDS,683800,10000.0
EMERALDS,683900,10000.0
EMERALDS,684000,10000.0
EMERALDS,684100,10000.0
EMERALDS,684200,10000.0
EMERALDS,684300,10000.0
EMERALDS,684400,10000.0
EMERALDS,684500,10000.0
EMERALDS,684600,10000.0
EMERALDS,684700,10000.0
EMERALDS,684800,10000.0
EMERALDS,684900,10000.0
EMERALDS,685000,10000.0
EMERALDS,685100,10000.0
EMERALDS,685200,10000.0
EMERALDS,685300,10000.0
EMERALDS,685400,10000.0
EMERALDS,685500,10000.0
EMERALDS,685600,9998.0
EMERALDS,685700,10000.0
EMERALDS,685800,10000.0
EMERALDS,685900,10000.0
EMERALDS,686000,10000.0
EMERALDS,686100,10000.0
EMERALDS,686200,10000.0
EMERALDS,686300,10000.0
EMERALDS,686400,10000.0
EMERALDS,686500,10000.0
EMERALDS,686600,10000.0
EMERALDS,686700,10000.0
EMERALDS,686800,10000.0
EMERALDS,686900,10000.0
EMERALDS,687000,10000.0
EMERALDS,687100,10000.0
EMERALDS,687200,10000.0
EMERALDS,687300,10000.0
EMERALDS,687400,10000.0
EMERALDS,687500,10000.0
EMERALDS,687600,10000.0
EMERALDS,687700,10000.0
EMERALDS,687800,10000.0
EMERALDS,687900,10000.0
EMERALDS,688000,10000.0
EMERALDS,688100,10000.0
EMERALDS,688200,10000.0
EMERALDS,688300,10000.0
EMERALDS,688400,10000.0
EMERALDS,688500,10000.0
EMERALDS,688600,10002.0
EMERALDS,688700,10000.0
EMERALDS,688800,10000.0
EMERALDS,688900,9998.0
EMERALDS,689000,10000.0
EMERALDS,689100,10000.0
EMERALDS,689200,10000.0
EMERALDS,689300,10002.0
EMERALDS,689400,10000.0
EMERALDS,689500,10000.0
EMERALDS,689600,10000.0
EMERALDS,689700,10000.0
EMERALDS,689800,10000.0
EMERALDS,689900,10000.0
EMERALDS,690000,10000.0
EMERALDS,690100,10000.0
EMERALDS,690200,10000.0
EMERALDS,690300,10000.0
EMERALDS,690400,10000.0
EMERALDS,690500,10000.0
EMERALDS,690600,10000.0
EMERALDS,690700,10000.0
EMERALDS,690800,10000.0
EMERALDS,690900,10000.0
EMERALDS,691000,10000.0
EMERALDS,691100,10000.0
EMERALDS,691200,10000.0
EMERALDS,691300,10000.0
EMERALDS,691400,10000.0
EMERALDS,691500,10000.0
EMERALDS,691600,10000.0
EMERALDS,691700,10000.0
EMERALDS,691800,9998.0
EMERALDS,691900,10000.0
EMERALDS,692000,10000.0
EMERALDS,692100,10000.0
EMERALDS,692200,10000.0
EMERALDS,692300,10000.0
EMERALDS,692400,10000.0
EMERALDS,692500,10000.0
EMERALDS,692600,10000.0
EMERALDS,692700,10000.0
EMERALDS,692800,10000.0
EMERALDS,692900,10000.0
EMERALDS,693000,10000.0
EMERALDS,693100,10000.0
EMERALDS,693200,10000.0
EMERALDS,693300,10000.0
EMERALDS,693400,10000.0
EMERALDS,693500,10000.0
EMERALDS,693600,10000.0
EMERALDS,693700,10000.0
EMERALDS,693800,10000.0
EMERALDS,693900,10000.0
EMERALDS,694000,10000.0
EMERALDS,694100,10000.0
EMERALDS,694200,10000.0
EMERALDS,694300,10000.0
EMERALDS,694400,10000.0
EMERALDS,694500,10000.0
EMERALDS,694600,10000.0
EMERALDS,694700,10000.0
EMERALDS,694800,10000.0
EMERALDS,694900,10000.0
EMERALDS,695000,10000.0
EMERALDS,695100,10000.0
EMERALDS,695200,10000.0
EMERALDS,695300,10000.0
EMERALDS,695400,9998.0
EMERALDS,695500,10000.0
EMERALDS,695600,10000.0
EMERALDS,695700,10000.0
EMERALDS,695800,10000.0
EMERALDS,695900,10000.0
EMERALDS,696000,10002.0
EMERALDS,696100,10000.0
EMERALDS,696200,10000.0
EMERALDS,696300,10000.0
EMERALDS,696400,10000.0
EMERALDS,696500,10000.0
EMERALDS,696600,10000.0
EMERALDS,696700,10000.0
EMERALDS,696800,10000.0
EMERALDS,696900,10000.0
EMERALDS,697000,10000.0
EMERALDS,697100,10000.0
EMERALDS,697200,10000.0
EMERALDS,697300,10000.0
EMERALDS,697400,10000.0
EMERALDS,697500,10000.0
EMERALDS,697600,10000.0
EMERALDS,697700,10000.0
EMERALDS,697800,10000.0
EMERALDS,697900,10000.0
EMERALDS,698000,10000.0
EMERALDS,698100,10000.0
EMERALDS,698200,10000.0
EMERALDS,698300,9998.0
EMERALDS,698400,10000.0
EMERALDS,698500,10000.0
EMERALDS,698600,10000.0
EMERALDS,698700,10000.0
EMERALDS,698800,10000.0
EMERALDS,698900,10000.0
EMERALDS,699000,10000.0
EMERALDS,699100,10000.0
EMERALDS,699200,10000.0
EMERALDS,699300,10000.0
EMERALDS,699400,10000.0
EMERALDS,699500,10000.0
EMERALDS,699600,10000.0
EMERALDS,699700,10000.0
EMERALDS,699800,10000.0
EMERALDS,699900,10000.0
EMERALDS,700000,10000.0
EMERALDS,700100,9998.0
EMERALDS,700200,10000.0
EMERALDS,700300,10000.0
EMERALDS,700400,10000.0
EMERALDS,700500,10000.0
EMERALDS,700600,10000.0
EMERALDS,700700,10000.0
EMERALDS,700800,10000.0
EMERALDS,700900,10000.0
EMERALDS,701000,10000.0
EMERALDS,701100,10000.0
EMERALDS,701200,10000.0
EMERALDS,701300,10000.0
EMERALDS,701400,10000.0
EMERALDS,701500,10000.0
EMERALDS,701600,10000.0
EMERALDS,701700,10000.0
EMERALDS,701800,10000.0
EMERALDS,701900,10000.0
EMERALDS,702000,10000.0
EMERALDS,702100,10000.0
EMERALDS,702200,10000.0
EMERALDS,702300,10000.0
EMERALDS,702400,10000.0
EMERALDS,702500,10000.0
EMERALDS,702600,10000.0
EMERALDS,702700,10000.0
EMERALDS,702800,10000.0
EMERALDS,702900,10000.0
EMERALDS,703000,10000.0
EMERALDS,703100,10000.0
EMERALDS,703200,10000.0
EMERALDS,703300,10000.0
EMERALDS,703400,10000.0
EMERALDS,703500,10000.0
EMERALDS,703600,10000.0
EMERALDS,703700,10000.0
EMERALDS,703800,10000.0
EMERALDS,703900,10000.0
EMERALDS,704000,10000.0
EMERALDS,704100,10000.0
EMERALDS,704200,9998.0
EMERALDS,704300,10000.0
EMERALDS,704400,10000.0
EMERALDS,704500,10000.0
EMERALDS,704600,10000.0
EMERALDS,704700,10000.0
EMERALDS,704800,10000.0
EMERALDS,704900,10000.0
EMERALDS,705000,10000.0
EMERALDS,705100,10000.0
EMERALDS,705200,10000.0
EMERALDS,705300,10000.0
EMERALDS,705400,10000.0
EMERALDS,705500,10000.0
EMERALDS,705600,10000.0
EMERALDS,705700,10000.0
EMERALDS,705800,10000.0
EMERALDS,705900,10000.0
EMERALDS,706000,10000.0
EMERALDS,706100,10000.0
EMERALDS,706200,10000.0
EMERALDS,706300,10000.0
EMERALDS,706400,10002.0
EMERALDS,706500,9998.0
EMERALDS,706600,10000.0
EMERALDS,706700,10000.0
EMERALDS,706800,10000.0
EMERALDS,706900,10000.0
EMERALDS,707000,10000.0
EMERALDS,707100,10000.0
EMERALDS,707200,10000.0
EMERALDS,707300,10000.0
EMERALDS,707400,10000.0
EMERALDS,707500,10000.0
EMERALDS,707600,10000.0
EMERALDS,707700,10000.0
EMERALDS,707800,10000.0
EMERALDS,707900,10000.0
EMERALDS,708000,10000.0
EMERALDS,708100,10000.0
EMERALDS,708200,10000.0
EMERALDS,708300,10000.0
EMERALDS,708400,10000.0
EMERALDS,708500,10000.0
EMERALDS,708600,10000.0
EMERALDS,708700,10000.0
EMERALDS,708800,10000.0
EMERALDS,708900,10000.0
EMERALDS,709000,10000.0
EMERALDS,709100,10000.0
EMERALDS,709200,10000.0
EMERALDS,709300,10000.0
EMERALDS,709400,10000.0
EMERALDS,709500,10000.0
EMERALDS,709600,9998.0
EMERALDS,709700,10000.0
EMERALDS,709800,10000.0
EMERALDS,709900,10000.0
EMERALDS,710000,10000.0
EMERALDS,710100,10000.0
EMERALDS,710200,10000.0
EMERALDS,710300,10000.0
EMERALDS,710400,10000.0
EMERALDS,710500,10000.0
EMERALDS,710600,10000.0
EMERALDS,710700,10000.0
EMERALDS,710800,10000.0
EMERALDS,710900,10000.0
EMERALDS,711000,10000.0
EMERALDS,711100,10000.0
EMERALDS,711200,10000.0
EMERALDS,711300,10000.0
EMERALDS,711400,10000.0
EMERALDS,711500,10000.0
EMERALDS,711600,10000.0
EMERALDS,711700,10000.0
EMERALDS,711800,10000.0
EMERALDS,711900,10000.0
EMERALDS,712000,10000.0
EMERALDS,712100,10000.0
EMERALDS,712200,10000.0
EMERALDS,712300,10000.0
EMERALDS,712400,10000.0
EMERALDS,712500,10000.0
EMERALDS,712600,10000.0
EMERALDS,712700,10000.0
EMERALDS,712800,10002.0
EMERALDS,712900,10000.0
EMERALDS,713000,10000.0
EMERALDS,713100,9998.0
EMERALDS,713200,10000.0
EMERALDS,713300,10000.0
EMERALDS,713400,10000.0
EMERALDS,713500,10000.0
EMERALDS,713600,10000.0
EMERALDS,713700,10000.0
EMERALDS,713800,10000.0
EMERALDS,713900,10000.0
EMERALDS,714000,10000.0
EMERALDS,714100,10000.0
EMERALDS,714200,10000.0
EMERALDS,714300,10000.0
EMERALDS,714400,10000.0
EMERALDS,714500,10000.0
EMERALDS,714600,10000.0
EMERALDS,714700,10000.0
EMERALDS,714800,10000.0
EMERALDS,714900,10000.0
EMERALDS,715000,10000.0
EMERALDS,715100,10000.0
EMERALDS,715200,10000.0
EMERALDS,715300,10000.0
EMERALDS,715400,10000.0
EMERALDS,715500,10000.0
EMERALDS,715600,10000.0
EMERALDS,715700,10000.0
EMERALDS,715800,10000.0
EMERALDS,715900,10000.0
EMERALDS,716000,10000.0
EMERALDS,716100,10000.0
EMERALDS,716200,10000.0
EMERALDS,716300,10000.0
EMERALDS,716400,10000.0
EMERALDS,716500,10000.0
EMERALDS,716600,10000.0
EMERALDS,716700,10000.0
EMERALDS,716800,10002.0
EMERALDS,716900,10000.0
EMERALDS,717000,10002.0
EMERALDS,717100,10000.0
EMERALDS,717200,10000.0
EMERALDS,717300,10000.0
EMERALDS,717400,10000.0
EMERALDS,717500,10000.0
EMERALDS,717600,10000.0
EMERALDS,717700,10000.0
EMERALDS,717800,9998.0
EMERALDS,717900,10000.0
EMERALDS,718000,10000.0
EMERALDS,718100,10000.0
EMERALDS,718200,10000.0
EMERALDS,718300,10000.0
EMERALDS,718400,10000.0
EMERALDS,718500,10000.0
EMERALDS,718600,10000.0
EMERALDS,718700,10000.0
EMERALDS,718800,10000.0
EMERALDS,718900,10000.0
EMERALDS,719000,10000.0
EMERALDS,719100,9998.0
EMERALDS,719200,10000.0
EMERALDS,719300,10000.0
EMERALDS,719400,10000.0
EMERALDS,719500,10000.0
EMERALDS,719600,10000.0
EMERALDS,719700,10000.0
EMERALDS,719800,10000.0
EMERALDS,719900,10000.0
EMERALDS,720000,10000.0
EMERALDS,720100,10000.0
EMERALDS,720200,10000.0
EMERALDS,720300,10000.0
EMERALDS,720400,10000.0
EMERALDS,720500,10000.0
EMERALDS,720600,10000.0
EMERALDS,720700,10000.0
EMERALDS,720800,10000.0
EMERALDS,720900,10000.0
EMERALDS,721000,10002.0
EMERALDS,721100,10000.0
EMERALDS,721200,10000.0
EMERALDS,721300,10000.0
EMERALDS,721400,10000.0
EMERALDS,721500,10000.0
EMERALDS,721600,10000.0
EMERALDS,721700,10000.0
EMERALDS,721800,10000.0
EMERALDS,721900,10000.0
EMERALDS,722000,10002.0
EMERALDS,722100,10000.0
EMERALDS,722200,10000.0
EMERALDS,722300,10000.0
EMERALDS,722400,10000.0
EMERALDS,722500,10000.0
EMERALDS,722600,10000.0
EMERALDS,722700,10000.0
EMERALDS,722800,10000.0
EMERALDS,722900,10000.0
EMERALDS,723000,9998.0
EMERALDS,723100,10000.0
EMERALDS,723200,10000.0
EMERALDS,723300,10000.0
EMERALDS,723400,10000.0
EMERALDS,723500,10000.0
EMERALDS,723600,10000.0
EMERALDS,723700,10000.0
EMERALDS,723800,9998.0
EMERALDS,723900,10000.0
EMERALDS,724000,10000.0
EMERALDS,724100,10000.0
EMERALDS,724200,10000.0
EMERALDS,724300,10000.0
EMERALDS,724400,10000.0
EMERALDS,724500,10000.0
EMERALDS,724600,10000.0
EMERALDS,724700,10000.0
EMERALDS,724800,10000.0
EMERALDS,724900,10000.0
EMERALDS,725000,10000.0
EMERALDS,725100,10000.0
EMERALDS,725200,10000.0
EMERALDS,725300,10000.0
EMERALDS,725400,10000.0
EMERALDS,725500,10000.0
EMERALDS,725600,10000.0
EMERALDS,725700,10000.0
EMERALDS,725800,10000.0
EMERALDS,725900,10000.0
EMERALDS,726000,9998.0
EMERALDS,726100,10000.0
EMERALDS,726200,10000.0
EMERALDS,726300,10000.0
EMERALDS,726400,10000.0
EMERALDS,726500,10000.0
EMERALDS,726600,10000.0
EMERALDS,726700,10002.0
EMERALDS,726800,10000.0
EMERALDS,726900,10000.0
EMERALDS,727000,10000.0
EMERALDS,727100,10000.0
EMERALDS,727200,10000.0
EMERALDS,727300,10000.0
EMERALDS,727400,10000.0
EMERALDS,727500,10000.0
EMERALDS,727600,10000.0
EMERALDS,727700,10000.0
EMERALDS,727800,10002.0
EMERALDS,727900,10000.0
EMERALDS,728000,10000.0
EMERALDS,728100,10000.0
EMERALDS,728200,10000.0
EMERALDS,728300,10000.0
EMERALDS,728400,10000.0
EMERALDS,728500,10000.0
EMERALDS,728600,10000.0
EMERALDS,728700,10000.0
EMERALDS,728800,10000.0
EMERALDS,728900,10000.0
EMERALDS,729000,10000.0
EMERALDS,729100,10000.0
EMERALDS,729200,10000.0
EMERALDS,729300,10000.0
EMERALDS,729400,10000.0
EMERALDS,729500,10000.0
EMERALDS,729600,10000.0
EMERALDS,729700,10000.0
EMERALDS,729800,10000.0
EMERALDS,729900,10000.0
EMERALDS,730000,10000.0
EMERALDS,730100,10002.0
EMERALDS,730200,10000.0
EMERALDS,730300,10000.0
EMERALDS,730400,10000.0
EMERALDS,730500,10000.0
EMERALDS,730600,10000.0
EMERALDS,730700,10000.0
EMERALDS,730800,10000.0
EMERALDS,730900,10000.0
EMERALDS,731000,10000.0
EMERALDS,731100,10000.0
EMERALDS,731200,10000.0
EMERALDS,731300,10000.0
EMERALDS,731400,10000.0
EMERALDS,731500,10000.0
EMERALDS,731600,10000.0
EMERALDS,731700,10000.0
EMERALDS,731800,10000.0
EMERALDS,731900,10000.0
EMERALDS,732000,10000.0
EMERALDS,732100,10000.0
EMERALDS,732200,10000.0
EMERALDS,732300,10000.0
EMERALDS,732400,10000.0
EMERALDS,732500,10000.0
EMERALDS,732600,10000.0
EMERALDS,732700,9998.0
EMERALDS,732800,10000.0
EMERALDS,732900,10000.0
EMERALDS,733000,10000.0
EMERALDS,733100,10000.0
EMERALDS,733200,10000.0
EMERALDS,733300,10000.0
EMERALDS,733400,10000.0
EMERALDS,733500,10000.0
EMERALDS,733600,10000.0
EMERALDS,733700,10000.0
EMERALDS,733800,10000.0
EMERALDS,733900,10000.0
EMERALDS,734000,10000.0
EMERALDS,734100,10000.0
EMERALDS,734200,10000.0
EMERALDS,734300,10000.0
EMERALDS,734400,10000.0
EMERALDS,734500,10000.0
EMERALDS,734600,10000.0
EMERALDS,734700,10000.0
EMERALDS,734800,10000.0
EMERALDS,734900,10000.0
EMERALDS,735000,10000.0
EMERALDS,735100,10000.0
EMERALDS,735200,10000.0
EMERALDS,735300,10000.0
EMERALDS,735400,10002.0
EMERALDS,735500,10000.0
EMERALDS,735600,10000.0
EMERALDS,735700,10000.0
EMERALDS,735800,10000.0
EMERALDS,735900,10002.0
EMERALDS,736000,10000.0
EMERALDS,736100,10000.0
EMERALDS,736200,10000.0
EMERALDS,736300,10000.0
EMERALDS,736400,10000.0
EMERALDS,736500,10000.0
EMERALDS,736600,10000.0
EMERALDS,736700,10000.0
EMERALDS,736800,10000.0
EMERALDS,736900,10000.0
EMERALDS,737000,10000.0
EMERALDS,737100,10000.0
EMERALDS,737200,10000.0
EMERALDS,737300,10000.0
EMERALDS,737400,10000.0
EMERALDS,737500,10000.0
EMERALDS,737600,10000.0
EMERALDS,737700,10000.0
EMERALDS,737800,10000.0
EMERALDS,737900,10000.0
EMERALDS,738000,10000.0
EMERALDS,738100,10002.0
EMERALDS,738200,9998.0
EMERALDS,738300,10000.0
EMERALDS,738400,10000.0
EMERALDS,738500,10000.0
EMERALDS,738600,10002.0
EMERALDS,738700,10000.0
EMERALDS,738800,10000.0
EMERALDS,738900,10000.0
EMERALDS,739000,9998.0
EMERALDS,739100,10000.0
EMERALDS,739200,10000.0
EMERALDS,739300,10000.0
EMERALDS,739400,10000.0
EMERALDS,739500,10000.0
EMERALDS,739600,10000.0
EMERALDS,739700,10000.0
EMERALDS,739800,10000.0
EMERALDS,739900,10000.0
EMERALDS,740000,10000.0
EMERALDS,740100,10000.0
EMERALDS,740200,10000.0
EMERALDS,740300,10000.0
EMERALDS,740400,10000.0
EMERALDS,740500,10000.0
EMERALDS,740600,10000.0
EMERALDS,740700,10000.0
EMERALDS,740800,10000.0
EMERALDS,740900,10000.0
EMERALDS,741000,10000.0
EMERALDS,741100,10000.0
EMERALDS,741200,10000.0
EMERALDS,741300,10000.0
EMERALDS,741400,10000.0
EMERALDS,741500,10000.0
EMERALDS,741600,10000.0
EMERALDS,741700,10000.0
EMERALDS,741800,10000.0
EMERALDS,741900,10002.0
EMERALDS,742000,9998.0
EMERALDS,742100,10000.0
EMERALDS,742200,10000.0
EMERALDS,742300,10000.0
EMERALDS,742400,10000.0
EMERALDS,742500,10000.0
EMERALDS,742600,10000.0
EMERALDS,742700,10000.0
EMERALDS,742800,10000.0
EMERALDS,742900,10000.0
EMERALDS,743000,10000.0
EMERALDS,743100,10000.0
EMERALDS,743200,10000.0
EMERALDS,743300,10000.0
EMERALDS,743400,10000.0
EMERALDS,743500,10000.0
EMERALDS,743600,10000.0
EMERALDS,743700,10000.0
EMERALDS,743800,10000.0
EMERALDS,743900,10000.0
EMERALDS,744000,10000.0
EMERALDS,744100,10000.0
EMERALDS,744200,10000.0
EMERALDS,744300,10000.0
EMERALDS,744400,10000.0
EMERALDS,744500,10000.0
EMERALDS,744600,10000.0
EMERALDS,744700,10000.0
EMERALDS,744800,10000.0
EMERALDS,744900,10000.0
EMERALDS,745000,10000.0
EMERALDS,745100,10000.0
EMERALDS,745200,10000.0
EMERALDS,745300,10000.0
EMERALDS,745400,10000.0
EMERALDS,745500,10000.0
EMERALDS,745600,10000.0
EMERALDS,745700,10000.0
EMERALDS,745800,10000.0
EMERALDS,745900,10000.0
EMERALDS,746000,10000.0
EMERALDS,746100,10000.0
EMERALDS,746200,10000.0
EMERALDS,746300,10000.0
EMERALDS,746400,10000.0
EMERALDS,746500,10000.0
EMERALDS,746600,10000.0
EMERALDS,746700,10000.0
EMERALDS,746800,10000.0
EMERALDS,746900,10000.0
EMERALDS,747000,10000.0
EMERALDS,747100,10000.0
EMERALDS,747200,10000.0
EMERALDS,747300,10000.0
EMERALDS,747400,10000.0
EMERALDS,747500,10000.0
EMERALDS,747600,10000.0
EMERALDS,747700,10000.0
EMERALDS,747800,10000.0
EMERALDS,747900,10000.0
EMERALDS,748000,10000.0
EMERALDS,748100,10000.0
EMERALDS,748200,10000.0
EMERALDS,748300,10002.0
EMERALDS,748400,10000.0
EMERALDS,748500,10000.0
EMERALDS,748600,10000.0
EMERALDS,748700,10002.0
EMERALDS,748800,10000.0
EMERALDS,748900,10000.0
EMERALDS,749000,10000.0
EMERALDS,749100,10000.0
EMERALDS,749200,10000.0
EMERALDS,749300,10000.0
EMERALDS,749400,10000.0
EMERALDS,749500,10000.0
EMERALDS,749600,10000.0
EMERALDS,749700,10000.0
EMERALDS,749800,10000.0
EMERALDS,749900,10000.0
EMERALDS,750000,10000.0
EMERALDS,750100,10000.0
EMERALDS,750200,10000.0
EMERALDS,750300,9998.0
EMERALDS,750400,10000.0
EMERALDS,750500,10000.0
EMERALDS,750600,10000.0
EMERALDS,750700,10000.0
EMERALDS,750800,10000.0
EMERALDS,750900,10000.0
EMERALDS,751000,10000.0
EMERALDS,751100,10000.0
EMERALDS,751200,10000.0
EMERALDS,751300,10000.0
EMERALDS,751400,10000.0
EMERALDS,751500,10000.0
EMERALDS,751600,10000.0
EMERALDS,751700,10000.0
EMERALDS,751800,10000.0
EMERALDS,751900,10000.0
EMERALDS,752000,10000.0
EMERALDS,752100,10000.0
EMERALDS,752200,10000.0
EMERALDS,752300,10000.0
EMERALDS,752400,10000.0
EMERALDS,752500,10000.0
EMERALDS,752600,10000.0
EMERALDS,752700,10000.0
EMERALDS,752800,10000.0
EMERALDS,752900,10000.0
EMERALDS,753000,10000.0
EMERALDS,753100,10000.0
EMERALDS,753200,10000.0
EMERALDS,753300,10000.0
EMERALDS,753400,10000.0
EMERALDS,753500,10000.0
EMERALDS,753600,10000.0
EMERALDS,753700,10000.0
EMERALDS,753800,10000.0
EMERALDS,753900,10000.0
EMERALDS,754000,10000.0
EMERALDS,754100,10000.0
EMERALDS,754200,10000.0
EMERALDS,754300,10000.0
EMERALDS,754400,10000.0
EMERALDS,754500,10000.0
EMERALDS,754600,10002.0
EMERALDS,754700,10000.0
EMERALDS,754800,10000.0
EMERALDS,754900,10000.0
EMERALDS,755000,10000.0
EMERALDS,755100,10000.0
EMERALDS,755200,10000.0
EMERALDS,755300,10000.0
EMERALDS,755400,10000.0
EMERALDS,755500,10000.0
EMERALDS,755600,10000.0
EMERALDS,755700,10000.0
EMERALDS,755800,9998.0
EMERALDS,755900,10000.0
EMERALDS,756000,10000.0
EMERALDS,756100,10000.0
EMERALDS,756200,10000.0
EMERALDS,756300,10000.0
EMERALDS,756400,10000.0
EMERALDS,756500,10000.0
EMERALDS,756600,10000.0
EMERALDS,756700,10000.0
EMERALDS,756800,10000.0
EMERALDS,756900,10000.0
EMERALDS,757000,10000.0
EMERALDS,757100,10000.0
EMERALDS,757200,10000.0
EMERALDS,757300,10000.0
EMERALDS,757400,10000.0
EMERALDS,757500,10000.0
EMERALDS,757600,10000.0
EMERALDS,757700,10000.0
EMERALDS,757800,10000.0
EMERALDS,757900,10000.0
EMERALDS,758000,9998.0
EMERALDS,758100,10000.0
EMERALDS,758200,10000.0
EMERALDS,758300,10000.0
EMERALDS,758400,10000.0
EMERALDS,758500,10000.0
EMERALDS,758600,10000.0
EMERALDS,758700,10000.0
EMERALDS,758800,10000.0
EMERALDS,758900,10000.0
EMERALDS,759000,10000.0
EMERALDS,759100,10000.0
EMERALDS,759200,10000.0
EMERALDS,759300,10000.0
EMERALDS,759400,10000.0
EMERALDS,759500,10000.0
EMERALDS,759600,10000.0
EMERALDS,759700,10000.0
EMERALDS,759800,10000.0
EMERALDS,759900,10000.0
EMERALDS,760000,10000.0
EMERALDS,760100,10000.0
EMERALDS,760200,10000.0
EMERALDS,760300,10000.0
EMERALDS,760400,10000.0
EMERALDS,760500,10000.0
EMERALDS,760600,10002.0
EMERALDS,760700,10000.0
EMERALDS,760800,10000.0
EMERALDS,760900,10000.0
EMERALDS,761000,10000.0
EMERALDS,761100,10000.0
EMERALDS,761200,10000.0
EMERALDS,761300,10000.0
EMERALDS,761400,10000.0
EMERALDS,761500,10000.0
EMERALDS,761600,10000.0
EMERALDS,761700,10000.0
EMERALDS,761800,10000.0
EMERALDS,761900,10000.0
EMERALDS,762000,10000.0
EMERALDS,762100,10000.0
EMERALDS,762200,10000.0
EMERALDS,762300,10000.0
EMERALDS,762400,10000.0
EMERALDS,762500,10000.0
EMERALDS,762600,10000.0
EMERALDS,762700,10000.0
EMERALDS,762800,10000.0
EMERALDS,762900,10000.0
EMERALDS,763000,10000.0
EMERALDS,763100,10000.0
EMERALDS,763200,10000.0
EMERALDS,763300,10000.0
EMERALDS,763400,10000.0
EMERALDS,763500,10000.0
EMERALDS,763600,10000.0
EMERALDS,763700,10000.0
EMERALDS,763800,10000.0
EMERALDS,763900,10000.0
EMERALDS,764000,10000.0
EMERALDS,764100,10000.0
EMERALDS,764200,10000.0
EMERALDS,764300,10000.0
EMERALDS,764400,10000.0
EMERALDS,764500,10000.0
EMERALDS,764600,10000.0
EMERALDS,764700,10000.0
EMERALDS,764800,10000.0
EMERALDS,764900,10000.0
EMERALDS,765000,10000.0
EMERALDS,765100,10000.0
EMERALDS,765200,10000.0
EMERALDS,765300,10000.0
EMERALDS,765400,10000.0
EMERALDS,765500,10000.0
EMERALDS,765600,10000.0
EMERALDS,765700,10000.0
EMERALDS,765800,10000.0
EMERALDS,765900,10000.0
EMERALDS,766000,10002.0
EMERALDS,766100,10000.0
EMERALDS,766200,10000.0
EMERALDS,766300,10000.0
EMERALDS,766400,10000.0
EMERALDS,766500,10000.0
EMERALDS,766600,10000.0
EMERALDS,766700,10000.0
EMERALDS,766800,10000.0
EMERALDS,766900,10000.0
EMERALDS,767000,10000.0
EMERALDS,767100,10000.0
EMERALDS,767200,10000.0
EMERALDS,767300,10000.0
EMERALDS,767400,10000.0
EMERALDS,767500,10000.0
EMERALDS,767600,10000.0
EMERALDS,767700,9998.0
EMERALDS,767800,10000.0
EMERALDS,767900,10000.0
EMERALDS,768000,10000.0
EMERALDS,768100,10000.0
EMERALDS,768200,10002.0
EMERALDS,768300,10002.0
EMERALDS,768400,10000.0
EMERALDS,768500,10000.0
EMERALDS,768600,10000.0
EMERALDS,768700,10000.0
EMERALDS,768800,10000.0
EMERALDS,768900,10000.0
EMERALDS,769000,10000.0
EMERALDS,769100,10000.0
EMERALDS,769200,10000.0
EMERALDS,769300,10000.0
EMERALDS,769400,10000.0
EMERALDS,769500,10000.0
EMERALDS,769600,10000.0
EMERALDS,769700,10000.0
EMERALDS,769800,10000.0
EMERALDS,769900,10000.0
EMERALDS,770000,10000.0
EMERALDS,770100,10000.0
EMERALDS,770200,10002.0
EMERALDS,770300,10000.0
EMERALDS,770400,10000.0
EMERALDS,770500,10000.0
EMERALDS,770600,10000.0
EMERALDS,770700,10000.0
EMERALDS,770800,10000.0
EMERALDS,770900,10000.0
EMERALDS,771000,10000.0
EMERALDS,771100,10000.0
EMERALDS,771200,10000.0
EMERALDS,771300,10000.0
EMERALDS,771400,10000.0
EMERALDS,771500,10000.0
EMERALDS,771600,10000.0
EMERALDS,771700,10000.0
EMERALDS,771800,10000.0
EMERALDS,771900,10000.0
EMERALDS,772000,10000.0
EMERALDS,772100,10000.0
EMERALDS,772200,10000.0
EMERALDS,772300,10000.0
EMERALDS,772400,10000.0
EMERALDS,772500,10000.0
EMERALDS,772600,10002.0
EMERALDS,772700,10000.0
EMERALDS,772800,10000.0
EMERALDS,772900,10000.0
EMERALDS,773000,10000.0
EMERALDS,773100,10000.0
EMERALDS,773200,10000.0
EMERALDS,773300,10000.0
EMERALDS,773400,10000.0
EMERALDS,773500,10000.0
EMERALDS,773600,10000.0
EMERALDS,773700,10000.0
EMERALDS,773800,10000.0
EMERALDS,773900,10000.0
EMERALDS,774000,10000.0
EMERALDS,774100,10000.0
EMERALDS,774200,10000.0
EMERALDS,774300,10000.0
EMERALDS,774400,10000.0
EMERALDS,774500,10000.0
EMERALDS,774600,10000.0
EMERALDS,774700,10000.0
EMERALDS,774800,10000.0
EMERALDS,774900,10000.0
EMERALDS,775000,10000.0
EMERALDS,775100,10000.0
EMERALDS,775200,10000.0
EMERALDS,775300,10000.0
EMERALDS,775400,10000.0
EMERALDS,775500,10000.0
EMERALDS,775600,10000.0
EMERALDS,775700,10000.0
EMERALDS,775800,10000.0
EMERALDS,775900,10000.0
EMERALDS,776000,10000.0
EMERALDS,776100,10000.0
EMERALDS,776200,10000.0
EMERALDS,776300,10000.0
EMERALDS,776400,10000.0
EMERALDS,776500,10000.0
EMERALDS,776600,10000.0
EMERALDS,776700,10000.0
EMERALDS,776800,10000.0
EMERALDS,776900,10000.0
EMERALDS,777000,10000.0
EMERALDS,777100,10000.0
EMERALDS,777200,10000.0
EMERALDS,777300,10000.0
EMERALDS,777400,10000.0
EMERALDS,777500,10000.0
EMERALDS,777600,10000.0
EMERALDS,777700,10000.0
EMERALDS,777800,10000.0
EMERALDS,777900,10000.0
EMERALDS,778000,10000.0
EMERALDS,778100,10000.0
EMERALDS,778200,10000.0
EMERALDS,778300,10000.0
EMERALDS,778400,10000.0
EMERALDS,778500,10000.0
EMERALDS,778600,10000.0
EMERALDS,778700,10000.0
EMERALDS,778800,10000.0
EMERALDS,778900,10000.0
EMERALDS,779000,10000.0
EMERALDS,779100,10000.0
EMERALDS,779200,10000.0
EMERALDS,779300,10000.0
EMERALDS,779400,10000.0
EMERALDS,779500,10000.0
EMERALDS,779600,10000.0
EMERALDS,779700,10000.0
EMERALDS,779800,10000.0
EMERALDS,779900,10000.0
EMERALDS,780000,10000.0
EMERALDS,780100,10000.0
EMERALDS,780200,10000.0
EMERALDS,780300,10000.0
EMERALDS,780400,10000.0
EMERALDS,780500,10000.0
EMERALDS,780600,10000.0
EMERALDS,780700,9998.0
EMERALDS,780800,10000.0
EMERALDS,780900,10000.0
EMERALDS,781000,10000.0
EMERALDS,781100,10000.0
EMERALDS,781200,10000.0
EMERALDS,781300,10000.0
EMERALDS,781400,10002.0
EMERALDS,781500,10000.0
EMERALDS,781600,10000.0
EMERALDS,781700,10000.0
EMERALDS,781800,10000.0
EMERALDS,781900,10000.0
EMERALDS,782000,10000.0
EMERALDS,782100,10000.0
EMERALDS,782200,10000.0
EMERALDS,782300,10000.0
EMERALDS,782400,10000.0
EMERALDS,782500,10000.0
EMERALDS,782600,10000.0
EMERALDS,782700,10000.0
EMERALDS,782800,10000.0
EMERALDS,782900,10000.0
EMERALDS,783000,10000.0
EMERALDS,783100,10000.0
EMERALDS,783200,10000.0
EMERALDS,783300,10000.0
EMERALDS,783400,10000.0
EMERALDS,783500,10000.0
EMERALDS,783600,10000.0
EMERALDS,783700,10000.0
EMERALDS,783800,10000.0
EMERALDS,783900,10000.0
EMERALDS,784000,10000.0
EMERALDS,784100,10000.0
EMERALDS,784200,10000.0
EMERALDS,784300,10000.0
EMERALDS,784400,10000.0
EMERALDS,784500,10000.0
EMERALDS,784600,10000.0
EMERALDS,784700,10000.0
EMERALDS,784800,10000.0
EMERALDS,784900,10000.0
EMERALDS,785000,10000.0
EMERALDS,785100,10000.0
EMERALDS,785200,10000.0
EMERALDS,785300,10000.0
EMERALDS,785400,10000.0
EMERALDS,785500,10000.0
EMERALDS,785600,10000.0
EMERALDS,785700,10000.0
EMERALDS,785800,10000.0
EMERALDS,785900,10000.0
EMERALDS,786000,10000.0
EMERALDS,786100,10000.0
EMERALDS,786200,10000.0
EMERALDS,786300,10000.0
EMERALDS,786400,10000.0
EMERALDS,786500,10000.0
EMERALDS,786600,10000.0
EMERALDS,786700,10000.0
EMERALDS,786800,10000.0
EMERALDS,786900,10000.0
EMERALDS,787000,10000.0
EMERALDS,787100,10000.0
EMERALDS,787200,10000.0
EMERALDS,787300,10000.0
EMERALDS,787400,10000.0
EMERALDS,787500,10000.0
EMERALDS,787600,10000.0
EMERALDS,787700,10000.0
EMERALDS,787800,10000.0
EMERALDS,787900,10000.0
EMERALDS,788000,10000.0
EMERALDS,788100,10000.0
EMERALDS,788200,10000.0
EMERALDS,788300,10000.0
EMERALDS,788400,10000.0
EMERALDS,788500,10000.0
EMERALDS,788600,10004.0
EMERALDS,788700,10000.0
EMERALDS,788800,10000.0
EMERALDS,788900,10000.0
EMERALDS,789000,10002.0
EMERALDS,789100,10000.0
EMERALDS,789200,10000.0
EMERALDS,789300,10000.0
EMERALDS,789400,10000.0
EMERALDS,789500,10000.0
EMERALDS,789600,10000.0
EMERALDS,789700,10000.0
EMERALDS,789800,10000.0
EMERALDS,789900,10000.0
EMERALDS,790000,10000.0
EMERALDS,790100,10000.0
EMERALDS,790200,10000.0
EMERALDS,790300,10000.0
EMERALDS,790400,10000.0
EMERALDS,790500,10000.0
EMERALDS,790600,10000.0
EMERALDS,790700,9998.0
EMERALDS,790800,10000.0
EMERALDS,790900,10000.0
EMERALDS,791000,10000.0
EMERALDS,791100,10000.0
EMERALDS,791200,10000.0
EMERALDS,791300,10000.0
EMERALDS,791400,10000.0
EMERALDS,791500,10000.0
EMERALDS,791600,10000.0
EMERALDS,791700,10000.0
EMERALDS,791800,10000.0
EMERALDS,791900,10000.0
EMERALDS,792000,10000.0
EMERALDS,792100,10000.0
EMERALDS,792200,10000.0
EMERALDS,792300,10000.0
EMERALDS,792400,10000.0
EMERALDS,792500,10000.0
EMERALDS,792600,10000.0
EMERALDS,792700,10000.0
EMERALDS,792800,10000.0
EMERALDS,792900,10000.0
EMERALDS,793000,10000.0
EMERALDS,793100,10000.0
EMERALDS,793200,10000.0
EMERALDS,793300,10000.0
EMERALDS,793400,10000.0
EMERALDS,793500,10000.0
EMERALDS,793600,10002.0
EMERALDS,793700,10000.0
EMERALDS,793800,10000.0
EMERALDS,793900,10000.0
EMERALDS,794000,10000.0
EMERALDS,794100,10000.0
EMERALDS,794200,10000.0
EMERALDS,794300,10000.0
EMERALDS,794400,10000.0
EMERALDS,794500,10000.0
EMERALDS,794600,10000.0
EMERALDS,794700,10000.0
EMERALDS,794800,10000.0
EMERALDS,794900,10000.0
EMERALDS,795000,10000.0
EMERALDS,795100,10000.0
EMERALDS,795200,10000.0
EMERALDS,795300,10000.0
EMERALDS,795400,10000.0
EMERALDS,795500,10002.0
EMERALDS,795600,10000.0
EMERALDS,795700,10000.0
EMERALDS,795800,10000.0
EMERALDS,795900,10000.0
EMERALDS,796000,10000.0
EMERALDS,796100,10000.0
EMERALDS,796200,10000.0
EMERALDS,796300,10000.0
EMERALDS,796400,10000.0
EMERALDS,796500,10000.0
EMERALDS,796600,10000.0
EMERALDS,796700,10000.0
EMERALDS,796800,10000.0
EMERALDS,796900,10000.0
EMERALDS,797000,10000.0
EMERALDS,797100,10000.0
EMERALDS,797200,10000.0
EMERALDS,797300,10000.0
EMERALDS,797400,10000.0
EMERALDS,797500,10000.0
EMERALDS,797600,10000.0
EMERALDS,797700,10000.0
EMERALDS,797800,10000.0
EMERALDS,797900,10000.0
EMERALDS,798000,10000.0
EMERALDS,798100,10000.0
EMERALDS,798200,10000.0
EMERALDS,798300,10000.0
EMERALDS,798400,10000.0
EMERALDS,798500,10000.0
EMERALDS,798600,10000.0
EMERALDS,798700,10000.0
EMERALDS,798800,10000.0
EMERALDS,798900,10000.0
EMERALDS,799000,10000.0
EMERALDS,799100,10000.0
EMERALDS,799200,10000.0
EMERALDS,799300,10000.0
EMERALDS,799400,10000.0
EMERALDS,799500,10000.0
EMERALDS,799600,10000.0
EMERALDS,799700,10000.0
EMERALDS,799800,10000.0
EMERALDS,799900,10000.0
EMERALDS,800000,10000.0
EMERALDS,800100,9998.0
EMERALDS,800200,10000.0
EMERALDS,800300,10000.0
EMERALDS,800400,10000.0
EMERALDS,800500,10000.0
EMERALDS,800600,10000.0
EMERALDS,800700,10000.0
EMERALDS,800800,10000.0
EMERALDS,800900,10002.0
EMERALDS,801000,10000.0
EMERALDS,801100,10000.0
EMERALDS,801200,10000.0
EMERALDS,801300,10000.0
EMERALDS,801400,10000.0
EMERALDS,801500,10000.0
EMERALDS,801600,10000.0
EMERALDS,801700,10000.0
EMERALDS,801800,10000.0
EMERALDS,801900,10000.0
EMERALDS,802000,10000.0
EMERALDS,802100,10000.0
EMERALDS,802200,10000.0
EMERALDS,802300,10000.0
EMERALDS,802400,10000.0
EMERALDS,802500,10000.0
EMERALDS,802600,10000.0
EMERALDS,802700,9998.0
EMERALDS,802800,10002.0
EMERALDS,802900,10000.0
EMERALDS,803000,10000.0
EMERALDS,803100,9998.0
EMERALDS,803200,10000.0
EMERALDS,803300,10000.0
EMERALDS,803400,10000.0
EMERALDS,803500,10000.0
EMERALDS,803600,10000.0
EMERALDS,803700,9998.0
EMERALDS,803800,10000.0
EMERALDS,803900,10000.0
EMERALDS,804000,10000.0
EMERALDS,804100,10000.0
EMERALDS,804200,10000.0
EMERALDS,804300,10000.0
EMERALDS,804400,10000.0
EMERALDS,804500,10000.0
EMERALDS,804600,10000.0
EMERALDS,804700,10000.0
EMERALDS,804800,10000.0
EMERALDS,804900,10000.0
EMERALDS,805000,10002.0
EMERALDS,805100,10000.0
EMERALDS,805200,10000.0
EMERALDS,805300,10000.0
EMERALDS,805400,10000.0
EMERALDS,805500,10000.0
EMERALDS,805600,10000.0
EMERALDS,805700,9998.0
EMERALDS,805800,10000.0
EMERALDS,805900,10000.0
EMERALDS,806000,10000.0
EMERALDS,806100,10000.0
EMERALDS,806200,10000.0
EMERALDS,806300,10000.0
EMERALDS,806400,10000.0
EMERALDS,806500,10000.0
EMERALDS,806600,10000.0
EMERALDS,806700,10002.0
EMERALDS,806800,10000.0
EMERALDS,806900,10000.0
EMERALDS,807000,10000.0
EMERALDS,807100,10002.0
EMERALDS,807200,10000.0
EMERALDS,807300,10000.0
EMERALDS,807400,10000.0
EMERALDS,807500,10000.0
EMERALDS,807600,10000.0
EMERALDS,807700,10000.0
EMERALDS,807800,10000.0
EMERALDS,807900,10000.0
EMERALDS,808000,10000.0
EMERALDS,808100,10000.0
EMERALDS,808200,9998.0
EMERALDS,808300,10000.0
EMERALDS,808400,10000.0
EMERALDS,808500,10000.0
EMERALDS,808600,10000.0
EMERALDS,808700,10000.0
EMERALDS,808800,10000.0
EMERALDS,808900,10000.0
EMERALDS,809000,10000.0
EMERALDS,809100,10000.0
EMERALDS,809200,10000.0
EMERALDS,809300,10000.0
EMERALDS,809400,10000.0
EMERALDS,809500,10000.0
EMERALDS,809600,10000.0
EMERALDS,809700,10000.0
EMERALDS,809800,10000.0
EMERALDS,809900,10000.0
EMERALDS,810000,10000.0
EMERALDS,810100,10000.0
EMERALDS,810200,10000.0
EMERALDS,810300,10002.0
EMERALDS,810400,10000.0
EMERALDS,810500,10000.0
EMERALDS,810600,10000.0
EMERALDS,810700,10000.0
EMERALDS,810800,10000.0
EMERALDS,810900,10000.0
EMERALDS,811000,10000.0
EMERALDS,811100,10000.0
EMERALDS,811200,10000.0
EMERALDS,811300,10000.0
EMERALDS,811400,10000.0
EMERALDS,811500,10000.0
EMERALDS,811600,10000.0
EMERALDS,811700,10000.0
EMERALDS,811800,10000.0
EMERALDS,811900,10000.0
EMERALDS,812000,10000.0
EMERALDS,812100,10000.0
EMERALDS,812200,10000.0
EMERALDS,812300,10000.0
EMERALDS,812400,10002.0
EMERALDS,812500,10000.0
EMERALDS,812600,10000.0
EMERALDS,812700,10000.0
EMERALDS,812800,10000.0
EMERALDS,812900,10000.0
EMERALDS,813000,10000.0
EMERALDS,813100,10000.0
EMERALDS,813200,10000.0
EMERALDS,813300,10000.0
EMERALDS,813400,10000.0
EMERALDS,813500,10000.0
EMERALDS,813600,10000.0
EMERALDS,813700,10000.0
EMERALDS,813800,10000.0
EMERALDS,813900,10000.0
EMERALDS,814000,10000.0
EMERALDS,814100,10000.0
EMERALDS,814200,10000.0
EMERALDS,814300,10000.0
EMERALDS,814400,10000.0
EMERALDS,814500,10000.0
EMERALDS,814600,9998.0
EMERALDS,814700,10000.0
EMERALDS,814800,10000.0
EMERALDS,814900,10000.0
EMERALDS,815000,10000.0
EMERALDS,815100,10000.0
EMERALDS,815200,10000.0
EMERALDS,815300,10000.0
EMERALDS,815400,10000.0
EMERALDS,815500,10000.0
EMERALDS,815600,10000.0
EMERALDS,815700,10000.0
EMERALDS,815800,10000.0
EMERALDS,815900,10000.0
EMERALDS,816000,10000.0
EMERALDS,816100,10000.0
EMERALDS,816200,10000.0
EMERALDS,816300,10000.0
EMERALDS,816400,10000.0
EMERALDS,816500,10000.0
EMERALDS,816600,10000.0
EMERALDS,816700,10000.0
EMERALDS,816800,10000.0
EMERALDS,816900,10000.0
EMERALDS,817000,10000.0
EMERALDS,817100,10000.0
EMERALDS,817200,10000.0
EMERALDS,817300,10000.0
EMERALDS,817400,10000.0
EMERALDS,817500,10000.0
EMERALDS,817600,10000.0
EMERALDS,817700,10000.0
EMERALDS,817800,10000.0
EMERALDS,817900,10000.0
EMERALDS,818000,10000.0
EMERALDS,818100,10000.0
EMERALDS,818200,10000.0
EMERALDS,818300,10000.0
EMERALDS,818400,10000.0
EMERALDS,818500,10000.0
EMERALDS,818600,10000.0
EMERALDS,818700,10002.0
EMERALDS,818800,10000.0
EMERALDS,818900,9998.0
EMERALDS,819000,10000.0
EMERALDS,819100,10000.0
EMERALDS,819200,10000.0
EMERALDS,819300,10000.0
EMERALDS,819400,10000.0
EMERALDS,819500,10000.0
EMERALDS,819600,10000.0
EMERALDS,819700,10000.0
EMERALDS,819800,10000.0
EMERALDS,819900,9998.0
EMERALDS,820000,10000.0
EMERALDS,820100,10000.0
EMERALDS,820200,10000.0
EMERALDS,820300,10000.0
EMERALDS,820400,10000.0
EMERALDS,820500,10000.0
EMERALDS,820600,10000.0
EMERALDS,820700,10000.0
EMERALDS,820800,10000.0
EMERALDS,820900,9998.0
EMERALDS,821000,10000.0
EMERALDS,821100,10000.0
EMERALDS,821200,10000.0
EMERALDS,821300,10000.0
EMERALDS,821400,10000.0
EMERALDS,821500,10000.0
EMERALDS,821600,10000.0
EMERALDS,821700,10000.0
EMERALDS,821800,10000.0
EMERALDS,821900,10000.0
EMERALDS,822000,9998.0
EMERALDS,822100,10000.0
EMERALDS,822200,10000.0
EMERALDS,822300,10000.0
EMERALDS,822400,10000.0
EMERALDS,822500,10000.0
EMERALDS,822600,10000.0
EMERALDS,822700,10000.0
EMERALDS,822800,10000.0
EMERALDS,822900,10000.0
EMERALDS,823000,10000.0
EMERALDS,823100,10000.0
EMERALDS,823200,10000.0
EMERALDS,823300,10000.0
EMERALDS,823400,10000.0
EMERALDS,823500,10000.0
EMERALDS,823600,10000.0
EMERALDS,823700,10000.0
EMERALDS,823800,10002.0
EMERALDS,823900,10000.0
EMERALDS,824000,10000.0
EMERALDS,824100,10000.0
EMERALDS,824200,9998.0
EMERALDS,824300,10000.0
EMERALDS,824400,10000.0
EMERALDS,824500,9998.0
EMERALDS,824600,10000.0
EMERALDS,824700,10000.0
EMERALDS,824800,10000.0
EMERALDS,824900,10000.0
EMERALDS,825000,10000.0
EMERALDS,825100,10000.0
EMERALDS,825200,10000.0
EMERALDS,825300,10000.0
EMERALDS,825400,10000.0
EMERALDS,825500,10000.0
EMERALDS,825600,10000.0
EMERALDS,825700,10000.0
EMERALDS,825800,10000.0
EMERALDS,825900,10000.0
EMERALDS,826000,10000.0
EMERALDS,826100,10000.0
EMERALDS,826200,10000.0
EMERALDS,826300,10000.0
EMERALDS,826400,10000.0
EMERALDS,826500,10000.0
EMERALDS,826600,10000.0
EMERALDS,826700,10000.0
EMERALDS,826800,10000.0
EMERALDS,826900,10000.0
EMERALDS,827000,10000.0
EMERALDS,827100,10000.0
EMERALDS,827200,10000.0
EMERALDS,827300,10000.0
EMERALDS,827400,10000.0
EMERALDS,827500,10000.0
EMERALDS,827600,10000.0
EMERALDS,827700,10000.0
EMERALDS,827800,10000.0
EMERALDS,827900,10000.0
EMERALDS,828000,10000.0
EMERALDS,828100,10000.0
EMERALDS,828200,10000.0
EMERALDS,828300,10000.0
EMERALDS,828400,10000.0
EMERALDS,828500,10000.0
EMERALDS,828600,10000.0
EMERALDS,828700,10000.0
EMERALDS,828800,10000.0
EMERALDS,828900,10000.0
EMERALDS,829000,10002.0
EMERALDS,829100,10000.0
EMERALDS,829200,10000.0
EMERALDS,829300,10000.0
EMERALDS,829400,10000.0
EMERALDS,829500,10000.0
EMERALDS,829600,9998.0
EMERALDS,829700,10000.0
EMERALDS,829800,9998.0
EMERALDS,829900,10000.0
EMERALDS,830000,10000.0
EMERALDS,830100,10000.0
EMERALDS,830200,10000.0
EMERALDS,830300,10000.0
EMERALDS,830400,10000.0
EMERALDS,830500,10000.0
EMERALDS,830600,9998.0
EMERALDS,830700,10000.0
EMERALDS,830800,10000.0
EMERALDS,830900,10000.0
EMERALDS,831000,10000.0
EMERALDS,831100,10000.0
EMERALDS,831200,10000.0
EMERALDS,831300,10000.0
EMERALDS,831400,10000.0
EMERALDS,831500,10000.0
EMERALDS,831600,10000.0
EMERALDS,831700,10000.0
EMERALDS,831800,10000.0
EMERALDS,831900,10000.0
EMERALDS,832000,10000.0
EMERALDS,832100,10000.0
EMERALDS,832200,10000.0
EMERALDS,832300,10000.0
EMERALDS,832400,10000.0
EMERALDS,832500,10000.0
EMERALDS,832600,10000.0
EMERALDS,832700,10000.0
EMERALDS,832800,10000.0
EMERALDS,832900,10000.0
EMERALDS,833000,10000.0
EMERALDS,833100,10000.0
EMERALDS,833200,10000.0
EMERALDS,833300,10000.0
EMERALDS,833400,10000.0
EMERALDS,833500,10000.0
EMERALDS,833600,10000.0
EMERALDS,833700,9998.0
EMERALDS,833800,10000.0
EMERALDS,833900,10000.0
EMERALDS,834000,10000.0
EMERALDS,834100,10000.0
EMERALDS,834200,10000.0
EMERALDS,834300,10000.0
EMERALDS,834400,10000.0
EMERALDS,834500,10000.0
EMERALDS,834600,10000.0
EMERALDS,834700,10000.0
EMERALDS,834800,10000.0
EMERALDS,834900,10000.0
EMERALDS,835000,10000.0
EMERALDS,835100,10000.0
EMERALDS,835200,10000.0
EMERALDS,835300,10000.0
EMERALDS,835400,10000.0
EMERALDS,835500,10000.0
EMERALDS,835600,9998.0
EMERALDS,835700,10000.0
EMERALDS,835800,10000.0
EMERALDS,835900,10000.0
EMERALDS,836000,10000.0
EMERALDS,836100,10000.0
EMERALDS,836200,10000.0
EMERALDS,836300,10000.0
EMERALDS,836400,10000.0
EMERALDS,836500,10000.0
EMERALDS,836600,10000.0
EMERALDS,836700,10000.0
EMERALDS,836800,10000.0
EMERALDS,836900,10000.0
EMERALDS,837000,10000.0
EMERALDS,837100,10000.0
EMERALDS,837200,10000.0
EMERALDS,837300,10000.0
EMERALDS,837400,10000.0
EMERALDS,837500,10000.0
EMERALDS,837600,10000.0
EMERALDS,837700,10000.0
EMERALDS,837800,10000.0
EMERALDS,837900,10000.0
EMERALDS,838000,10000.0
EMERALDS,838100,10002.0
EMERALDS,838200,10000.0
EMERALDS,838300,9998.0
EMERALDS,838400,10000.0
EMERALDS,838500,10000.0
EMERALDS,838600,10000.0
EMERALDS,838700,10000.0
EMERALDS,838800,10000.0
EMERALDS,838900,10000.0
EMERALDS,839000,10000.0
EMERALDS,839100,10000.0
EMERALDS,839200,10000.0
EMERALDS,839300,10000.0
EMERALDS,839400,10000.0
EMERALDS,839500,10000.0
EMERALDS,839600,10000.0
EMERALDS,839700,10000.0
EMERALDS,839800,10000.0
EMERALDS,839900,10000.0
EMERALDS,840000,10000.0
EMERALDS,840100,10000.0
EMERALDS,840200,10000.0
EMERALDS,840300,10000.0
EMERALDS,840400,10000.0
EMERALDS,840500,10000.0
EMERALDS,840600,10000.0
EMERALDS,840700,10000.0
EMERALDS,840800,10000.0
EMERALDS,840900,10000.0
EMERALDS,841000,10000.0
EMERALDS,841100,10000.0
EMERALDS,841200,10000.0
EMERALDS,841300,10000.0
EMERALDS,841400,10000.0
EMERALDS,841500,10000.0
EMERALDS,841600,9998.0
EMERALDS,841700,10000.0
EMERALDS,841800,10000.0
EMERALDS,841900,10000.0
EMERALDS,842000,10000.0
EMERALDS,842100,10000.0
EMERALDS,842200,10000.0
EMERALDS,842300,10000.0
EMERALDS,842400,10000.0
EMERALDS,842500,10000.0
EMERALDS,842600,10000.0
EMERALDS,842700,10000.0
EMERALDS,842800,10000.0
EMERALDS,842900,10000.0
EMERALDS,843000,10000.0
EMERALDS,843100,10000.0
EMERALDS,843200,10000.0
EMERALDS,843300,10000.0
EMERALDS,843400,10000.0
EMERALDS,843500,10000.0
EMERALDS,843600,10000.0
EMERALDS,843700,10000.0
EMERALDS,843800,10000.0
EMERALDS,843900,10000.0
EMERALDS,844000,10002.0
EMERALDS,844100,10000.0
EMERALDS,844200,10000.0
EMERALDS,844300,10000.0
EMERALDS,844400,9998.0
EMERALDS,844500,10000.0
EMERALDS,844600,10000.0
EMERALDS,844700,10000.0
EMERALDS,844800,10000.0
EMERALDS,844900,10000.0
EMERALDS,845000,10000.0
EMERALDS,845100,10000.0
EMERALDS,845200,10000.0
EMERALDS,845300,10000.0
EMERALDS,845400,10000.0
EMERALDS,845500,10000.0
EMERALDS,845600,10000.0
EMERALDS,845700,10000.0
EMERALDS,845800,10000.0
EMERALDS,845900,9998.0
EMERALDS,846000,9998.0
EMERALDS,846100,10000.0
EMERALDS,846200,10000.0
EMERALDS,846300,10000.0
EMERALDS,846400,10000.0
EMERALDS,846500,10002.0
EMERALDS,846600,10000.0
EMERALDS,846700,10000.0
EMERALDS,846800,10000.0
EMERALDS,846900,10000.0
EMERALDS,847000,10000.0
EMERALDS,847100,10000.0
EMERALDS,847200,10000.0
EMERALDS,847300,9998.0
EMERALDS,847400,10000.0
EMERALDS,847500,10000.0
EMERALDS,847600,10000.0
EMERALDS,847700,10000.0
EMERALDS,847800,10000.0
EMERALDS,847900,10000.0
EMERALDS,848000,10000.0
EMERALDS,848100,10000.0
EMERALDS,848200,9998.0
EMERALDS,848300,10000.0
EMERALDS,848400,10000.0
EMERALDS,848500,10000.0
EMERALDS,848600,10000.0
EMERALDS,848700,10000.0
EMERALDS,848800,10000.0
EMERALDS,848900,10000.0
EMERALDS,849000,10000.0
EMERALDS,849100,10000.0
EMERALDS,849200,10000.0
EMERALDS,849300,10000.0
EMERALDS,849400,10002.0
EMERALDS,849500,10000.0
EMERALDS,849600,10000.0
EMERALDS,849700,10000.0
EMERALDS,849800,10000.0
EMERALDS,849900,10000.0
EMERALDS,850000,10000.0
EMERALDS,850100,10000.0
EMERALDS,850200,10000.0
EMERALDS,850300,10000.0
EMERALDS,850400,10000.0
EMERALDS,850500,10000.0
EMERALDS,850600,10000.0
EMERALDS,850700,10000.0
EMERALDS,850800,10000.0
EMERALDS,850900,10000.0
EMERALDS,851000,10000.0
EMERALDS,851100,10000.0
EMERALDS,851200,10000.0
EMERALDS,851300,10000.0
EMERALDS,851400,10000.0
EMERALDS,851500,10000.0
EMERALDS,851600,10000.0
EMERALDS,851700,10000.0
EMERALDS,851800,10000.0
EMERALDS,851900,10000.0
EMERALDS,852000,10000.0
EMERALDS,852100,10000.0
EMERALDS,852200,10000.0
EMERALDS,852300,10000.0
EMERALDS,852400,10000.0
EMERALDS,852500,10000.0
EMERALDS,852600,10000.0
EMERALDS,852700,10000.0
EMERALDS,852800,10000.0
EMERALDS,852900,10000.0
EMERALDS,853000,10000.0
EMERALDS,853100,10000.0
EMERALDS,853200,10000.0
EMERALDS,853300,9998.0
EMERALDS,853400,10000.0
EMERALDS,853500,10000.0
EMERALDS,853600,10000.0
EMERALDS,853700,10000.0
EMERALDS,853800,10000.0
EMERALDS,853900,10000.0
EMERALDS,854000,10000.0
EMERALDS,854100,10002.0
EMERALDS,854200,10000.0
EMERALDS,854300,10000.0
EMERALDS,854400,10000.0
EMERALDS,854500,10000.0
EMERALDS,854600,10000.0
EMERALDS,854700,10000.0
EMERALDS,854800,10000.0
EMERALDS,854900,10000.0
EMERALDS,855000,10000.0
EMERALDS,855100,10000.0
EMERALDS,855200,10000.0
EMERALDS,855300,10000.0
EMERALDS,855400,10000.0
EMERALDS,855500,10000.0
EMERALDS,855600,10000.0
EMERALDS,855700,10000.0
EMERALDS,855800,10000.0
EMERALDS,855900,10000.0
EMERALDS,856000,10000.0
EMERALDS,856100,10000.0
EMERALDS,856200,10000.0
EMERALDS,856300,10000.0
EMERALDS,856400,10000.0
EMERALDS,856500,10000.0
EMERALDS,856600,10000.0
EMERALDS,856700,10000.0
EMERALDS,856800,10000.0
EMERALDS,856900,10000.0
EMERALDS,857000,10002.0
EMERALDS,857100,10000.0
EMERALDS,857200,10000.0
EMERALDS,857300,10000.0
EMERALDS,857400,10000.0
EMERALDS,857500,10000.0
EMERALDS,857600,10000.0
EMERALDS,857700,10000.0
EMERALDS,857800,10000.0
EMERALDS,857900,10000.0
EMERALDS,858000,10000.0
EMERALDS,858100,10000.0
EMERALDS,858200,10000.0
EMERALDS,858300,10000.0
EMERALDS,858400,10002.0
EMERALDS,858500,10000.0
EMERALDS,858600,10000.0
EMERALDS,858700,10000.0
EMERALDS,858800,10000.0
EMERALDS,858900,10000.0
EMERALDS,859000,10000.0
EMERALDS,859100,10000.0
EMERALDS,859200,10002.0
EMERALDS,859300,10000.0
EMERALDS,859400,10000.0
EMERALDS,859500,10000.0
EMERALDS,859600,10000.0
EMERALDS,859700,10000.0
EMERALDS,859800,10000.0
EMERALDS,859900,10000.0
EMERALDS,860000,10000.0
EMERALDS,860100,9998.0
EMERALDS,860200,9998.0
EMERALDS,860300,10000.0
EMERALDS,860400,10000.0
EMERALDS,860500,10000.0
EMERALDS,860600,10000.0
EMERALDS,860700,10000.0
EMERALDS,860800,10000.0
EMERALDS,860900,10000.0
EMERALDS,861000,10000.0
EMERALDS,861100,10000.0
EMERALDS,861200,10000.0
EMERALDS,861300,10000.0
EMERALDS,861400,10000.0
EMERALDS,861500,10000.0
EMERALDS,861600,10000.0
EMERALDS,861700,10000.0
EMERALDS,861800,10000.0
EMERALDS,861900,10002.0
EMERALDS,862000,10000.0
EMERALDS,862100,10000.0
EMERALDS,862200,10000.0
EMERALDS,862300,10000.0
EMERALDS,862400,10000.0
EMERALDS,862500,10000.0
EMERALDS,862600,10000.0
EMERALDS,862700,10000.0
EMERALDS,862800,10000.0
EMERALDS,862900,10000.0
EMERALDS,863000,10000.0
EMERALDS,863100,10000.0
EMERALDS,863200,10000.0
EMERALDS,863300,10002.0
EMERALDS,863400,10000.0
EMERALDS,863500,10000.0
EMERALDS,863600,10000.0
EMERALDS,863700,10000.0
EMERALDS,863800,10000.0
EMERALDS,863900,10000.0
EMERALDS,864000,10000.0
EMERALDS,864100,10000.0
EMERALDS,864200,10000.0
EMERALDS,864300,10000.0
EMERALDS,864400,10000.0
EMERALDS,864500,10000.0
EMERALDS,864600,10000.0
EMERALDS,864700,10000.0
EMERALDS,864800,10000.0
EMERALDS,864900,10000.0
EMERALDS,865000,10000.0
EMERALDS,865100,10000.0
EMERALDS,865200,10000.0
EMERALDS,865300,10000.0
EMERALDS,865400,10000.0
EMERALDS,865500,10000.0
EMERALDS,865600,10000.0
EMERALDS,865700,10000.0
EMERALDS,865800,10000.0
EMERALDS,865900,10000.0
EMERALDS,866000,10000.0
EMERALDS,866100,10000.0
EMERALDS,866200,10000.0
EMERALDS,866300,10000.0
EMERALDS,866400,10000.0
EMERALDS,866500,10000.0
EMERALDS,866600,10000.0
EMERALDS,866700,10000.0
EMERALDS,866800,10000.0
EMERALDS,866900,10000.0
EMERALDS,867000,10000.0
EMERALDS,867100,10000.0
EMERALDS,867200,10000.0
EMERALDS,867300,10000.0
EMERALDS,867400,10000.0
EMERALDS,867500,10000.0
EMERALDS,867600,10000.0
EMERALDS,867700,10000.0
EMERALDS,867800,10000.0
EMERALDS,867900,10000.0
EMERALDS,868000,10000.0
EMERALDS,868100,10000.0
EMERALDS,868200,10000.0
EMERALDS,868300,10000.0
EMERALDS,868400,10000.0
EMERALDS,868500,10000.0
EMERALDS,868600,10000.0
EMERALDS,868700,10000.0
EMERALDS,868800,10000.0
EMERALDS,868900,10002.0
EMERALDS,869000,9998.0
EMERALDS,869100,10000.0
EMERALDS,869200,10000.0
EMERALDS,869300,10000.0
EMERALDS,869400,10000.0
EMERALDS,869500,10000.0
EMERALDS,869600,10000.0
EMERALDS,869700,10000.0
EMERALDS,869800,10000.0
EMERALDS,869900,10000.0
EMERALDS,870000,10002.0
EMERALDS,870100,10000.0
EMERALDS,870200,10000.0
EMERALDS,870300,10000.0
EMERALDS,870400,10000.0
EMERALDS,870500,10000.0
EMERALDS,870600,10000.0
EMERALDS,870700,10000.0
EMERALDS,870800,10000.0
EMERALDS,870900,10000.0
EMERALDS,871000,10000.0
EMERALDS,871100,9998.0
EMERALDS,871200,10000.0
EMERALDS,871300,10000.0
EMERALDS,871400,10000.0
EMERALDS,871500,10000.0
EMERALDS,871600,10000.0
EMERALDS,871700,10000.0
EMERALDS,871800,10000.0
EMERALDS,871900,10000.0
EMERALDS,872000,10000.0
EMERALDS,872100,10000.0
EMERALDS,872200,10000.0
EMERALDS,872300,9998.0
EMERALDS,872400,10000.0
EMERALDS,872500,10000.0
EMERALDS,872600,10000.0
EMERALDS,872700,10000.0
EMERALDS,872800,10000.0
EMERALDS,872900,10000.0
EMERALDS,873000,10000.0
EMERALDS,873100,10000.0
EMERALDS,873200,10000.0
EMERALDS,873300,10000.0
EMERALDS,873400,10000.0
EMERALDS,873500,10000.0
EMERALDS,873600,10000.0
EMERALDS,873700,10000.0
EMERALDS,873800,9998.0
EMERALDS,873900,10000.0
EMERALDS,874000,10000.0
EMERALDS,874100,10000.0
EMERALDS,874200,10000.0
EMERALDS,874300,10000.0
EMERALDS,874400,10000.0
EMERALDS,874500,10000.0
EMERALDS,874600,10000.0
EMERALDS,874700,10000.0
EMERALDS,874800,10000.0
EMERALDS,874900,10000.0
EMERALDS,875000,10000.0
EMERALDS,875100,10000.0
EMERALDS,875200,10000.0
EMERALDS,875300,10000.0
EMERALDS,875400,10000.0
EMERALDS,875500,10000.0
EMERALDS,875600,10000.0
EMERALDS,875700,10000.0
EMERALDS,875800,10000.0
EMERALDS,875900,10000.0
EMERALDS,876000,10000.0
EMERALDS,876100,10000.0
EMERALDS,876200,10000.0
EMERALDS,876300,10000.0
EMERALDS,876400,10002.0
EMERALDS,876500,10000.0
EMERALDS,876600,10000.0
EMERALDS,876700,10000.0
EMERALDS,876800,10000.0
EMERALDS,876900,10000.0
EMERALDS,877000,10000.0
EMERALDS,877100,10000.0
EMERALDS,877200,10000.0
EMERALDS,877300,10000.0
EMERALDS,877400,10000.0
EMERALDS,877500,10000.0
EMERALDS,877600,10000.0
EMERALDS,877700,10000.0
EMERALDS,877800,10000.0
EMERALDS,877900,10000.0
EMERALDS,878000,10000.0
EMERALDS,878100,10000.0
EMERALDS,878200,10000.0
EMERALDS,878300,10000.0
EMERALDS,878400,10000.0
EMERALDS,878500,10000.0
EMERALDS,878600,10000.0
EMERALDS,878700,10000.0
EMERALDS,878800,10000.0
EMERALDS,878900,10000.0
EMERALDS,879000,10000.0
EMERALDS,879100,10000.0
EMERALDS,879200,10000.0
EMERALDS,879300,10000.0
EMERALDS,879400,10000.0
EMERALDS,879500,10002.0
EMERALDS,879600,10000.0
EMERALDS,879700,10000.0
EMERALDS,879800,10000.0
EMERALDS,879900,10000.0
EMERALDS,880000,10000.0
EMERALDS,880100,10000.0
EMERALDS,880200,10000.0
EMERALDS,880300,10000.0
EMERALDS,880400,10000.0
EMERALDS,880500,10000.0
EMERALDS,880600,10000.0
EMERALDS,880700,10000.0
EMERALDS,880800,10000.0
EMERALDS,880900,10000.0
EMERALDS,881000,9998.0
EMERALDS,881100,10000.0
EMERALDS,881200,10000.0
EMERALDS,881300,10000.0
EMERALDS,881400,10000.0
EMERALDS,881500,10000.0
EMERALDS,881600,10000.0
EMERALDS,881700,10000.0
EMERALDS,881800,10000.0
EMERALDS,881900,10000.0
EMERALDS,882000,10000.0
EMERALDS,882100,10000.0
EMERALDS,882200,10000.0
EMERALDS,882300,10000.0
EMERALDS,882400,10000.0
EMERALDS,882500,10000.0
EMERALDS,882600,10000.0
EMERALDS,882700,10000.0
EMERALDS,882800,10000.0
EMERALDS,882900,10000.0
EMERALDS,883000,10000.0
EMERALDS,883100,10000.0
EMERALDS,883200,10000.0
EMERALDS,883300,10000.0
EMERALDS,883400,10000.0
EMERALDS,883500,10000.0
EMERALDS,883600,9998.0
EMERALDS,883700,10000.0
EMERALDS,883800,10000.0
EMERALDS,883900,10000.0
EMERALDS,884000,10000.0
EMERALDS,884100,10000.0
EMERALDS,884200,10000.0
EMERALDS,884300,10002.0
EMERALDS,884400,10000.0
EMERALDS,884500,10000.0
EMERALDS,884600,10000.0
EMERALDS,884700,10000.0
EMERALDS,884800,10000.0
EMERALDS,884900,10000.0
EMERALDS,885000,10000.0
EMERALDS,885100,10000.0
EMERALDS,885200,10000.0
EMERALDS,885300,10000.0
EMERALDS,885400,10000.0
EMERALDS,885500,10000.0
EMERALDS,885600,10000.0
EMERALDS,885700,10000.0
EMERALDS,885800,10000.0
EMERALDS,885900,10000.0
EMERALDS,886000,10000.0
EMERALDS,886100,10000.0
EMERALDS,886200,10000.0
EMERALDS,886300,9998.0
EMERALDS,886400,10000.0
EMERALDS,886500,10000.0
EMERALDS,886600,10000.0
EMERALDS,886700,10000.0
EMERALDS,886800,10000.0
EMERALDS,886900,10000.0
EMERALDS,887000,10000.0
EMERALDS,887100,10000.0
EMERALDS,887200,10000.0
EMERALDS,887300,10000.0
EMERALDS,887400,9998.0
EMERALDS,887500,10000.0
EMERALDS,887600,10000.0
EMERALDS,887700,10000.0
EMERALDS,887800,10000.0
EMERALDS,887900,10000.0
EMERALDS,888000,10000.0
EMERALDS,888100,10000.0
EMERALDS,888200,10000.0
EMERALDS,888300,10000.0
EMERALDS,888400,10000.0
EMERALDS,888500,10000.0
EMERALDS,888600,10000.0
EMERALDS,888700,10000.0
EMERALDS,888800,10000.0
EMERALDS,888900,10000.0
EMERALDS,889000,10000.0
EMERALDS,889100,10000.0
EMERALDS,889200,10000.0
EMERALDS,889300,10000.0
EMERALDS,889400,10000.0
EMERALDS,889500,10000.0
EMERALDS,889600,10000.0
EMERALDS,889700,10000.0
EMERALDS,889800,10000.0
EMERALDS,889900,10000.0
EMERALDS,890000,10000.0
EMERALDS,890100,10000.0
EMERALDS,890200,10000.0
EMERALDS,890300,10000.0
EMERALDS,890400,10000.0
EMERALDS,890500,10000.0
EMERALDS,890600,10000.0
EMERALDS,890700,10000.0
EMERALDS,890800,10000.0
EMERALDS,890900,10000.0
EMERALDS,891000,10000.0
EMERALDS,891100,10000.0
EMERALDS,891200,10000.0
EMERALDS,891300,10000.0
EMERALDS,891400,10000.0
EMERALDS,891500,10000.0
EMERALDS,891600,10000.0
EMERALDS,891700,10000.0
EMERALDS,891800,10002.0
EMERALDS,891900,10000.0
EMERALDS,892000,10000.0
EMERALDS,892100,10000.0
EMERALDS,892200,10000.0
EMERALDS,892300,10000.0
EMERALDS,892400,10000.0
EMERALDS,892500,10000.0
EMERALDS,892600,10000.0
EMERALDS,892700,10000.0
EMERALDS,892800,10000.0
EMERALDS,892900,10000.0
EMERALDS,893000,10000.0
EMERALDS,893100,10000.0
EMERALDS,893200,10000.0
EMERALDS,893300,10000.0
EMERALDS,893400,10000.0
EMERALDS,893500,10002.0
EMERALDS,893600,10000.0
EMERALDS,893700,10000.0
EMERALDS,893800,10000.0
EMERALDS,893900,10000.0
EMERALDS,894000,10000.0
EMERALDS,894100,10000.0
EMERALDS,894200,10000.0
EMERALDS,894300,10000.0
EMERALDS,894400,10000.0
EMERALDS,894500,10000.0
EMERALDS,894600,10000.0
EMERALDS,894700,10000.0
EMERALDS,894800,10000.0
EMERALDS,894900,10000.0
EMERALDS,895000,10000.0
EMERALDS,895100,10000.0
EMERALDS,895200,10000.0
EMERALDS,895300,10000.0
EMERALDS,895400,10000.0
EMERALDS,895500,10000.0
EMERALDS,895600,10000.0
EMERALDS,895700,10000.0
EMERALDS,895800,10000.0
EMERALDS,895900,10000.0
EMERALDS,896000,10000.0
EMERALDS,896100,10000.0
EMERALDS,896200,10000.0
EMERALDS,896300,10000.0
EMERALDS,896400,10000.0
EMERALDS,896500,10000.0
EMERALDS,896600,10000.0
EMERALDS,896700,10000.0
EMERALDS,896800,10000.0
EMERALDS,896900,10000.0
EMERALDS,897000,10000.0
EMERALDS,897100,10000.0
EMERALDS,897200,10000.0
EMERALDS,897300,10000.0
EMERALDS,897400,10000.0
EMERALDS,897500,10000.0
EMERALDS,897600,10000.0
EMERALDS,897700,10000.0
EMERALDS,897800,10000.0
EMERALDS,897900,10002.0
EMERALDS,898000,10000.0
EMERALDS,898100,10000.0
EMERALDS,898200,10000.0
EMERALDS,898300,10000.0
EMERALDS,898400,10000.0
EMERALDS,898500,10000.0
EMERALDS,898600,10000.0
EMERALDS,898700,10000.0
EMERALDS,898800,10000.0
EMERALDS,898900,10000.0
EMERALDS,899000,10000.0
EMERALDS,899100,10000.0
EMERALDS,899200,10000.0
EMERALDS,899300,10000.0
EMERALDS,899400,10000.0
EMERALDS,899500,10000.0
EMERALDS,899600,10000.0
EMERALDS,899700,10000.0
EMERALDS,899800,10000.0
EMERALDS,899900,10000.0
EMERALDS,900000,10000.0
EMERALDS,900100,10000.0
EMERALDS,900200,10000.0
EMERALDS,900300,10000.0
EMERALDS,900400,10000.0
EMERALDS,900500,10000.0
EMERALDS,900600,10000.0
EMERALDS,900700,10000.0
EMERALDS,900800,10000.0
EMERALDS,900900,10000.0
EMERALDS,901000,10000.0
EMERALDS,901100,10000.0
EMERALDS,901200,10000.0
EMERALDS,901300,10002.0
EMERALDS,901400,10000.0
EMERALDS,901500,10000.0
EMERALDS,901600,10000.0
EMERALDS,901700,10000.0
EMERALDS,901800,10000.0
EMERALDS,901900,10000.0
EMERALDS,902000,10000.0
EMERALDS,902100,10000.0
EMERALDS,902200,10000.0
EMERALDS,902300,10000.0
EMERALDS,902400,10000.0
EMERALDS,902500,9998.0
EMERALDS,902600,10000.0
EMERALDS,902700,10000.0
EMERALDS,902800,10000.0
EMERALDS,902900,10000.0
EMERALDS,903000,10000.0
EMERALDS,903100,10000.0
EMERALDS,903200,10000.0
EMERALDS,903300,10000.0
EMERALDS,903400,10000.0
EMERALDS,903500,10002.0
EMERALDS,903600,10000.0
EMERALDS,903700,10000.0
EMERALDS,903800,10000.0
EMERALDS,903900,10000.0
EMERALDS,904000,10000.0
EMERALDS,904100,10000.0
EMERALDS,904200,10000.0
EMERALDS,904300,10000.0
EMERALDS,904400,10000.0
EMERALDS,904500,10000.0
EMERALDS,904600,10000.0
EMERALDS,904700,10000.0
EMERALDS,904800,10000.0
EMERALDS,904900,9998.0
EMERALDS,905000,10000.0
EMERALDS,905100,10000.0
EMERALDS,905200,10000.0
EMERALDS,905300,10000.0
EMERALDS,905400,10000.0
EMERALDS,905500,10000.0
EMERALDS,905600,10000.0
EMERALDS,905700,10000.0
EMERALDS,905800,10000.0
EMERALDS,905900,10000.0
EMERALDS,906000,10000.0
EMERALDS,906100,10000.0
EMERALDS,906200,10000.0
EMERALDS,906300,10000.0
EMERALDS,906400,10000.0
EMERALDS,906500,10000.0
EMERALDS,906600,10000.0
EMERALDS,906700,10000.0
EMERALDS,906800,10000.0
EMERALDS,906900,9998.0
EMERALDS,907000,10000.0
EMERALDS,907100,10000.0
EMERALDS,907200,10000.0
EMERALDS,907300,10000.0
EMERALDS,907400,10000.0
EMERALDS,907500,9998.0
EMERALDS,907600,10000.0
EMERALDS,907700,10000.0
EMERALDS,907800,10002.0
EMERALDS,907900,10000.0
EMERALDS,908000,10000.0
EMERALDS,908100,10000.0
EMERALDS,908200,10000.0
EMERALDS,908300,10000.0
EMERALDS,908400,10000.0
EMERALDS,908500,10000.0
EMERALDS,908600,10000.0
EMERALDS,908700,10000.0
EMERALDS,908800,10000.0
EMERALDS,908900,10000.0
EMERALDS,909000,10000.0
EMERALDS,909100,10000.0
EMERALDS,909200,10000.0
EMERALDS,909300,10000.0
EMERALDS,909400,10000.0
EMERALDS,909500,10000.0
EMERALDS,909600,10000.0
EMERALDS,909700,10000.0
EMERALDS,909800,10000.0
EMERALDS,909900,9998.0
EMERALDS,910000,10000.0
EMERALDS,910100,10000.0
EMERALDS,910200,10000.0
EMERALDS,910300,10000.0
EMERALDS,910400,10000.0
EMERALDS,910500,10000.0
EMERALDS,910600,10000.0
EMERALDS,910700,10000.0
EMERALDS,910800,10000.0
EMERALDS,910900,10000.0
EMERALDS,911000,10000.0
EMERALDS,911100,10000.0
EMERALDS,911200,10000.0
EMERALDS,911300,10000.0
EMERALDS,911400,10002.0
EMERALDS,911500,10002.0
EMERALDS,911600,10000.0
EMERALDS,911700,10000.0
EMERALDS,911800,10000.0
EMERALDS,911900,10000.0
EMERALDS,912000,10000.0
EMERALDS,912100,10000.0
EMERALDS,912200,10000.0
EMERALDS,912300,9998.0
EMERALDS,912400,10000.0
EMERALDS,912500,10000.0
EMERALDS,912600,10000.0
EMERALDS,912700,10000.0
EMERALDS,912800,10000.0
EMERALDS,912900,10000.0
EMERALDS,913000,10000.0
EMERALDS,913100,10000.0
EMERALDS,913200,10000.0
EMERALDS,913300,9998.0
EMERALDS,913400,10000.0
EMERALDS,913500,10000.0
EMERALDS,913600,10000.0
EMERALDS,913700,10000.0
EMERALDS,913800,10000.0
EMERALDS,913900,10000.0
EMERALDS,914000,10000.0
EMERALDS,914100,10000.0
EMERALDS,914200,10000.0
EMERALDS,914300,10000.0
EMERALDS,914400,10000.0
EMERALDS,914500,10000.0
EMERALDS,914600,10000.0
EMERALDS,914700,10000.0
EMERALDS,914800,10000.0
EMERALDS,914900,10000.0
EMERALDS,915000,10000.0
EMERALDS,915100,10000.0
EMERALDS,915200,10000.0
EMERALDS,915300,10000.0
EMERALDS,915400,9998.0
EMERALDS,915500,10000.0
EMERALDS,915600,10000.0
EMERALDS,915700,10000.0
EMERALDS,915800,10000.0
EMERALDS,915900,10000.0
EMERALDS,916000,9998.0
EMERALDS,916100,10000.0
EMERALDS,916200,10000.0
EMERALDS,916300,10000.0
EMERALDS,916400,10000.0
EMERALDS,916500,10000.0
EMERALDS,916600,10000.0
EMERALDS,916700,10000.0
EMERALDS,916800,10000.0
EMERALDS,916900,10000.0
EMERALDS,917000,10000.0
EMERALDS,917100,10000.0
EMERALDS,917200,10000.0
EMERALDS,917300,10000.0
EMERALDS,917400,10000.0
EMERALDS,917500,10000.0
EMERALDS,917600,10000.0
EMERALDS,917700,10002.0
EMERALDS,917800,10000.0
EMERALDS,917900,10000.0
EMERALDS,918000,10000.0
EMERALDS,918100,10000.0
EMERALDS,918200,10000.0
EMERALDS,918300,10000.0
EMERALDS,918400,10000.0
EMERALDS,918500,10000.0
EMERALDS,918600,10000.0
EMERALDS,918700,10000.0
EMERALDS,918800,10000.0
EMERALDS,918900,10000.0
EMERALDS,919000,10000.0
EMERALDS,919100,10000.0
EMERALDS,919200,10000.0
EMERALDS,919300,10000.0
EMERALDS,919400,10000.0
EMERALDS,919500,10000.0
EMERALDS,919600,10000.0
EMERALDS,919700,10000.0
EMERALDS,919800,10000.0
EMERALDS,919900,10000.0
EMERALDS,920000,10002.0
EMERALDS,920100,10000.0
EMERALDS,920200,10000.0
EMERALDS,920300,10000.0
EMERALDS,920400,10000.0
EMERALDS,920500,10002.0
EMERALDS,920600,10000.0
EMERALDS,920700,10000.0
EMERALDS,920800,9998.0
EMERALDS,920900,10000.0
EMERALDS,921000,10000.0
EMERALDS,921100,10000.0
EMERALDS,921200,10000.0
EMERALDS,921300,10000.0
EMERALDS,921400,10000.0
EMERALDS,921500,9998.0
EMERALDS,921600,10000.0
EMERALDS,921700,10000.0
EMERALDS,921800,10000.0
EMERALDS,921900,10000.0
EMERALDS,922000,10000.0
EMERALDS,922100,9998.0
EMERALDS,922200,10000.0
EMERALDS,922300,10000.0
EMERALDS,922400,10002.0
EMERALDS,922500,10000.0
EMERALDS,922600,10000.0
EMERALDS,922700,10000.0
EMERALDS,922800,10000.0
EMERALDS,922900,10000.0
EMERALDS,923000,10000.0
EMERALDS,923100,10000.0
EMERALDS,923200,10000.0
EMERALDS,923300,9998.0
EMERALDS,923400,10000.0
EMERALDS,923500,10000.0
EMERALDS,923600,10000.0
EMERALDS,923700,10000.0
EMERALDS,923800,10000.0
EMERALDS,923900,10000.0
EMERALDS,924000,10000.0
EMERALDS,924100,10000.0
EMERALDS,924200,10000.0
EMERALDS,924300,10000.0
EMERALDS,924400,10000.0
EMERALDS,924500,9998.0
EMERALDS,924600,9998.0
EMERALDS,924700,10000.0
EMERALDS,924800,10000.0
EMERALDS,924900,9998.0
EMERALDS,925000,10000.0
EMERALDS,925100,10000.0
EMERALDS,925200,9998.0
EMERALDS,925300,10000.0
EMERALDS,925400,10000.0
EMERALDS,925500,10000.0
EMERALDS,925600,10000.0
EMERALDS,925700,9998.0
EMERALDS,925800,10000.0
EMERALDS,925900,10000.0
EMERALDS,926000,10000.0
EMERALDS,926100,10000.0
EMERALDS,926200,10000.0
EMERALDS,926300,10000.0
EMERALDS,926400,10000.0
EMERALDS,926500,10000.0
EMERALDS,926600,10000.0
EMERALDS,926700,10000.0
EMERALDS,926800,10000.0
EMERALDS,926900,10000.0
EMERALDS,927000,10000.0
EMERALDS,927100,10000.0
EMERALDS,927200,10000.0
EMERALDS,927300,10000.0
EMERALDS,927400,10000.0
EMERALDS,927500,10000.0
EMERALDS,927600,10000.0
EMERALDS,927700,10000.0
EMERALDS,927800,10000.0
EMERALDS,927900,10000.0
EMERALDS,928000,10000.0
EMERALDS,928100,10000.0
EMERALDS,928200,10000.0
EMERALDS,928300,10000.0
EMERALDS,928400,10000.0
EMERALDS,928500,10000.0
EMERALDS,928600,10000.0
EMERALDS,928700,10000.0
EMERALDS,928800,10000.0
EMERALDS,928900,9998.0
EMERALDS,929000,10000.0
EMERALDS,929100,10000.0
EMERALDS,929200,10000.0
EMERALDS,929300,10000.0
EMERALDS,929400,10000.0
EMERALDS,929500,10000.0
EMERALDS,929600,10000.0
EMERALDS,929700,10000.0
EMERALDS,929800,10000.0
EMERALDS,929900,10000.0
EMERALDS,930000,10000.0
EMERALDS,930100,10000.0
EMERALDS,930200,10000.0
EMERALDS,930300,10000.0
EMERALDS,930400,10000.0
EMERALDS,930500,10000.0
EMERALDS,930600,10000.0
EMERALDS,930700,10000.0
EMERALDS,930800,10000.0
EMERALDS,930900,10000.0
EMERALDS,931000,10000.0
EMERALDS,931100,10000.0
EMERALDS,931200,10000.0
EMERALDS,931300,10000.0
EMERALDS,931400,10000.0
EMERALDS,931500,10000.0
EMERALDS,931600,10000.0
EMERALDS,931700,10000.0
EMERALDS,931800,10000.0
EMERALDS,931900,10000.0
EMERALDS,932000,10000.0
EMERALDS,932100,10000.0
EMERALDS,932200,10000.0
EMERALDS,932300,10002.0
EMERALDS,932400,10000.0
EMERALDS,932500,10000.0
EMERALDS,932600,10000.0
EMERALDS,932700,10000.0
EMERALDS,932800,10000.0
EMERALDS,932900,10000.0
EMERALDS,933000,10000.0
EMERALDS,933100,10000.0
EMERALDS,933200,10000.0
EMERALDS,933300,10000.0
EMERALDS,933400,10000.0
EMERALDS,933500,10000.0
EMERALDS,933600,10000.0
EMERALDS,933700,10000.0
EMERALDS,933800,10000.0
EMERALDS,933900,10000.0
EMERALDS,934000,10000.0
EMERALDS,934100,10000.0
EMERALDS,934200,10000.0
EMERALDS,934300,10000.0
EMERALDS,934400,10000.0
EMERALDS,934500,10000.0
EMERALDS,934600,10000.0
EMERALDS,934700,10000.0
EMERALDS,934800,10000.0
EMERALDS,934900,10000.0
EMERALDS,935000,10000.0
EMERALDS,935100,10000.0
EMERALDS,935200,10000.0
EMERALDS,935300,10000.0
EMERALDS,935400,10000.0
EMERALDS,935500,10000.0
EMERALDS,935600,10000.0
EMERALDS,935700,10000.0
EMERALDS,935800,10002.0
EMERALDS,935900,10000.0
EMERALDS,936000,10000.0
EMERALDS,936100,9998.0
EMERALDS,936200,10000.0
EMERALDS,936300,10000.0
EMERALDS,936400,10000.0
EMERALDS,936500,10000.0
EMERALDS,936600,10000.0
EMERALDS,936700,10000.0
EMERALDS,936800,10000.0
EMERALDS,936900,10000.0
EMERALDS,937000,10000.0
EMERALDS,937100,10000.0
EMERALDS,937200,10000.0
EMERALDS,937300,10000.0
EMERALDS,937400,10000.0
EMERALDS,937500,10000.0
EMERALDS,937600,10000.0
EMERALDS,937700,10000.0
EMERALDS,937800,10000.0
EMERALDS,937900,10000.0
EMERALDS,938000,10000.0
EMERALDS,938100,10000.0
EMERALDS,938200,10000.0
EMERALDS,938300,10000.0
EMERALDS,938400,10000.0
EMERALDS,938500,10000.0
EMERALDS,938600,10000.0
EMERALDS,938700,10000.0
EMERALDS,938800,10000.0
EMERALDS,938900,9998.0
EMERALDS,939000,10000.0
EMERALDS,939100,10000.0
EMERALDS,939200,10000.0
EMERALDS,939300,10000.0
EMERALDS,939400,10000.0
EMERALDS,939500,10000.0
EMERALDS,939600,10000.0
EMERALDS,939700,10000.0
EMERALDS,939800,10000.0
EMERALDS,939900,10000.0
EMERALDS,940000,10000.0
EMERALDS,940100,10000.0
EMERALDS,940200,10002.0
EMERALDS,940300,10000.0
EMERALDS,940400,10000.0
EMERALDS,940500,10000.0
EMERALDS,940600,10000.0
EMERALDS,940700,10000.0
EMERALDS,940800,10000.0
EMERALDS,940900,10000.0
EMERALDS,941000,10000.0
EMERALDS,941100,10002.0
EMERALDS,941200,10000.0
EMERALDS,941300,10000.0
EMERALDS,941400,10000.0
EMERALDS,941500,10000.0
EMERALDS,941600,9998.0
EMERALDS,941700,10000.0
EMERALDS,941800,10000.0
EMERALDS,941900,10000.0
EMERALDS,942000,10000.0
EMERALDS,942100,10000.0
EMERALDS,942200,10000.0
EMERALDS,942300,10000.0
EMERALDS,942400,10000.0
EMERALDS,942500,10000.0
EMERALDS,942600,10000.0
EMERALDS,942700,10000.0
EMERALDS,942800,10000.0
EMERALDS,942900,10000.0
EMERALDS,943000,10000.0
EMERALDS,943100,10000.0
EMERALDS,943200,10000.0
EMERALDS,943300,10000.0
EMERALDS,943400,10000.0
EMERALDS,943500,10000.0
EMERALDS,943600,10000.0
EMERALDS,943700,10000.0
EMERALDS,943800,10000.0
EMERALDS,943900,10000.0
EMERALDS,944000,10000.0
EMERALDS,944100,10000.0
EMERALDS,944200,10000.0
EMERALDS,944300,10002.0
EMERALDS,944400,10000.0
EMERALDS,944500,10000.0
EMERALDS,944600,10000.0
EMERALDS,944700,10000.0
EMERALDS,944800,10000.0
EMERALDS,944900,10000.0
EMERALDS,945000,10000.0
EMERALDS,945100,10000.0
EMERALDS,945200,10000.0
EMERALDS,945300,10002.0
EMERALDS,945400,10000.0
EMERALDS,945500,10000.0
EMERALDS,945600,10000.0
EMERALDS,945700,10000.0
EMERALDS,945800,10000.0
EMERALDS,945900,10000.0
EMERALDS,946000,10000.0
EMERALDS,946100,10000.0
EMERALDS,946200,10000.0
EMERALDS,946300,10000.0
EMERALDS,946400,10000.0
EMERALDS,946500,10000.0
EMERALDS,946600,10000.0
EMERALDS,946700,10000.0
EMERALDS,946800,10000.0
EMERALDS,946900,10000.0
EMERALDS,947000,10000.0
EMERALDS,947100,10000.0
EMERALDS,947200,10000.0
EMERALDS,947300,10000.0
EMERALDS,947400,10000.0
EMERALDS,947500,10000.0
EMERALDS,947600,10000.0
EMERALDS,947700,10000.0
EMERALDS,947800,10000.0
EMERALDS,947900,10000.0
EMERALDS,948000,10000.0
EMERALDS,948100,10000.0
EMERALDS,948200,10000.0
EMERALDS,948300,10000.0
EMERALDS,948400,10000.0
EMERALDS,948500,10000.0
EMERALDS,948600,10000.0
EMERALDS,948700,9998.0
EMERALDS,948800,10000.0
EMERALDS,948900,10000.0
EMERALDS,949000,10000.0
EMERALDS,949100,10000.0
EMERALDS,949200,10000.0
EMERALDS,949300,10000.0
EMERALDS,949400,10000.0
EMERALDS,949500,10000.0
EMERALDS,949600,10000.0
EMERALDS,949700,10000.0
EMERALDS,949800,10000.0
EMERALDS,949900,10000.0
EMERALDS,950000,10000.0
EMERALDS,950100,10000.0
EMERALDS,950200,10000.0
EMERALDS,950300,9998.0
EMERALDS,950400,10000.0
EMERALDS,950500,10002.0
EMERALDS,950600,9998.0
EMERALDS,950700,10000.0
EMERALDS,950800,10000.0
EMERALDS,950900,10000.0
EMERALDS,951000,10000.0
EMERALDS,951100,10000.0
EMERALDS,951200,10000.0
EMERALDS,951300,10000.0
EMERALDS,951400,10000.0
EMERALDS,951500,10000.0
EMERALDS,951600,10000.0
EMERALDS,951700,10000.0
EMERALDS,951800,10000.0
EMERALDS,951900,10000.0
EMERALDS,952000,10000.0
EMERALDS,952100,10000.0
EMERALDS,952200,10002.0
EMERALDS,952300,10000.0
EMERALDS,952400,10000.0
EMERALDS,952500,10000.0
EMERALDS,952600,10000.0
EMERALDS,952700,10000.0
EMERALDS,952800,10000.0
EMERALDS,952900,10000.0
EMERALDS,953000,10000.0
EMERALDS,953100,10000.0
EMERALDS,953200,10000.0
EMERALDS,953300,10000.0
EMERALDS,953400,10000.0
EMERALDS,953500,10002.0
EMERALDS,953600,10000.0
EMERALDS,953700,10000.0
EMERALDS,953800,10000.0
EMERALDS,953900,10000.0
EMERALDS,954000,10000.0
EMERALDS,954100,10000.0
EMERALDS,954200,10000.0
EMERALDS,954300,10000.0
EMERALDS,954400,10000.0
EMERALDS,954500,10000.0
EMERALDS,954600,10000.0
EMERALDS,954700,10000.0
EMERALDS,954800,10000.0
EMERALDS,954900,10000.0
EMERALDS,955000,9998.0
EMERALDS,955100,10000.0
EMERALDS,955200,10000.0
EMERALDS,955300,10000.0
EMERALDS,955400,10000.0
EMERALDS,955500,10000.0
EMERALDS,955600,10000.0
EMERALDS,955700,10000.0
EMERALDS,955800,10000.0
EMERALDS,955900,10000.0
EMERALDS,956000,10000.0
EMERALDS,956100,10000.0
EMERALDS,956200,10000.0
EMERALDS,956300,10000.0
EMERALDS,956400,10000.0
EMERALDS,956500,9998.0
EMERALDS,956600,10000.0
EMERALDS,956700,9998.0
EMERALDS,956800,10000.0
EMERALDS,956900,10000.0
EMERALDS,957000,10000.0
EMERALDS,957100,10000.0
EMERALDS,957200,10002.0
EMERALDS,957300,10002.0
EMERALDS,957400,10000.0
EMERALDS,957500,10000.0
EMERALDS,957600,10000.0
EMERALDS,957700,10000.0
EMERALDS,957800,10000.0
EMERALDS,957900,10000.0
EMERALDS,958000,10000.0
EMERALDS,958100,10000.0
EMERALDS,958200,10000.0
EMERALDS,958300,10000.0
EMERALDS,958400,10000.0
EMERALDS,958500,10000.0
EMERALDS,958600,10000.0
EMERALDS,958700,10000.0
EMERALDS,958800,10000.0
EMERALDS,958900,10000.0
EMERALDS,959000,10000.0
EMERALDS,959100,10000.0
EMERALDS,959200,10000.0
EMERALDS,959300,10000.0
EMERALDS,959400,10000.0
EMERALDS,959500,10000.0
EMERALDS,959600,10000.0
EMERALDS,959700,10000.0
EMERALDS,959800,10000.0
EMERALDS,959900,10000.0
EMERALDS,960000,10000.0
EMERALDS,960100,10000.0
EMERALDS,960200,10000.0
EMERALDS,960300,10000.0
EMERALDS,960400,10000.0
EMERALDS,960500,10002.0
EMERALDS,960600,10000.0
EMERALDS,960700,10000.0
EMERALDS,960800,10000.0
EMERALDS,960900,10000.0
EMERALDS,961000,10000.0
EMERALDS,961100,10000.0
EMERALDS,961200,10000.0
EMERALDS,961300,10000.0
EMERALDS,961400,10002.0
EMERALDS,961500,10000.0
EMERALDS,961600,10000.0
EMERALDS,961700,10000.0
EMERALDS,961800,10000.0
EMERALDS,961900,10000.0
EMERALDS,962000,10000.0
EMERALDS,962100,10000.0
EMERALDS,962200,10000.0
EMERALDS,962300,10000.0
EMERALDS,962400,10000.0
EMERALDS,962500,10000.0
EMERALDS,962600,10000.0
EMERALDS,962700,10000.0
EMERALDS,962800,10000.0
EMERALDS,962900,10000.0
EMERALDS,963000,10000.0
EMERALDS,963100,9998.0
EMERALDS,963200,10000.0
EMERALDS,963300,10002.0
EMERALDS,963400,10000.0
EMERALDS,963500,10000.0
EMERALDS,963600,10002.0
EMERALDS,963700,10000.0
EMERALDS,963800,10000.0
EMERALDS,963900,10000.0
EMERALDS,964000,10000.0
EMERALDS,964100,10000.0
EMERALDS,964200,10000.0
EMERALDS,964300,10000.0
EMERALDS,964400,10000.0
EMERALDS,964500,10000.0
EMERALDS,964600,10000.0
EMERALDS,964700,10000.0
EMERALDS,964800,10000.0
EMERALDS,964900,10000.0
EMERALDS,965000,10000.0
EMERALDS,965100,10000.0
EMERALDS,965200,10000.0
EMERALDS,965300,10000.0
EMERALDS,965400,10000.0
EMERALDS,965500,10000.0
EMERALDS,965600,10000.0
EMERALDS,965700,10000.0
EMERALDS,965800,10000.0
EMERALDS,965900,10000.0
EMERALDS,966000,10000.0
EMERALDS,966100,10000.0
EMERALDS,966200,10000.0
EMERALDS,966300,10000.0
EMERALDS,966400,10000.0
EMERALDS,966500,10000.0
EMERALDS,966600,10000.0
EMERALDS,966700,10000.0
EMERALDS,966800,10000.0
EMERALDS,966900,10000.0
EMERALDS,967000,10000.0
EMERALDS,967100,10000.0
EMERALDS,967200,10000.0
EMERALDS,967300,10000.0
EMERALDS,967400,10000.0
EMERALDS,967500,10000.0
EMERALDS,967600,9998.0
EMERALDS,967700,9998.0
EMERALDS,967800,10000.0
EMERALDS,967900,10000.0
EMERALDS,968000,10000.0
EMERALDS,968100,10000.0
EMERALDS,968200,10000.0
EMERALDS,968300,10000.0
EMERALDS,968400,10000.0
EMERALDS,968500,10000.0
EMERALDS,968600,10000.0
EMERALDS,968700,10000.0
EMERALDS,968800,10000.0
EMERALDS,968900,10000.0
EMERALDS,969000,10000.0
EMERALDS,969100,10000.0
EMERALDS,969200,10000.0
EMERALDS,969300,10000.0
EMERALDS,969400,10000.0
EMERALDS,969500,10000.0
EMERALDS,969600,10000.0
EMERALDS,969700,10000.0
EMERALDS,969800,10000.0
EMERALDS,969900,10000.0
EMERALDS,970000,10000.0
EMERALDS,970100,10000.0
EMERALDS,970200,10000.0
EMERALDS,970300,10000.0
EMERALDS,970400,10000.0
EMERALDS,970500,10000.0
EMERALDS,970600,10000.0
EMERALDS,970700,10000.0
EMERALDS,970800,10000.0
EMERALDS,970900,10000.0
EMERALDS,971000,10000.0
EMERALDS,971100,10000.0
EMERALDS,971200,10000.0
EMERALDS,971300,10000.0
EMERALDS,971400,10000.0
EMERALDS,971500,10000.0
EMERALDS,971600,10000.0
EMERALDS,971700,10000.0
EMERALDS,971800,10000.0
EMERALDS,971900,10000.0
EMERALDS,972000,10000.0
EMERALDS,972100,10000.0
EMERALDS,972200,10000.0
EMERALDS,972300,10000.0
EMERALDS,972400,10000.0
EMERALDS,972500,10000.0
EMERALDS,972600,10000.0
EMERALDS,972700,10000.0
EMERALDS,972800,10000.0
EMERALDS,972900,10000.0
EMERALDS,973000,10000.0
EMERALDS,973100,10000.0
EMERALDS,973200,10000.0
EMERALDS,973300,10000.0
EMERALDS,973400,10000.0
EMERALDS,973500,10000.0
EMERALDS,973600,10000.0
EMERALDS,973700,10000.0
EMERALDS,973800,10000.0
EMERALDS,973900,10000.0
EMERALDS,974000,10000.0
EMERALDS,974100,10000.0
EMERALDS,974200,10000.0
EMERALDS,974300,10000.0
EMERALDS,974400,10000.0
EMERALDS,974500,10000.0
EMERALDS,974600,10000.0
EMERALDS,974700,10000.0
EMERALDS,974800,10000.0
EMERALDS,974900,10000.0
EMERALDS,975000,10000.0
EMERALDS,975100,10000.0
EMERALDS,975200,10000.0
EMERALDS,975300,10000.0
EMERALDS,975400,10000.0
EMERALDS,975500,10002.0
EMERALDS,975600,10000.0
EMERALDS,975700,10000.0
EMERALDS,975800,10000.0
EMERALDS,975900,10002.0
EMERALDS,976000,10000.0
EMERALDS,976100,10000.0
EMERALDS,976200,10000.0
EMERALDS,976300,10000.0
EMERALDS,976400,10000.0
EMERALDS,976500,10000.0
EMERALDS,976600,10000.0
EMERALDS,976700,10000.0
EMERALDS,976800,10000.0
EMERALDS,976900,10000.0
EMERALDS,977000,10000.0
EMERALDS,977100,10000.0
EMERALDS,977200,10000.0
EMERALDS,977300,10000.0
EMERALDS,977400,10000.0
EMERALDS,977500,10000.0
EMERALDS,977600,10000.0
EMERALDS,977700,10000.0
EMERALDS,977800,10000.0
EMERALDS,977900,10000.0
EMERALDS,978000,10000.0
EMERALDS,978100,10000.0
EMERALDS,978200,10000.0
EMERALDS,978300,10000.0
EMERALDS,978400,10000.0
EMERALDS,978500,10000.0
EMERALDS,978600,10000.0
EMERALDS,978700,10002.0
EMERALDS,978800,10000.0
EMERALDS,978900,10000.0
EMERALDS,979000,10000.0
EMERALDS,979100,10000.0
EMERALDS,979200,10000.0
EMERALDS,979300,10000.0
EMERALDS,979400,10000.0
EMERALDS,979500,10000.0
EMERALDS,979600,10000.0
EMERALDS,979700,10000.0
EMERALDS,979800,10000.0
EMERALDS,979900,10000.0
EMERALDS,980000,10000.0
EMERALDS,980100,10000.0
EMERALDS,980200,10000.0
EMERALDS,980300,10000.0
EMERALDS,980400,10000.0
EMERALDS,980500,10000.0
EMERALDS,980600,10000.0
EMERALDS,980700,10000.0
EMERALDS,980800,10000.0
EMERALDS,980900,10000.0
EMERALDS,981000,10000.0
EMERALDS,981100,10000.0
EMERALDS,981200,10000.0
EMERALDS,981300,10000.0
EMERALDS,981400,10000.0
EMERALDS,981500,10000.0
EMERALDS,981600,10000.0
EMERALDS,981700,10000.0
EMERALDS,981800,10000.0
EMERALDS,981900,10000.0
EMERALDS,982000,10000.0
EMERALDS,982100,10000.0
EMERALDS,982200,10000.0
EMERALDS,982300,10000.0
EMERALDS,982400,10000.0
EMERALDS,982500,10000.0
EMERALDS,982600,10000.0
EMERALDS,982700,10000.0
EMERALDS,982800,10000.0
EMERALDS,982900,10000.0
EMERALDS,983000,10000.0
EMERALDS,983100,10000.0
EMERALDS,983200,10000.0
EMERALDS,983300,10000.0
EMERALDS,983400,10000.0
EMERALDS,983500,10000.0
EMERALDS,983600,10000.0
EMERALDS,983700,10000.0
EMERALDS,983800,10000.0
EMERALDS,983900,10000.0
EMERALDS,984000,10000.0
EMERALDS,984100,10000.0
EMERALDS,984200,10000.0
EMERALDS,984300,10000.0
EMERALDS,984400,10000.0
EMERALDS,984500,10000.0
EMERALDS,984600,10000.0
EMERALDS,984700,10000.0
EMERALDS,984800,10000.0
EMERALDS,984900,10000.0
EMERALDS,985000,10000.0
EMERALDS,985100,10000.0
EMERALDS,985200,10000.0
EMERALDS,985300,10000.0
EMERALDS,985400,9998.0
EMERALDS,985500,10000.0
EMERALDS,985600,10000.0
EMERALDS,985700,10000.0
EMERALDS,985800,10000.0
EMERALDS,985900,10000.0
EMERALDS,986000,9998.0
EMERALDS,986100,10000.0
EMERALDS,986200,10000.0
EMERALDS,986300,10000.0
EMERALDS,986400,10000.0
EMERALDS,986500,10002.0
EMERALDS,986600,10000.0
EMERALDS,986700,10000.0
EMERALDS,986800,10000.0
EMERALDS,986900,10000.0
EMERALDS,987000,10000.0
EMERALDS,987100,10000.0
EMERALDS,987200,10000.0
EMERALDS,987300,10000.0
EMERALDS,987400,10000.0
EMERALDS,987500,10000.0
EMERALDS,987600,10000.0
EMERALDS,987700,10000.0
EMERALDS,987800,10000.0
EMERALDS,987900,10000.0
EMERALDS,988000,10000.0
EMERALDS,988100,10000.0
EMERALDS,988200,10000.0
EMERALDS,988300,10000.0
EMERALDS,988400,10000.0
EMERALDS,988500,10000.0
EMERALDS,988600,10000.0
EMERALDS,988700,10000.0
EMERALDS,988800,10000.0
EMERALDS,988900,10000.0
EMERALDS,989000,9998.0
EMERALDS,989100,10000.0
EMERALDS,989200,10000.0
EMERALDS,989300,10000.0
EMERALDS,989400,10000.0
EMERALDS,989500,10000.0
EMERALDS,989600,10000.0
EMERALDS,989700,10000.0
EMERALDS,989800,10000.0
EMERALDS,989900,10000.0
EMERALDS,990000,10000.0
EMERALDS,990100,10000.0
EMERALDS,990200,10000.0
EMERALDS,990300,10000.0
EMERALDS,990400,10000.0
EMERALDS,990500,10000.0
EMERALDS,990600,10000.0
EMERALDS,990700,10000.0
EMERALDS,990800,10000.0
EMERALDS,990900,9998.0
EMERALDS,991000,10000.0
EMERALDS,991100,10000.0
EMERALDS,991200,10002.0
EMERALDS,991300,10000.0
EMERALDS,991400,10000.0
EMERALDS,991500,10002.0
EMERALDS,991600,10000.0
EMERALDS,991700,10000.0
EMERALDS,991800,10000.0
EMERALDS,991900,10000.0
EMERALDS,992000,10000.0
EMERALDS,992100,10000.0
EMERALDS,992200,10000.0
EMERALDS,992300,10000.0
EMERALDS,992400,10000.0
EMERALDS,992500,10000.0
EMERALDS,992600,10002.0
EMERALDS,992700,10000.0
EMERALDS,992800,10000.0
EMERALDS,992900,10000.0
EMERALDS,993000,9998.0
EMERALDS,993100,10000.0
EMERALDS,993200,10000.0
EMERALDS,993300,10000.0
EMERALDS,993400,10000.0
EMERALDS,993500,10000.0
EMERALDS,993600,10000.0
EMERALDS,993700,10000.0
EMERALDS,993800,10000.0
EMERALDS,993900,10000.0
EMERALDS,994000,10000.0
EMERALDS,994100,10000.0
EMERALDS,994200,10000.0
EMERALDS,994300,10000.0
EMERALDS,994400,10000.0
EMERALDS,994500,10000.0
EMERALDS,994600,10000.0
EMERALDS,994700,10000.0
EMERALDS,994800,10000.0
EMERALDS,994900,10000.0
EMERALDS,995000,10000.0
EMERALDS,995100,10000.0
EMERALDS,995200,10000.0
EMERALDS,995300,10000.0
EMERALDS,995400,10000.0
EMERALDS,995500,9998.0
EMERALDS,995600,10000.0
EMERALDS,995700,10000.0
EMERALDS,995800,9998.0
EMERALDS,995900,10000.0
EMERALDS,996000,10000.0
EMERALDS,996100,10002.0
EMERALDS,996200,10000.0
EMERALDS,996300,9998.0
EMERALDS,996400,10000.0
EMERALDS,996500,10002.0
EMERALDS,996600,10002.0
EMERALDS,996700,10000.0
EMERALDS,996800,10000.0
EMERALDS,996900,10002.0
EMERALDS,997000,10000.0
EMERALDS,997100,10000.0
EMERALDS,997200,10000.0
EMERALDS,997300,10000.0
EMERALDS,997400,10000.0
EMERALDS,997500,10000.0
EMERALDS,997600,10002.0
EMERALDS,997700,10000.0
EMERALDS,997800,10000.0
EMERALDS,997900,10000.0
EMERALDS,998000,10000.0
EMERALDS,998100,10002.0
EMERALDS,998200,10000.0
EMERALDS,998300,10000.0
EMERALDS,998400,10000.0
EMERALDS,998500,10000.0
EMERALDS,998600,10000.0
EMERALDS,998700,10000.0
EMERALDS,998800,10000.0
EMERALDS,998900,10000.0
EMERALDS,999000,9998.0
EMERALDS,999100,10000.0
EMERALDS,999200,10000.0
EMERALDS,999300,10000.0
EMERALDS,999400,10000.0
EMERALDS,999500,10000.0
EMERALDS,999600,10000.0
EMERALDS,999700,10000.0
EMERALDS,999800,10000.0
EMERALDS,999900,10000.0
TOMATOES,0,5003.0
TOMATOES,100,5004.5
TOMATOES,200,5003.75
TOMATOES,300,5004.25
TOMATOES,400,5004.25
TOMATOES,500,5004.0
TOMATOES,600,5005.0
TOMATOES,700,5003.5
TOMATOES,800,5003.25
TOMATOES,900,5003.75
TOMATOES,1000,5003.75
TOMATOES,1100,5005.0
TOMATOES,1200,5003.75
TOMATOES,1300,5005.25
TOMATOES,1400,5003.0
TOMATOES,1500,5005.0
TOMATOES,1600,5003.25
TOMATOES,1700,5003.25
TOMATOES,1800,5003.0
TOMATOES,1900,5002.5
TOMATOES,2000,5002.25
TOMATOES,2100,5001.75
TOMATOES,2200,5000.75
TOMATOES,2300,5000.5
TOMATOES,2400,5000.25
TOMATOES,2500,4999.5
TOMATOES,2600,4999.5
TOMATOES,2700,5000.0
TOMATOES,2800,4999.75
TOMATOES,2900,5000.25
TOMATOES,3000,4999.5
TOMATOES,3100,4999.25
TOMATOES,3200,4998.75
TOMATOES,3300,4996.75
TOMATOES,3400,4998.5
TOMATOES,3500,4998.0
TOMATOES,3600,4998.25
TOMATOES,3700,4998.25
TOMATOES,3800,4998.0
TOMATOES,3900,4998.75
TOMATOES,4000,4999.0
TOMATOES,4100,4999.0
TOMATOES,4200,4998.5
TOMATOES,4300,4996.5
TOMATOES,4400,4998.0
TOMATOES,4500,4998.25
TOMATOES,4600,4998.5
TOMATOES,4700,4998.0
TOMATOES,4800,4998.0
TOMATOES,4900,4997.75
TOMATOES,5000,4998.5
TOMATOES,5100,4998.5
TOMATOES,5200,4998.5
TOMATOES,5300,4998.75
TOMATOES,5400,4998.75
TOMATOES,5500,4998.75
TOMATOES,5600,5000.25
TOMATOES,5700,5000.75
TOMATOES,5800,4998.25
TOMATOES,5900,4998.25
TOMATOES,6000,4998.25
TOMATOES,6100,4998.0
TOMATOES,6200,4998.5
TOMATOES,6300,4998.25
TOMATOES,6400,4998.25
TOMATOES,6500,4999.5
TOMATOES,6600,4998.5
TOMATOES,6700,4998.5
TOMATOES,6800,4996.5
TOMATOES,6900,4998.0
TOMATOES,7000,4998.5
TOMATOES,7100,4999.0
TOMATOES,7200,4998.75
TOMATOES,7300,4999.0
TOMATOES,7400,4998.75
TOMATOES,7500,4999.25
TOMATOES,7600,4999.5
TOMATOES,7700,4999.75
TOMATOES,7800,4999.5
TOMATOES,7900,5000.0
TOMATOES,8000,5000.0
TOMATOES,8100,5000.0
TOMATOES,8200,5001.75
TOMATOES,8300,4999.75
TOMATOES,8400,5000.5
TOMATOES,8500,5001.0
TOMATOES,8600,5001.0
TOMATOES,8700,5000.75
TOMATOES,8800,5001.0
TOMATOES,8900,5000.0
TOMATOES,9000,5000.25
TOMATOES,9100,5000.5
TOMATOES,9200,5000.5
TOMATOES,9300,5002.0
TOMATOES,9400,5000.0
TOMATOES,9500,4999.75
TOMATOES,9600,5001.0
TOMATOES,9700,4999.75
TOMATOES,9800,4999.75
TOMATOES,9900,5000.25
TOMATOES,10000,5000.25
TOMATOES,10100,5001.75
TOMATOES,10200,5001.0
TOMATOES,10300,5001.25
TOMATOES,10400,5000.75
TOMATOES,10500,5001.25
TOMATOES,10600,4999.25
TOMATOES,10700,5000.5
TOMATOES,10800,4999.75
TOMATOES,10900,4999.0
TOMATOES,11000,4999.0
TOMATOES,11100,4998.5
TOMATOES,11200,4998.75
TOMATOES,11300,4998.75
TOMATOES,11400,4998.5
TOMATOES,11500,4998.25
TOMATOES,11600,4999.0
TOMATOES,11700,4998.75
TOMATOES,11800,4997.5
TOMATOES,11900,4999.25
TOMATOES,12000,4999.0
TOMATOES,12100,4999.0
TOMATOES,12200,5000.0
TOMATOES,12300,5000.25
TOMATOES,12400,5000.5
TOMATOES,12500,5000.25
TOMATOES,12600,4999.25
TOMATOES,12700,4999.0
TOMATOES,12800,4999.25
TOMATOES,12900,4998.75
TOMATOES,13000,4999.0
TOMATOES,13100,5000.0
TOMATOES,13200,4998.5
TOMATOES,13300,4998.5
TOMATOES,13400,4998.75
TOMATOES,13500,4998.75
TOMATOES,13600,5000.25
TOMATOES,13700,5000.5
TOMATOES,13800,4998.25
TOMATOES,13900,4996.25
TOMATOES,14000,4998.0
TOMATOES,14100,4997.75
TOMATOES,14200,4997.5
TOMATOES,14300,4996.75
TOMATOES,14400,4997.25
TOMATOES,14500,4996.75
TOMATOES,14600,4997.25
TOMATOES,14700,4996.5
TOMATOES,14800,4997.0
TOMATOES,14900,4997.75
TOMATOES,15000,4997.0
TOMATOES,15100,4997.5
TOMATOES,15200,4997.0
TOMATOES,15300,4997.25
TOMATOES,15400,4997.5
TOMATOES,15500,4998.0
TOMATOES,15600,4998.0
TOMATOES,15700,4998.0
TOMATOES,15800,4998.75
TOMATOES,15900,4996.5
TOMATOES,16000,4998.0
TOMATOES,16100,4996.25
TOMATOES,16200,4999.25
TOMATOES,16300,4997.5
TOMATOES,16400,4995.75
TOMATOES,16500,4997.75
TOMATOES,16600,4998.0
TOMATOES,16700,4997.75
TOMATOES,16800,4997.75
TOMATOES,16900,4997.5
TOMATOES,17000,4997.75
TOMATOES,17100,4997.5
TOMATOES,17200,4997.75
TOMATOES,17300,4998.0
TOMATOES,17400,4999.75
TOMATOES,17500,4998.75
TOMATOES,17600,4998.25
TOMATOES,17700,4997.75
TOMATOES,17800,4997.5
TOMATOES,17900,4996.75
TOMATOES,18000,4998.0
TOMATOES,18100,4997.5
TOMATOES,18200,4997.25
TOMATOES,18300,4997.0
TOMATOES,18400,4997.25
TOMATOES,18500,4995.75
TOMATOES,18600,4997.0
TOMATOES,18700,4998.5
TOMATOES,18800,4996.75
TOMATOES,18900,4996.5
TOMATOES,19000,4996.5
TOMATOES,19100,4996.25
TOMATOES,19200,4996.0
TOMATOES,19300,4996.0
TOMATOES,19400,4996.5
TOMATOES,19500,4996.0
TOMATOES,19600,4996.0
TOMATOES,19700,4996.25
TOMATOES,19800,4996.25
TOMATOES,19900,4996.25
TOMATOES,20000,4996.5
TOMATOES,20100,4996.25
TOMATOES,20200,4997.0
TOMATOES,20300,4996.75
TOMATOES,20400,4995.25
TOMATOES,20500,4997.75
TOMATOES,20600,4996.5
TOMATOES,20700,4997.5
TOMATOES,20800,4996.5
TOMATOES,20900,4996.5
TOMATOES,21000,4996.75
TOMATOES,21100,4996.25
TOMATOES,21200,4995.75
TOMATOES,21300,4996.25
TOMATOES,21400,4995.75
TOMATOES,21500,4996.5
TOMATOES,21600,4996.25
TOMATOES,21700,4996.75
TOMATOES,21800,4996.5
TOMATOES,21900,4995.75
TOMATOES,22000,4995.75
TOMATOES,22100,4995.75
TOMATOES,22200,4996.0
TOMATOES,22300,4994.25
TOMATOES,22400,4993.75
TOMATOES,22500,4995.75
TOMATOES,22600,4997.25
TOMATOES,22700,4995.5
TOMATOES,22800,4995.5
TOMATOES,22900,4996.25
TOMATOES,23000,4995.25
TOMATOES,23100,4995.25
TOMATOES,23200,4995.5
TOMATOES,23300,4996.75
TOMATOES,23400,4995.75
TOMATOES,23500,4995.25
TOMATOES,23600,4995.75
TOMATOES,23700,4995.75
TOMATOES,23800,4995.0
TOMATOES,23900,4994.75
TOMATOES,24000,4994.25
TOMATOES,24100,4994.75
TOMATOES,24200,4994.75
TOMATOES,24300,4994.5
TOMATOES,24400,4994.75
TOMATOES,24500,4994.75
TOMATOES,24600,4994.75
TOMATOES,24700,4994.75
TOMATOES,24800,4995.0
TOMATOES,24900,4995.0
TOMATOES,25000,4995.0
TOMATOES,25100,4994.75
TOMATOES,25200,4995.0
TOMATOES,25300,4995.25
TOMATOES,25400,4995.5
TOMATOES,25500,4995.5
TOMATOES,25600,4995.5
TOMATOES,25700,4995.25
TOMATOES,25800,4997.25
TOMATOES,25900,4995.75
TOMATOES,26000,4996.0
TOMATOES,26100,4996.0
TOMATOES,26200,4996.25
TOMATOES,26300,4996.0
TOMATOES,26400,4996.0
TOMATOES,26500,4995.5
TOMATOES,26600,4995.0
TOMATOES,26700,4996.5
TOMATOES,26800,4991.5
TOMATOES,26900,4994.75
TOMATOES,27000,4994.75
TOMATOES,27100,4995.25
TOMATOES,27200,4995.25
TOMATOES,27300,4994.75
TOMATOES,27400,4995.0
TOMATOES,27500,4994.5
TOMATOES,27600,4994.5
TOMATOES,27700,4996.0
TOMATOES,27800,4994.25
TOMATOES,27900,4993.75
TOMATOES,28000,4993.5
TOMATOES,28100,4992.0
TOMATOES,28200,4994.25
TOMATOES,28300,4994.75
TOMATOES,28400,4994.0
TOMATOES,28500,4994.0
TOMATOES,28600,4993.75
TOMATOES,28700,4996.0
TOMATOES,28800,4994.25
TOMATOES,28900,4996.0
TOMATOES,29000,4994.5
TOMATOES,29100,4994.0
TOMATOES,29200,4994.75
TOMATOES,29300,4994.5
TOMATOES,29400,4995.0
TOMATOES,29500,4994.5
TOMATOES,29600,4994.25
TOMATOES,29700,4994.0
TOMATOES,29800,4994.0
TOMATOES,29900,4993.75
TOMATOES,30000,4991.25
TOMATOES,30100,4994.5
TOMATOES,30200,4994.0
TOMATOES,30300,4993.5
TOMATOES,30400,4994.25
TOMATOES,30500,4991.0
TOMATOES,30600,4994.0
TOMATOES,30700,4994.25
TOMATOES,30800,4993.75
TOMATOES,30900,4991.75
TOMATOES,31000,4995.5
TOMATOES,31100,4994.75
TOMATOES,31200,4994.5
TOMATOES,31300,4993.75
TOMATOES,31400,4993.75
TOMATOES,31500,4993.5
TOMATOES,31600,4993.5
TOMATOES,31700,4993.75
TOMATOES,31800,4995.5
TOMATOES,31900,4994.25
TOMATOES,32000,4994.25
TOMATOES,32100,4994.75
TOMATOES,32200,4994.5
TOMATOES,32300,4994.0
TOMATOES,32400,4994.5
TOMATOES,32500,4995.0
TOMATOES,32600,4995.0
TOMATOES,32700,4994.0
TOMATOES,32800,4992.5
TOMATOES,32900,4994.5
TOMATOES,33000,4995.25
TOMATOES,33100,4995.0
TOMATOES,33200,4992.25
TOMATOES,33300,4994.25
TOMATOES,33400,4995.0
TOMATOES,33500,4995.0
TOMATOES,33600,4994.75
TOMATOES,33700,4994.5
TOMATOES,33800,4994.5
TOMATOES,33900,4994.75
TOMATOES,34000,4994.75
TOMATOES,34100,4994.25
TOMATOES,34200,4994.0
TOMATOES,34300,4993.75
TOMATOES,34400,4994.5
TOMATOES,34500,4994.5
TOMATOES,34600,4994.5
TOMATOES,34700,4995.0
TOMATOES,34800,4995.75
TOMATOES,34900,4995.5
TOMATOES,35000,4995.75
TOMATOES,35100,4996.25
TOMATOES,35200,4996.25
TOMATOES,35300,4996.0
TOMATOES,35400,4996.25
TOMATOES,35500,4994.25
TOMATOES,35600,4996.25
TOMATOES,35700,4996.5
TOMATOES,35800,4996.25
TOMATOES,35900,4996.25
TOMATOES,36000,4996.0
TOMATOES,36100,4996.0
TOMATOES,36200,4995.75
TOMATOES,36300,4996.0
TOMATOES,36400,4996.0
TOMATOES,36500,4996.0
TOMATOES,36600,4994.75
TOMATOES,36700,4994.5
TOMATOES,36800,4996.25
TOMATOES,36900,4995.25
TOMATOES,37000,4995.0
TOMATOES,37100,4995.5
TOMATOES,37200,4995.5
TOMATOES,37300,4995.25
TOMATOES,37400,4995.0
TOMATOES,37500,4995.0
TOMATOES,37600,4995.0
TOMATOES,37700,4994.75
TOMATOES,37800,4994.5
TOMATOES,37900,4994.25
TOMATOES,38000,4994.25
TOMATOES,38100,4993.75
TOMATOES,38200,4993.0
TOMATOES,38300,4993.0
TOMATOES,38400,4992.0
TOMATOES,38500,4993.0
TOMATOES,38600,4992.5
TOMATOES,38700,4994.0
TOMATOES,38800,4994.0
TOMATOES,38900,4992.25
TOMATOES,39000,4992.5
TOMATOES,39100,4991.5
TOMATOES,39200,4991.0
TOMATOES,39300,4990.5
TOMATOES,39400,4990.25
TOMATOES,39500,4990.0
TOMATOES,39600,4990.0
TOMATOES,39700,4990.5
TOMATOES,39800,4990.5
TOMATOES,39900,4990.5
TOMATOES,40000,4990.25
TOMATOES,40100,4989.5
TOMATOES,40200,4989.25
TOMATOES,40300,4989.75
TOMATOES,40400,4989.5
TOMATOES,40500,4989.25
TOMATOES,40600,4988.5
TOMATOES,40700,4988.75
TOMATOES,40800,4988.0
TOMATOES,40900,4988.25
TOMATOES,41000,4988.75
TOMATOES,41100,4989.25
TOMATOES,41200,4990.5
TOMATOES,41300,4989.5
TOMATOES,41400,4987.75
TOMATOES,41500,4988.25
TOMATOES,41600,4989.0
TOMATOES,41700,4991.25
TOMATOES,41800,4990.75
TOMATOES,41900,4989.5
TOMATOES,42000,4990.5
TOMATOES,42100,4990.75
TOMATOES,42200,4990.75
TOMATOES,42300,4990.0
TOMATOES,42400,4990.0
TOMATOES,42500,4989.75
TOMATOES,42600,4989.5
TOMATOES,42700,4989.75
TOMATOES,42800,4989.75
TOMATOES,42900,4989.75
TOMATOES,43000,4989.5
TOMATOES,43100,4989.75
TOMATOES,43200,4990.0
TOMATOES,43300,4989.5
TOMATOES,43400,4990.25
TOMATOES,43500,4992.0
TOMATOES,43600,4990.0
TOMATOES,43700,4990.0
TOMATOES,43800,4990.25
TOMATOES,43900,4990.25
TOMATOES,44000,4991.0
TOMATOES,44100,4991.25
TOMATOES,44200,4991.75
TOMATOES,44300,4992.0
TOMATOES,44400,4992.5
TOMATOES,44500,4992.25
TOMATOES,44600,4992.25
TOMATOES,44700,4992.0
TOMATOES,44800,4992.0
TOMATOES,44900,4991.75
TOMATOES,45000,4991.0
TOMATOES,45100,4991.5
TOMATOES,45200,4991.25
TOMATOES,45300,4991.75
TOMATOES,45400,4991.5
TOMATOES,45500,4990.0
TOMATOES,45600,4993.5
TOMATOES,45700,4992.25
TOMATOES,45800,4992.25
TOMATOES,45900,4992.0
TOMATOES,46000,4992.5
TOMATOES,46100,4992.25
TOMATOES,46200,4993.0
TOMATOES,46300,4992.0
TOMATOES,46400,4992.0
TOMATOES,46500,4994.0
TOMATOES,46600,4990.5
TOMATOES,46700,4992.25
TOMATOES,46800,4991.0
TOMATOES,46900,4992.75
TOMATOES,47000,4992.75
TOMATOES,47100,4993.0
TOMATOES,47200,4994.75
TOMATOES,47300,4993.5
TOMATOES,47400,4994.0
TOMATOES,47500,4994.0
TOMATOES,47600,4993.5
TOMATOES,47700,4994.0
TOMATOES,47800,4994.25
TOMATOES,47900,4994.0
TOMATOES,48000,4994.0
TOMATOES,48100,4993.5
TOMATOES,48200,4993.5
TOMATOES,48300,4992.75
TOMATOES,48400,4993.75
TOMATOES,48500,4994.5
TOMATOES,48600,4995.25
TOMATOES,48700,4995.25
TOMATOES,48800,4995.25
TOMATOES,48900,4995.75
TOMATOES,49000,4996.0
TOMATOES,49100,4996.5
TOMATOES,49200,4996.5
TOMATOES,49300,4996.75
TOMATOES,49400,4996.0
TOMATOES,49500,4995.75
TOMATOES,49600,4996.25
TOMATOES,49700,4996.25
TOMATOES,49800,4997.0
TOMATOES,49900,4996.75
TOMATOES,50000,4996.5
TOMATOES,50100,4996.5
TOMATOES,50200,4996.25
TOMATOES,50300,4996.5
TOMATOES,50400,4993.75
TOMATOES,50500,4995.25
TOMATOES,50600,4994.75
TOMATOES,50700,4995.0
TOMATOES,50800,4995.25
TOMATOES,50900,4995.75
TOMATOES,51000,4996.0
TOMATOES,51100,4996.0
TOMATOES,51200,4995.75
TOMATOES,51300,4996.25
TOMATOES,51400,4996.0
TOMATOES,51500,4996.5
TOMATOES,51600,4998.0
TOMATOES,51700,4996.25
TOMATOES,51800,4996.25
TOMATOES,51900,4995.5
TOMATOES,52000,4995.75
TOMATOES,52100,4995.25
TOMATOES,52200,4995.0
TOMATOES,52300,4996.25
TOMATOES,52400,4994.75
TOMATOES,52500,4994.5
TOMATOES,52600,4993.0
TOMATOES,52700,4994.75
TOMATOES,52800,4995.25
TOMATOES,52900,4995.75
TOMATOES,53000,4995.25
TOMATOES,53100,4995.75
TOMATOES,53200,4995.0
TOMATOES,53300,4995.25
TOMATOES,53400,4995.5
TOMATOES,53500,4995.5
TOMATOES,53600,4996.0
TOMATOES,53700,4995.75
TOMATOES,53800,4993.75
TOMATOES,53900,4995.5
TOMATOES,54000,4995.5
TOMATOES,54100,4995.25
TOMATOES,54200,4995.25
TOMATOES,54300,4995.5
TOMATOES,54400,4994.75
TOMATOES,54500,4995.25
TOMATOES,54600,4995.25
TOMATOES,54700,4995.0
TOMATOES,54800,4994.5
TOMATOES,54900,4994.75
TOMATOES,55000,4993.5
TOMATOES,55100,4995.0
TOMATOES,55200,4995.0
TOMATOES,55300,4995.0
TOMATOES,55400,4995.0
TOMATOES,55500,4994.5
TOMATOES,55600,4994.75
TOMATOES,55700,4994.5
TOMATOES,55800,4994.0
TOMATOES,55900,4994.25
TOMATOES,56000,4994.0
TOMATOES,56100,4994.0
TOMATOES,56200,4994.0
TOMATOES,56300,4994.5
TOMATOES,56400,4994.25
TOMATOES,56500,4991.75
TOMATOES,56600,4994.5
TOMATOES,56700,4992.5
TOMATOES,56800,4994.5
TOMATOES,56900,4994.5
TOMATOES,57000,4994.5
TOMATOES,57100,4995.0
TOMATOES,57200,4995.5
TOMATOES,57300,4995.0
TOMATOES,57400,4995.0
TOMATOES,57500,4994.75
TOMATOES,57600,4994.75
TOMATOES,57700,4995.0
TOMATOES,57800,4994.5
TOMATOES,57900,4992.75
TOMATOES,58000,4995.75
TOMATOES,58100,4994.5
TOMATOES,58200,4994.5
TOMATOES,58300,4995.0
TOMATOES,58400,4995.75
TOMATOES,58500,4995.75
TOMATOES,58600,4995.25
TOMATOES,58700,4995.5
TOMATOES,58800,4995.25
TOMATOES,58900,4995.0
TOMATOES,59000,4994.75
TOMATOES,59100,4994.5
TOMATOES,59200,4994.5
TOMATOES,59300,4995.0
TOMATOES,59400,4994.75
TOMATOES,59500,4994.75
TOMATOES,59600,4995.75
TOMATOES,59700,4995.5
TOMATOES,59800,4994.25
TOMATOES,59900,4996.5
TOMATOES,60000,4996.5
TOMATOES,60100,4996.75
TOMATOES,60200,4997.0
TOMATOES,60300,4997.25
TOMATOES,60400,4997.5
TOMATOES,60500,4996.75
TOMATOES,60600,4996.5
TOMATOES,60700,4995.75
TOMATOES,60800,4996.0
TOMATOES,60900,4996.25
TOMATOES,61000,4997.0
TOMATOES,61100,4997.0
TOMATOES,61200,4995.5
TOMATOES,61300,4997.0
TOMATOES,61400,4999.0
TOMATOES,61500,4997.75
TOMATOES,61600,4998.0
TOMATOES,61700,4997.75
TOMATOES,61800,4997.5
TOMATOES,61900,4997.5
TOMATOES,62000,4997.25
TOMATOES,62100,4997.5
TOMATOES,62200,4997.5
TOMATOES,62300,4998.25
TOMATOES,62400,4998.25
TOMATOES,62500,4998.25
TOMATOES,62600,4998.25
TOMATOES,62700,4998.0
TOMATOES,62800,4998.25
TOMATOES,62900,4998.0
TOMATOES,63000,4996.75
TOMATOES,63100,4998.75
TOMATOES,63200,4999.0
TOMATOES,63300,4999.0
TOMATOES,63400,4999.25
TOMATOES,63500,4998.75
TOMATOES,63600,4999.25
TOMATOES,63700,4999.5
TOMATOES,63800,5000.0
TOMATOES,63900,5000.25
TOMATOES,64000,5000.25
TOMATOES,64100,5000.5
TOMATOES,64200,5000.25
TOMATOES,64300,4999.75
TOMATOES,64400,4999.75
TOMATOES,64500,5000.0
TOMATOES,64600,5000.25
TOMATOES,64700,5000.5
TOMATOES,64800,5000.25
TOMATOES,64900,5000.5
TOMATOES,65000,5000.5
TOMATOES,65100,5000.5
TOMATOES,65200,5000.25
TOMATOES,65300,5001.5
TOMATOES,65400,4999.0
TOMATOES,65500,5000.75
TOMATOES,65600,5000.75
TOMATOES,65700,5000.75
TOMATOES,65800,5000.5
TOMATOES,65900,5001.0
TOMATOES,66000,5001.0
TOMATOES,66100,5002.25
TOMATOES,66200,5002.0
TOMATOES,66300,5001.25
TOMATOES,66400,5001.0
TOMATOES,66500,5000.5
TOMATOES,66600,5000.0
TOMATOES,66700,5000.0
TOMATOES,66800,5000.0
TOMATOES,66900,4998.5
TOMATOES,67000,5000.25
TOMATOES,67100,4999.75
TOMATOES,67200,4999.75
TOMATOES,67300,4999.5
TOMATOES,67400,4999.75
TOMATOES,67500,4999.25
TOMATOES,67600,5000.0
TOMATOES,67700,4999.75
TOMATOES,67800,4999.75
TOMATOES,67900,4999.5
TOMATOES,68000,5000.0
TOMATOES,68100,5000.0
TOMATOES,68200,5000.0
TOMATOES,68300,5000.25
TOMATOES,68400,5000.0
TOMATOES,68500,5000.25
TOMATOES,68600,4999.75
TOMATOES,68700,5000.25
TOMATOES,68800,5000.0
TOMATOES,68900,4999.75
TOMATOES,69000,4999.5
TOMATOES,69100,4999.25
TOMATOES,69200,4998.75
TOMATOES,69300,4999.0
TOMATOES,69400,4998.75
TOMATOES,69500,4998.5
TOMATOES,69600,4998.75
TOMATOES,69700,4999.25
TOMATOES,69800,4999.25
TOMATOES,69900,4999.75
TOMATOES,70000,5002.0
TOMATOES,70100,5000.5
TOMATOES,70200,5000.5
TOMATOES,70300,5000.25
TOMATOES,70400,5000.0
TOMATOES,70500,4998.5
TOMATOES,70600,5000.0
TOMATOES,70700,5000.0
TOMATOES,70800,5000.25
TOMATOES,70900,4999.75
TOMATOES,71000,4999.75
TOMATOES,71100,4999.75
TOMATOES,71200,5001.0
TOMATOES,71300,5000.0
TOMATOES,71400,5000.25
TOMATOES,71500,4998.75
TOMATOES,71600,5001.0
TOMATOES,71700,5000.5
TOMATOES,71800,5000.5
TOMATOES,71900,5000.5
TOMATOES,72000,5000.75
TOMATOES,72100,5000.75
TOMATOES,72200,5000.25
TOMATOES,72300,5000.25
TOMATOES,72400,5001.25
TOMATOES,72500,5001.5
TOMATOES,72600,5002.0
TOMATOES,72700,5002.0
TOMATOES,72800,5001.75
TOMATOES,72900,5002.25
TOMATOES,73000,5001.75
TOMATOES,73100,5002.0
TOMATOES,73200,5002.25
TOMATOES,73300,5001.5
TOMATOES,73400,5001.75
TOMATOES,73500,5001.75
TOMATOES,73600,5001.75
TOMATOES,73700,5002.0
TOMATOES,73800,5003.25
TOMATOES,73900,5002.0
TOMATOES,74000,5001.5
TOMATOES,74100,5003.75
TOMATOES,74200,5002.0
TOMATOES,74300,5002.25
TOMATOES,74400,5003.75
TOMATOES,74500,5003.75
TOMATOES,74600,5002.5
TOMATOES,74700,5002.25
TOMATOES,74800,5002.5
TOMATOES,74900,5002.0
TOMATOES,75000,5003.5
TOMATOES,75100,5001.0
TOMATOES,75200,5000.75
TOMATOES,75300,5001.0
TOMATOES,75400,5001.0
TOMATOES,75500,5001.0
TOMATOES,75600,5002.0
TOMATOES,75700,5000.75
TOMATOES,75800,5000.75
TOMATOES,75900,5001.0
TOMATOES,76000,5001.5
TOMATOES,76100,5001.75
TOMATOES,76200,5000.75
TOMATOES,76300,5001.5
TOMATOES,76400,4999.75
TOMATOES,76500,5001.5
TOMATOES,76600,5001.75
TOMATOES,76700,5001.75
TOMATOES,76800,5002.0
TOMATOES,76900,5001.5
TOMATOES,77000,5001.75
TOMATOES,77100,5003.25
TOMATOES,77200,5003.5
TOMATOES,77300,5002.75
TOMATOES,77400,5001.0
TOMATOES,77500,5002.75
TOMATOES,77600,5003.75
TOMATOES,77700,5002.5
TOMATOES,77800,5003.25
TOMATOES,77900,5003.75
TOMATOES,78000,5003.5
TOMATOES,78100,5003.25
TOMATOES,78200,5002.5
TOMATOES,78300,5002.75
TOMATOES,78400,5002.75
TOMATOES,78500,5004.5
TOMATOES,78600,5003.0
TOMATOES,78700,5002.75
TOMATOES,78800,5002.5
TOMATOES,78900,5002.5
TOMATOES,79000,5002.5
TOMATOES,79100,5003.75
TOMATOES,79200,5003.0
TOMATOES,79300,5003.25
TOMATOES,79400,5003.5
TOMATOES,79500,5003.5
TOMATOES,79600,5003.5
TOMATOES,79700,5003.25
TOMATOES,79800,5002.5
TOMATOES,79900,5002.75
TOMATOES,80000,5002.75
TOMATOES,80100,5002.75
TOMATOES,80200,5005.25
TOMATOES,80300,5003.75
TOMATOES,80400,5001.75
TOMATOES,80500,5002.0
TOMATOES,80600,5003.25
TOMATOES,80700,5003.5
TOMATOES,80800,5001.5
TOMATOES,80900,5003.5
TOMATOES,81000,5003.75
TOMATOES,81100,5003.75
TOMATOES,81200,5004.0
TOMATOES,81300,5003.5
TOMATOES,81400,5003.25
TOMATOES,81500,5003.25
TOMATOES,81600,5003.75
TOMATOES,81700,5003.25
TOMATOES,81800,5003.0
TOMATOES,81900,5001.5
TOMATOES,82000,5002.75
TOMATOES,82100,5004.25
TOMATOES,82200,5002.25
TOMATOES,82300,5002.75
TOMATOES,82400,5002.75
TOMATOES,82500,5003.0
TOMATOES,82600,5002.5
TOMATOES,82700,5002.25
TOMATOES,82800,5002.5
TOMATOES,82900,5002.75
TOMATOES,83000,5003.0
TOMATOES,83100,5002.75
TOMATOES,83200,5002.5
TOMATOES,83300,5002.75
TOMATOES,83400,5002.75
TOMATOES,83500,5003.0
TOMATOES,83600,5004.0
TOMATOES,83700,5003.75
TOMATOES,83800,5003.5
TOMATOES,83900,5003.5
TOMATOES,84000,5004.0
TOMATOES,84100,5003.75
TOMATOES,84200,5003.5
TOMATOES,84300,5003.25
TOMATOES,84400,5003.5
TOMATOES,84500,5003.75
TOMATOES,84600,5005.75
TOMATOES,84700,5003.25
TOMATOES,84800,5003.75
TOMATOES,84900,5003.75
TOMATOES,85000,5003.5
TOMATOES,85100,5003.0
TOMATOES,85200,5002.75
TOMATOES,85300,5002.75
TOMATOES,85400,5003.0
TOMATOES,85500,5003.0
TOMATOES,85600,5003.25
TOMATOES,85700,5003.0
TOMATOES,85800,5001.75
TOMATOES,85900,5002.5
TOMATOES,86000,5004.0
TOMATOES,86100,5002.5
TOMATOES,86200,5003.0
TOMATOES,86300,5003.0
TOMATOES,86400,5003.0
TOMATOES,86500,5003.0
TOMATOES,86600,5003.25
TOMATOES,86700,5004.0
TOMATOES,86800,5002.75
TOMATOES,86900,5002.75
TOMATOES,87000,5002.75
TOMATOES,87100,5002.0
TOMATOES,87200,5004.0
TOMATOES,87300,5002.75
TOMATOES,87400,5003.0
TOMATOES,87500,5003.0
TOMATOES,87600,5004.25
TOMATOES,87700,5002.5
TOMATOES,87800,5002.25
TOMATOES,87900,5002.0
TOMATOES,88000,5002.25
TOMATOES,88100,5002.0
TOMATOES,88200,5002.25
TOMATOES,88300,5001.75
TOMATOES,88400,5001.25
TOMATOES,88500,5001.25
TOMATOES,88600,4999.75
TOMATOES,88700,5001.0
TOMATOES,88800,4999.0
TOMATOES,88900,5001.25
TOMATOES,89000,5000.75
TOMATOES,89100,5000.75
TOMATOES,89200,5000.25
TOMATOES,89300,5000.5
TOMATOES,89400,5001.0
TOMATOES,89500,5000.5
TOMATOES,89600,5000.5
TOMATOES,89700,5000.5
TOMATOES,89800,5000.0
TOMATOES,89900,5000.0
TOMATOES,90000,5000.25
TOMATOES,90100,5000.0
TOMATOES,90200,5000.25
TOMATOES,90300,5000.25
TOMATOES,90400,5000.25
TOMATOES,90500,5000.0
TOMATOES,90600,5000.25
TOMATOES,90700,5000.25
TOMATOES,90800,4998.5
TOMATOES,90900,4999.5
TOMATOES,91000,4997.75
TOMATOES,91100,5000.5
TOMATOES,91200,5000.75
TOMATOES,91300,5000.25
TOMATOES,91400,4999.5
TOMATOES,91500,4999.0
TOMATOES,91600,5000.0
TOMATOES,91700,4997.0
TOMATOES,91800,4999.5
TOMATOES,91900,5001.25
TOMATOES,92000,4999.5
TOMATOES,92100,5000.0
TOMATOES,92200,5000.25
TOMATOES,92300,4999.25
TOMATOES,92400,4999.5
TOMATOES,92500,4999.75
TOMATOES,92600,4999.5
TOMATOES,92700,4999.25
TOMATOES,92800,4999.25
TOMATOES,92900,4999.0
TOMATOES,93000,4998.5
TOMATOES,93100,5000.0
TOMATOES,93200,4998.5
TOMATOES,93300,4997.75
TOMATOES,93400,4998.0
TOMATOES,93500,4999.0
TOMATOES,93600,4997.0
TOMATOES,93700,4997.0
TOMATOES,93800,4996.25
TOMATOES,93900,4996.0
TOMATOES,94000,4998.0
TOMATOES,94100,4996.0
TOMATOES,94200,4996.75
TOMATOES,94300,4996.75
TOMATOES,94400,4996.5
TOMATOES,94500,4996.25
TOMATOES,94600,4997.25
TOMATOES,94700,4997.5
TOMATOES,94800,4998.0
TOMATOES,94900,4997.5
TOMATOES,95000,4997.75
TOMATOES,95100,4998.25
TOMATOES,95200,4998.0
TOMATOES,95300,4998.5
TOMATOES,95400,4998.75
TOMATOES,95500,4999.25
TOMATOES,95600,5000.75
TOMATOES,95700,5000.0
TOMATOES,95800,4997.75
TOMATOES,95900,4999.75
TOMATOES,96000,4999.0
TOMATOES,96100,4998.75
TOMATOES,96200,4999.0
TOMATOES,96300,4999.25
TOMATOES,96400,4999.25
TOMATOES,96500,4999.0
TOMATOES,96600,4999.25
TOMATOES,96700,4999.75
TOMATOES,96800,5000.0
TOMATOES,96900,5000.5
TOMATOES,97000,5001.0
TOMATOES,97100,5002.25
TOMATOES,97200,4999.25
TOMATOES,97300,5000.75
TOMATOES,97400,5002.5
TOMATOES,97500,5000.75
TOMATOES,97600,5000.25
TOMATOES,97700,5000.75
TOMATOES,97800,5000.75
TOMATOES,97900,5000.5
TOMATOES,98000,5000.25
TOMATOES,98100,5000.5
TOMATOES,98200,4999.75
TOMATOES,98300,5000.0
TOMATOES,98400,5000.25
TOMATOES,98500,5000.5
TOMATOES,98600,5000.5
TOMATOES,98700,5001.0
TOMATOES,98800,5001.75
TOMATOES,98900,5002.75
TOMATOES,99000,5001.5
TOMATOES,99100,5002.0
TOMATOES,99200,5003.0
TOMATOES,99300,5000.25
TOMATOES,99400,4999.75
TOMATOES,99500,5001.5
TOMATOES,99600,5002.0
TOMATOES,99700,5002.25
TOMATOES,99800,5000.25
TOMATOES,99900,5001.75
TOMATOES,100000,5001.25
TOMATOES,100100,5001.75
TOMATOES,100200,5001.75
TOMATOES,100300,5002.0
TOMATOES,100400,5002.75
TOMATOES,100500,5002.25
TOMATOES,100600,5001.75
TOMATOES,100700,5001.25
TOMATOES,100800,5001.75
TOMATOES,100900,5001.75
TOMATOES,101000,5002.5
TOMATOES,101100,5002.75
TOMATOES,101200,5002.5
TOMATOES,101300,5002.5
TOMATOES,101400,5002.5
TOMATOES,101500,5004.0
TOMATOES,101600,5003.25
TOMATOES,101700,5003.25
TOMATOES,101800,5003.0
TOMATOES,101900,5003.0
TOMATOES,102000,5005.0
TOMATOES,102100,5003.25
TOMATOES,102200,5003.25
TOMATOES,102300,5004.25
TOMATOES,102400,5001.5
TOMATOES,102500,5002.75
TOMATOES,102600,5004.0
TOMATOES,102700,5002.25
TOMATOES,102800,5003.25
TOMATOES,102900,5003.75
TOMATOES,103000,5004.0
TOMATOES,103100,5004.5
TOMATOES,103200,5002.5
TOMATOES,103300,5005.0
TOMATOES,103400,5003.5
TOMATOES,103500,5005.0
TOMATOES,103600,5004.5
TOMATOES,103700,5004.5
TOMATOES,103800,5003.75
TOMATOES,103900,5004.0
TOMATOES,104000,5003.75
TOMATOES,104100,5004.0
TOMATOES,104200,5004.0
TOMATOES,104300,5003.5
TOMATOES,104400,5003.25
TOMATOES,104500,5003.25
TOMATOES,104600,5003.75
TOMATOES,104700,5003.5
TOMATOES,104800,5003.75
TOMATOES,104900,5004.5
TOMATOES,105000,5004.0
TOMATOES,105100,5003.25
TOMATOES,105200,5003.25
TOMATOES,105300,5002.75
TOMATOES,105400,5004.75
TOMATOES,105500,5002.75
TOMATOES,105600,5002.5
TOMATOES,105700,5002.75
TOMATOES,105800,5001.0
TOMATOES,105900,5002.0
TOMATOES,106000,5001.75
TOMATOES,106100,5000.0
TOMATOES,106200,5002.25
TOMATOES,106300,5000.75
TOMATOES,106400,5000.25
TOMATOES,106500,5001.25
TOMATOES,106600,5001.25
TOMATOES,106700,5001.5
TOMATOES,106800,5002.25
TOMATOES,106900,5001.25
TOMATOES,107000,5001.25
TOMATOES,107100,5001.5
TOMATOES,107200,5001.75
TOMATOES,107300,5001.5
TOMATOES,107400,5001.5
TOMATOES,107500,5001.5
TOMATOES,107600,5001.75
TOMATOES,107700,5001.75
TOMATOES,107800,5002.0
TOMATOES,107900,5002.0
TOMATOES,108000,5002.5
TOMATOES,108100,5002.5
TOMATOES,108200,5002.75
TOMATOES,108300,5003.25
TOMATOES,108400,5003.25
TOMATOES,108500,5002.0
TOMATOES,108600,5003.75
TOMATOES,108700,5004.25
TOMATOES,108800,5003.75
TOMATOES,108900,5003.75
TOMATOES,109000,5004.25
TOMATOES,109100,5005.25
TOMATOES,109200,5003.75
TOMATOES,109300,5003.75
TOMATOES,109400,5004.25
TOMATOES,109500,5004.5
TOMATOES,109600,5005.0
TOMATOES,109700,5005.0
TOMATOES,109800,5005.0
TOMATOES,109900,5005.75
TOMATOES,110000,5005.75
TOMATOES,110100,5005.5
TOMATOES,110200,5005.5
TOMATOES,110300,5005.25
TOMATOES,110400,5005.25
TOMATOES,110500,5005.75
TOMATOES,110600,5005.5
TOMATOES,110700,5005.0
TOMATOES,110800,5005.25
TOMATOES,110900,5005.25
TOMATOES,111000,5005.0
TOMATOES,111100,5005.0
TOMATOES,111200,5004.0
TOMATOES,111300,5005.25
TOMATOES,111400,5004.5
TOMATOES,111500,5005.0
TOMATOES,111600,5005.0
TOMATOES,111700,5005.25
TOMATOES,111800,5004.5
TOMATOES,111900,5004.75
TOMATOES,112000,5006.25
TOMATOES,112100,5005.25
TOMATOES,112200,5005.5
TOMATOES,112300,5005.75
TOMATOES,112400,5004.75
TOMATOES,112500,5005.0
TOMATOES,112600,5005.25
TOMATOES,112700,5005.5
TOMATOES,112800,5006.75
TOMATOES,112900,5006.25
TOMATOES,113000,5007.5
TOMATOES,113100,5005.75
TOMATOES,113200,5006.75
TOMATOES,113300,5007.0
TOMATOES,113400,5007.25
TOMATOES,113500,5007.0
TOMATOES,113600,5007.0
TOMATOES,113700,5006.5
TOMATOES,113800,5006.0
TOMATOES,113900,5006.75
TOMATOES,114000,5007.75
TOMATOES,114100,5008.0
TOMATOES,114200,5007.5
TOMATOES,114300,5007.0
TOMATOES,114400,5006.75
TOMATOES,114500,5007.25
TOMATOES,114600,5006.75
TOMATOES,114700,5007.0
TOMATOES,114800,5007.25
TOMATOES,114900,5006.5
TOMATOES,115000,5006.5
TOMATOES,115100,5007.0
TOMATOES,115200,5007.0
TOMATOES,115300,5006.5
TOMATOES,115400,5006.5
TOMATOES,115500,5005.75
TOMATOES,115600,5006.25
TOMATOES,115700,5006.25
TOMATOES,115800,5006.0
TOMATOES,115900,5006.0
TOMATOES,116000,5006.0
TOMATOES,116100,5005.75
TOMATOES,116200,5006.25
TOMATOES,116300,5007.75
TOMATOES,116400,5006.0
TOMATOES,116500,5005.75
TOMATOES,116600,5004.75
TOMATOES,116700,5005.75
TOMATOES,116800,5006.0
TOMATOES,116900,5004.5
TOMATOES,117000,5006.0
TOMATOES,117100,5006.5
TOMATOES,117200,5007.0
TOMATOES,117300,5007.5
TOMATOES,117400,5008.0
TOMATOES,117500,5008.0
TOMATOES,117600,5009.75
TOMATOES,117700,5008.25
TOMATOES,117800,5006.25
TOMATOES,117900,5008.0
TOMATOES,118000,5007.5
TOMATOES,118100,5007.75
TOMATOES,118200,5009.0
TOMATOES,118300,5007.75
TOMATOES,118400,5007.25
TOMATOES,118500,5006.5
TOMATOES,118600,5008.5
TOMATOES,118700,5007.0
TOMATOES,118800,5007.25
TOMATOES,118900,5007.25
TOMATOES,119000,5005.5
TOMATOES,119100,5007.25
TOMATOES,119200,5007.0
TOMATOES,119300,5006.75
TOMATOES,119400,5007.0
TOMATOES,119500,5006.75
TOMATOES,119600,5007.0
TOMATOES,119700,5007.0
TOMATOES,119800,5008.75
TOMATOES,119900,5007.0
TOMATOES,120000,5006.75
TOMATOES,120100,5006.5
TOMATOES,120200,5006.75
TOMATOES,120300,5007.0
TOMATOES,120400,5006.75
TOMATOES,120500,5007.0
TOMATOES,120600,5007.0
TOMATOES,120700,5006.75
TOMATOES,120800,5008.25
TOMATOES,120900,5007.0
TOMATOES,121000,5007.25
TOMATOES,121100,5007.25
TOMATOES,121200,5005.25
TOMATOES,121300,5008.0
TOMATOES,121400,5008.25
TOMATOES,121500,5008.25
TOMATOES,121600,5008.5
TOMATOES,121700,5008.25
TOMATOES,121800,5008.5
TOMATOES,121900,5008.75
TOMATOES,122000,5009.0
TOMATOES,122100,5009.5
TOMATOES,122200,5010.0
TOMATOES,122300,5009.5
TOMATOES,122400,5009.25
TOMATOES,122500,5006.75
TOMATOES,122600,5008.5
TOMATOES,122700,5008.75
TOMATOES,122800,5006.75
TOMATOES,122900,5008.75
TOMATOES,123000,5008.75
TOMATOES,123100,5008.75
TOMATOES,123200,5009.75
TOMATOES,123300,5007.5
TOMATOES,123400,5007.5
TOMATOES,123500,5007.0
TOMATOES,123600,5006.75
TOMATOES,123700,5006.25
TOMATOES,123800,5005.75
TOMATOES,123900,5006.0
TOMATOES,124000,5006.0
TOMATOES,124100,5006.75
TOMATOES,124200,5007.5
TOMATOES,124300,5006.5
TOMATOES,124400,5006.5
TOMATOES,124500,5007.0
TOMATOES,124600,5007.25
TOMATOES,124700,5007.5
TOMATOES,124800,5007.75
TOMATOES,124900,5007.25
TOMATOES,125000,5006.75
TOMATOES,125100,5006.5
TOMATOES,125200,5006.0
TOMATOES,125300,5005.75
TOMATOES,125400,5005.75
TOMATOES,125500,5005.75
TOMATOES,125600,5005.75
TOMATOES,125700,5006.25
TOMATOES,125800,5006.0
TOMATOES,125900,5004.5
TOMATOES,126000,5006.0
TOMATOES,126100,5006.25
TOMATOES,126200,5006.5
TOMATOES,126300,5006.25
TOMATOES,126400,5006.5
TOMATOES,126500,5006.75
TOMATOES,126600,5006.25
TOMATOES,126700,5006.0
TOMATOES,126800,5005.5
TOMATOES,126900,5005.75
TOMATOES,127000,5005.25
TOMATOES,127100,5005.25
TOMATOES,127200,5005.0
TOMATOES,127300,5005.0
TOMATOES,127400,5005.0
TOMATOES,127500,5005.25
TOMATOES,127600,5004.75
TOMATOES,127700,5004.75
TOMATOES,127800,5005.25
TOMATOES,127900,5005.0
TOMATOES,128000,5004.75
TOMATOES,128100,5005.25
TOMATOES,128200,5005.0
TOMATOES,128300,5004.75
TOMATOES,128400,5005.75
TOMATOES,128500,5005.75
TOMATOES,128600,5005.25
TOMATOES,128700,5005.5
TOMATOES,128800,5005.75
TOMATOES,128900,5006.0
TOMATOES,129000,5005.5
TOMATOES,129100,5005.75
TOMATOES,129200,5005.5
TOMATOES,129300,5005.5
TOMATOES,129400,5006.75
TOMATOES,129500,5004.5
TOMATOES,129600,5004.5
TOMATOES,129700,5003.25
TOMATOES,129800,5005.0
TOMATOES,129900,5005.0
TOMATOES,130000,5004.75
TOMATOES,130100,5004.0
TOMATOES,130200,5004.0
TOMATOES,130300,5004.0
TOMATOES,130400,5002.0
TOMATOES,130500,5003.5
TOMATOES,130600,5003.25
TOMATOES,130700,5002.75
TOMATOES,130800,5002.75
TOMATOES,130900,5002.5
TOMATOES,131000,5002.25
TOMATOES,131100,5001.0
TOMATOES,131200,5002.5
TOMATOES,131300,5002.5
TOMATOES,131400,5002.25
TOMATOES,131500,5002.75
TOMATOES,131600,5002.75
TOMATOES,131700,5002.25
TOMATOES,131800,5002.5
TOMATOES,131900,5002.5
TOMATOES,132000,5002.0
TOMATOES,132100,5002.5
TOMATOES,132200,5003.25
TOMATOES,132300,5004.75
TOMATOES,132400,5004.25
TOMATOES,132500,5004.0
TOMATOES,132600,5003.75
TOMATOES,132700,5003.75
TOMATOES,132800,5003.75
TOMATOES,132900,5003.5
TOMATOES,133000,5003.75
TOMATOES,133100,5004.0
TOMATOES,133200,5003.0
TOMATOES,133300,5002.75
TOMATOES,133400,5002.5
TOMATOES,133500,5002.25
TOMATOES,133600,5002.5
TOMATOES,133700,5002.25
TOMATOES,133800,5002.0
TOMATOES,133900,5002.0
TOMATOES,134000,5000.0
TOMATOES,134100,5001.75
TOMATOES,134200,5001.25
TOMATOES,134300,5000.75
TOMATOES,134400,5001.25
TOMATOES,134500,5001.25
TOMATOES,134600,5003.5
TOMATOES,134700,5001.75
TOMATOES,134800,5001.75
TOMATOES,134900,5001.5
TOMATOES,135000,5001.75
TOMATOES,135100,5001.25
TOMATOES,135200,5001.25
TOMATOES,135300,5001.0
TOMATOES,135400,4999.0
TOMATOES,135500,5001.0
TOMATOES,135600,5001.0
TOMATOES,135700,5001.0
TOMATOES,135800,4999.75
TOMATOES,135900,4998.75
TOMATOES,136000,5000.75
TOMATOES,136100,5001.0
TOMATOES,136200,5001.75
TOMATOES,136300,5004.0
TOMATOES,136400,5002.0
TOMATOES,136500,5001.5
TOMATOES,136600,5001.5
TOMATOES,136700,5000.5
TOMATOES,136800,5000.75
TOMATOES,136900,5000.5
TOMATOES,137000,5001.0
TOMATOES,137100,5001.0
TOMATOES,137200,5000.0
TOMATOES,137300,5001.75
TOMATOES,137400,5002.25
TOMATOES,137500,5002.0
TOMATOES,137600,5001.75
TOMATOES,137700,5001.75
TOMATOES,137800,5002.0
TOMATOES,137900,5002.0
TOMATOES,138000,5001.75
TOMATOES,138100,5001.25
TOMATOES,138200,5001.25
TOMATOES,138300,5001.5
TOMATOES,138400,5001.5
TOMATOES,138500,5001.25
TOMATOES,138600,4999.0
TOMATOES,138700,5000.25
TOMATOES,138800,5000.25
TOMATOES,138900,5000.25
TOMATOES,139000,5000.5
TOMATOES,139100,5000.0
TOMATOES,139200,4999.5
TOMATOES,139300,4999.5
TOMATOES,139400,5000.25
TOMATOES,139500,4999.75
TOMATOES,139600,5000.25
TOMATOES,139700,5001.0
TOMATOES,139800,5000.75
TOMATOES,139900,5000.5
TOMATOES,140000,5000.25
TOMATOES,140100,5000.0
TOMATOES,140200,4997.0
TOMATOES,140300,4998.75
TOMATOES,140400,4998.0
TOMATOES,140500,4998.75
TOMATOES,140600,4997.25
TOMATOES,140700,4999.5
TOMATOES,140800,5001.25
TOMATOES,140900,4997.75
TOMATOES,141000,4999.75
TOMATOES,141100,4999.75
TOMATOES,141200,5000.0
TOMATOES,141300,4998.0
TOMATOES,141400,5000.75
TOMATOES,141500,5000.5
TOMATOES,141600,5001.75
TOMATOES,141700,5003.0
TOMATOES,141800,5002.75
TOMATOES,141900,5001.0
TOMATOES,142000,5000.5
TOMATOES,142100,5000.0
TOMATOES,142200,4999.75
TOMATOES,142300,4999.75
TOMATOES,142400,5000.5
TOMATOES,142500,5000.0
TOMATOES,142600,5000.25
TOMATOES,142700,5000.5
TOMATOES,142800,5000.0
TOMATOES,142900,4999.5
TOMATOES,143000,4999.5
TOMATOES,143100,4999.0
TOMATOES,143200,4999.25
TOMATOES,143300,4999.25
TOMATOES,143400,4999.5
TOMATOES,143500,4999.5
TOMATOES,143600,4998.25
TOMATOES,143700,4999.5
TOMATOES,143800,4999.0
TOMATOES,143900,4999.0
TOMATOES,144000,4998.75
TOMATOES,144100,4998.75
TOMATOES,144200,4999.0
TOMATOES,144300,4997.25
TOMATOES,144400,4999.0
TOMATOES,144500,4999.0
TOMATOES,144600,4999.0
TOMATOES,144700,4999.25
TOMATOES,144800,4999.25
TOMATOES,144900,4998.0
TOMATOES,145000,4998.5
TOMATOES,145100,4998.0
TOMATOES,145200,4997.75
TOMATOES,145300,4998.0
TOMATOES,145400,4998.0
TOMATOES,145500,4997.5
TOMATOES,145600,4998.0
TOMATOES,145700,4997.75
TOMATOES,145800,4997.25
TOMATOES,145900,4997.0
TOMATOES,146000,4996.75
TOMATOES,146100,4996.75
TOMATOES,146200,4996.25
TOMATOES,146300,4996.5
TOMATOES,146400,4995.25
TOMATOES,146500,4996.5
TOMATOES,146600,4997.5
TOMATOES,146700,4996.5
TOMATOES,146800,4996.5
TOMATOES,146900,4996.5
TOMATOES,147000,4996.75
TOMATOES,147100,4996.75
TOMATOES,147200,4996.75
TOMATOES,147300,4998.25
TOMATOES,147400,4996.75
TOMATOES,147500,4996.5
TOMATOES,147600,4996.5
TOMATOES,147700,4996.5
TOMATOES,147800,4996.5
TOMATOES,147900,4996.25
TOMATOES,148000,4997.75
TOMATOES,148100,4996.5
TOMATOES,148200,4996.75
TOMATOES,148300,4997.0
TOMATOES,148400,4998.0
TOMATOES,148500,4996.5
TOMATOES,148600,4996.5
TOMATOES,148700,4996.75
TOMATOES,148800,4997.0
TOMATOES,148900,4997.75
TOMATOES,149000,4997.0
TOMATOES,149100,4998.75
TOMATOES,149200,4997.5
TOMATOES,149300,4996.75
TOMATOES,149400,4995.25
TOMATOES,149500,4996.5
TOMATOES,149600,4996.25
TOMATOES,149700,4996.25
TOMATOES,149800,4996.0
TOMATOES,149900,4996.25
TOMATOES,150000,4996.0
TOMATOES,150100,4996.25
TOMATOES,150200,4995.75
TOMATOES,150300,4995.75
TOMATOES,150400,4995.5
TOMATOES,150500,4996.0
TOMATOES,150600,4996.0
TOMATOES,150700,4995.25
TOMATOES,150800,4995.25
TOMATOES,150900,4995.5
TOMATOES,151000,4995.0
TOMATOES,151100,4995.0
TOMATOES,151200,4994.75
TOMATOES,151300,4997.0
TOMATOES,151400,4995.5
TOMATOES,151500,4995.5
TOMATOES,151600,4998.0
TOMATOES,151700,4995.25
TOMATOES,151800,4995.5
TOMATOES,151900,4995.0
TOMATOES,152000,4995.25
TOMATOES,152100,4995.75
TOMATOES,152200,4996.0
TOMATOES,152300,4996.0
TOMATOES,152400,4996.5
TOMATOES,152500,4997.0
TOMATOES,152600,4997.75
TOMATOES,152700,4998.5
TOMATOES,152800,4996.75
TOMATOES,152900,4998.5
TOMATOES,153000,4996.75
TOMATOES,153100,4997.0
TOMATOES,153200,4995.75
TOMATOES,153300,4996.25
TOMATOES,153400,4994.25
TOMATOES,153500,4995.75
TOMATOES,153600,4997.5
TOMATOES,153700,4995.5
TOMATOES,153800,4994.75
TOMATOES,153900,4995.0
TOMATOES,154000,4994.5
TOMATOES,154100,4994.75
TOMATOES,154200,4996.5
TOMATOES,154300,4997.5
TOMATOES,154400,4995.75
TOMATOES,154500,4996.25
TOMATOES,154600,4996.75
TOMATOES,154700,4996.5
TOMATOES,154800,4997.0
TOMATOES,154900,4998.25
TOMATOES,155000,4997.25
TOMATOES,155100,4997.0
TOMATOES,155200,4997.0
TOMATOES,155300,4996.25
TOMATOES,155400,4996.5
TOMATOES,155500,4996.75
TOMATOES,155600,4996.5
TOMATOES,155700,4996.0
TOMATOES,155800,4997.75
TOMATOES,155900,4995.5
TOMATOES,156000,4995.5
TOMATOES,156100,4995.75
TOMATOES,156200,4996.0
TOMATOES,156300,4995.25
TOMATOES,156400,4996.75
TOMATOES,156500,4995.5
TOMATOES,156600,4992.75
TOMATOES,156700,4995.25
TOMATOES,156800,4994.5
TOMATOES,156900,4995.0
TOMATOES,157000,4995.25
TOMATOES,157100,4995.0
TOMATOES,157200,4995.0
TOMATOES,157300,4993.5
TOMATOES,157400,4995.25
TOMATOES,157500,4995.25
TOMATOES,157600,4994.25
TOMATOES,157700,4994.0
TOMATOES,157800,4993.75
TOMATOES,157900,4993.5
TOMATOES,158000,4992.75
TOMATOES,158100,4992.5
TOMATOES,158200,4992.5
TOMATOES,158300,4992.5
TOMATOES,158400,4992.0
TOMATOES,158500,4991.0
TOMATOES,158600,4991.0
TOMATOES,158700,4990.75
TOMATOES,158800,4990.25
TOMATOES,158900,4989.75
TOMATOES,159000,4990.25
TOMATOES,159100,4990.0
TOMATOES,159200,4990.5
TOMATOES,159300,4990.75
TOMATOES,159400,4992.0
TOMATOES,159500,4990.25
TOMATOES,159600,4990.25
TOMATOES,159700,4990.5
TOMATOES,159800,4990.0
TOMATOES,159900,4989.0
TOMATOES,160000,4990.75
TOMATOES,160100,4990.5
TOMATOES,160200,4991.0
TOMATOES,160300,4991.25
TOMATOES,160400,4990.75
TOMATOES,160500,4991.0
TOMATOES,160600,4991.75
TOMATOES,160700,4986.75
TOMATOES,160800,4989.75
TOMATOES,160900,4991.25
TOMATOES,161000,4990.25
TOMATOES,161100,4990.5
TOMATOES,161200,4990.25
TOMATOES,161300,4990.5
TOMATOES,161400,4990.0
TOMATOES,161500,4989.75
TOMATOES,161600,4989.75
TOMATOES,161700,4989.25
TOMATOES,161800,4989.25
TOMATOES,161900,4989.25
TOMATOES,162000,4989.25
TOMATOES,162100,4990.0
TOMATOES,162200,4989.5
TOMATOES,162300,4988.75
TOMATOES,162400,4987.0
TOMATOES,162500,4988.25
TOMATOES,162600,4986.5
TOMATOES,162700,4988.25
TOMATOES,162800,4988.5
TOMATOES,162900,4988.0
TOMATOES,163000,4987.75
TOMATOES,163100,4988.25
TOMATOES,163200,4990.5
TOMATOES,163300,4989.0
TOMATOES,163400,4990.0
TOMATOES,163500,4988.75
TOMATOES,163600,4987.0
TOMATOES,163700,4988.75
TOMATOES,163800,4989.25
TOMATOES,163900,4989.0
TOMATOES,164000,4990.5
TOMATOES,164100,4989.0
TOMATOES,164200,4988.75
TOMATOES,164300,4989.25
TOMATOES,164400,4988.75
TOMATOES,164500,4989.5
TOMATOES,164600,4989.5
TOMATOES,164700,4989.5
TOMATOES,164800,4990.0
TOMATOES,164900,4989.0
TOMATOES,165000,4991.0
TOMATOES,165100,4991.5
TOMATOES,165200,4989.5
TOMATOES,165300,4991.25
TOMATOES,165400,4991.25
TOMATOES,165500,4992.25
TOMATOES,165600,4991.5
TOMATOES,165700,4991.5
TOMATOES,165800,4991.75
TOMATOES,165900,4992.5
TOMATOES,166000,4994.0
TOMATOES,166100,4993.25
TOMATOES,166200,4993.0
TOMATOES,166300,4993.0
TOMATOES,166400,4993.25
TOMATOES,166500,4993.5
TOMATOES,166600,4994.0
TOMATOES,166700,4994.0
TOMATOES,166800,4994.0
TOMATOES,166900,4994.0
TOMATOES,167000,4993.75
TOMATOES,167100,4994.5
TOMATOES,167200,4993.75
TOMATOES,167300,4993.75
TOMATOES,167400,4993.75
TOMATOES,167500,4994.0
TOMATOES,167600,4993.75
TOMATOES,167700,4993.5
TOMATOES,167800,4993.0
TOMATOES,167900,4990.75
TOMATOES,168000,4992.5
TOMATOES,168100,4992.5
TOMATOES,168200,4992.75
TOMATOES,168300,4992.0
TOMATOES,168400,4992.25
TOMATOES,168500,4993.25
TOMATOES,168600,4993.25
TOMATOES,168700,4993.0
TOMATOES,168800,4993.0
TOMATOES,168900,4993.25
TOMATOES,169000,4993.0
TOMATOES,169100,4993.75
TOMATOES,169200,4994.5
TOMATOES,169300,4992.75
TOMATOES,169400,4994.25
TOMATOES,169500,4994.25
TOMATOES,169600,4991.75
TOMATOES,169700,4993.75
TOMATOES,169800,4994.0
TOMATOES,169900,4993.75
TOMATOES,170000,4993.75
TOMATOES,170100,4993.75
TOMATOES,170200,4993.25
TOMATOES,170300,4993.5
TOMATOES,170400,4993.75
TOMATOES,170500,4993.5
TOMATOES,170600,4993.75
TOMATOES,170700,4993.75
TOMATOES,170800,4994.5
TOMATOES,170900,4994.0
TOMATOES,171000,4993.75
TOMATOES,171100,4991.75
TOMATOES,171200,4993.5
TOMATOES,171300,4994.0
TOMATOES,171400,4993.75
TOMATOES,171500,4994.0
TOMATOES,171600,4993.5
TOMATOES,171700,4993.75
TOMATOES,171800,4993.75
TOMATOES,171900,4993.75
TOMATOES,172000,4993.25
TOMATOES,172100,4993.25
TOMATOES,172200,4993.25
TOMATOES,172300,4993.25
TOMATOES,172400,4993.0
TOMATOES,172500,4993.0
TOMATOES,172600,4993.75
TOMATOES,172700,4993.5
TOMATOES,172800,4994.0
TOMATOES,172900,4996.0
TOMATOES,173000,4994.25
TOMATOES,173100,4994.5
TOMATOES,173200,4995.0
TOMATOES,173300,4995.5
TOMATOES,173400,4995.25
TOMATOES,173500,4995.25
TOMATOES,173600,4996.0
TOMATOES,173700,4995.25
TOMATOES,173800,4995.5
TOMATOES,173900,4995.5
TOMATOES,174000,4997.25
TOMATOES,174100,4995.5
TOMATOES,174200,4995.0
TOMATOES,174300,4994.5
TOMATOES,174400,4993.0
TOMATOES,174500,4994.25
TOMATOES,174600,4994.75
TOMATOES,174700,4996.75
TOMATOES,174800,4994.5
TOMATOES,174900,4993.75
TOMATOES,175000,4993.5
TOMATOES,175100,4993.25
TOMATOES,175200,4993.25
TOMATOES,175300,4993.0
TOMATOES,175400,4993.25
TOMATOES,175500,4992.75
TOMATOES,175600,4992.5
TOMATOES,175700,4992.25
TOMATOES,175800,4992.5
TOMATOES,175900,4992.5
TOMATOES,176000,4992.5
TOMATOES,176100,4992.5
TOMATOES,176200,4993.0
TOMATOES,176300,4992.75
TOMATOES,176400,4992.75
TOMATOES,176500,4992.75
TOMATOES,176600,4992.25
TOMATOES,176700,4990.5
TOMATOES,176800,4992.75
TOMATOES,176900,4992.5
TOMATOES,177000,4992.5
TOMATOES,177100,4993.25
TOMATOES,177200,4992.75
TOMATOES,177300,4992.5
TOMATOES,177400,4992.5
TOMATOES,177500,4992.0
TOMATOES,177600,4992.75
TOMATOES,177700,4992.5
TOMATOES,177800,4993.0
TOMATOES,177900,4992.0
TOMATOES,178000,4992.25
TOMATOES,178100,4993.5
TOMATOES,178200,4992.0
TOMATOES,178300,4993.0
TOMATOES,178400,4993.25
TOMATOES,178500,4993.25
TOMATOES,178600,4993.25
TOMATOES,178700,4992.5
TOMATOES,178800,4992.0
TOMATOES,178900,4991.75
TOMATOES,179000,4991.75
TOMATOES,179100,4991.5
TOMATOES,179200,4993.75
TOMATOES,179300,4991.5
TOMATOES,179400,4991.75
TOMATOES,179500,4991.75
TOMATOES,179600,4991.5
TOMATOES,179700,4991.25
TOMATOES,179800,4991.0
TOMATOES,179900,4991.0
TOMATOES,180000,4991.25
TOMATOES,180100,4993.0
TOMATOES,180200,4991.25
TOMATOES,180300,4990.5
TOMATOES,180400,4989.75
TOMATOES,180500,4988.0
TOMATOES,180600,4989.75
TOMATOES,180700,4990.25
TOMATOES,180800,4989.0
TOMATOES,180900,4991.0
TOMATOES,181000,4991.5
TOMATOES,181100,4991.5
TOMATOES,181200,4991.75
TOMATOES,181300,4991.5
TOMATOES,181400,4990.5
TOMATOES,181500,4990.25
TOMATOES,181600,4990.25
TOMATOES,181700,4988.0
TOMATOES,181800,4990.0
TOMATOES,181900,4990.5
TOMATOES,182000,4991.25
TOMATOES,182100,4991.5
TOMATOES,182200,4992.0
TOMATOES,182300,4994.0
TOMATOES,182400,4991.25
TOMATOES,182500,4991.25
TOMATOES,182600,4991.25
TOMATOES,182700,4989.25
TOMATOES,182800,4991.5
TOMATOES,182900,4991.0
TOMATOES,183000,4990.75
TOMATOES,183100,4990.5
TOMATOES,183200,4989.75
TOMATOES,183300,4990.0
TOMATOES,183400,4989.75
TOMATOES,183500,4990.25
TOMATOES,183600,4990.5
TOMATOES,183700,4993.0
TOMATOES,183800,4991.0
TOMATOES,183900,4991.0
TOMATOES,184000,4990.5
TOMATOES,184100,4991.0
TOMATOES,184200,4991.25
TOMATOES,184300,4990.25
TOMATOES,184400,4989.75
TOMATOES,184500,4990.25
TOMATOES,184600,4990.5
TOMATOES,184700,4990.25
TOMATOES,184800,4988.5
TOMATOES,184900,4990.75
TOMATOES,185000,4990.5
TOMATOES,185100,4990.75
TOMATOES,185200,4990.75
TOMATOES,185300,4990.75
TOMATOES,185400,4990.5
TOMATOES,185500,4990.5
TOMATOES,185600,4990.75
TOMATOES,185700,4990.75
TOMATOES,185800,4991.5
TOMATOES,185900,4991.25
TOMATOES,186000,4991.5
TOMATOES,186100,4991.75
TOMATOES,186200,4991.75
TOMATOES,186300,4991.75
TOMATOES,186400,4992.5
TOMATOES,186500,4992.25
TOMATOES,186600,4992.25
TOMATOES,186700,4992.0
TOMATOES,186800,4992.25
TOMATOES,186900,4992.5
TOMATOES,187000,4991.0
TOMATOES,187100,4993.25
TOMATOES,187200,4993.75
TOMATOES,187300,4994.25
TOMATOES,187400,4994.5
TOMATOES,187500,4994.75
TOMATOES,187600,4995.25
TOMATOES,187700,4995.75
TOMATOES,187800,4995.75
TOMATOES,187900,4995.5
TOMATOES,188000,4995.25
TOMATOES,188100,4995.75
TOMATOES,188200,4995.5
TOMATOES,188300,4995.75
TOMATOES,188400,4995.25
TOMATOES,188500,4995.5
TOMATOES,188600,4995.75
TOMATOES,188700,4996.0
TOMATOES,188800,4995.5
TOMATOES,188900,4995.25
TOMATOES,189000,4994.25
TOMATOES,189100,4996.0
TOMATOES,189200,4996.25
TOMATOES,189300,4993.75
TOMATOES,189400,4994.5
TOMATOES,189500,4993.75
TOMATOES,189600,4994.25
TOMATOES,189700,4993.25
TOMATOES,189800,4994.0
TOMATOES,189900,4995.75
TOMATOES,190000,4994.75
TOMATOES,190100,4994.75
TOMATOES,190200,4995.0
TOMATOES,190300,4995.0
TOMATOES,190400,4994.25
TOMATOES,190500,4993.5
TOMATOES,190600,4994.0
TOMATOES,190700,4993.75
TOMATOES,190800,4995.5
TOMATOES,190900,4994.25
TOMATOES,191000,4994.0
TOMATOES,191100,4994.75
TOMATOES,191200,4994.0
TOMATOES,191300,4996.0
TOMATOES,191400,4994.5
TOMATOES,191500,4994.25
TOMATOES,191600,4995.0
TOMATOES,191700,4995.5
TOMATOES,191800,4994.75
TOMATOES,191900,4994.75
TOMATOES,192000,4995.25
TOMATOES,192100,4995.0
TOMATOES,192200,4995.0
TOMATOES,192300,4994.75
TOMATOES,192400,4994.75
TOMATOES,192500,4995.25
TOMATOES,192600,4995.25
TOMATOES,192700,4992.5
TOMATOES,192800,4994.75
TOMATOES,192900,4993.5
TOMATOES,193000,4995.0
TOMATOES,193100,4995.25
TOMATOES,193200,4995.75
TOMATOES,193300,4995.0
TOMATOES,193400,4994.75
TOMATOES,193500,4994.25
TOMATOES,193600,4994.5
TOMATOES,193700,4994.25
TOMATOES,193800,4996.0
TOMATOES,193900,4994.25
TOMATOES,194000,4994.75
TOMATOES,194100,4994.0
TOMATOES,194200,4993.75
TOMATOES,194300,4993.25
TOMATOES,194400,4993.5
TOMATOES,194500,4993.75
TOMATOES,194600,4993.75
TOMATOES,194700,4993.25
TOMATOES,194800,4993.25
TOMATOES,194900,4993.5
TOMATOES,195000,4993.25
TOMATOES,195100,4993.5
TOMATOES,195200,4993.25
TOMATOES,195300,4994.75
TOMATOES,195400,4995.25
TOMATOES,195500,4993.25
TOMATOES,195600,4993.75
TOMATOES,195700,4996.25
TOMATOES,195800,4993.5
TOMATOES,195900,4993.75
TOMATOES,196000,4994.25
TOMATOES,196100,4995.0
TOMATOES,196200,4995.0
TOMATOES,196300,4994.75
TOMATOES,196400,4994.75
TOMATOES,196500,4995.0
TOMATOES,196600,4994.75
TOMATOES,196700,4994.75
TOMATOES,196800,4994.75
TOMATOES,196900,4995.0
TOMATOES,197000,4997.0
TOMATOES,197100,4995.75
TOMATOES,197200,4995.75
TOMATOES,197300,4995.5
TOMATOES,197400,4995.75
TOMATOES,197500,4996.0
TOMATOES,197600,4996.0
TOMATOES,197700,4995.75
TOMATOES,197800,4996.0
TOMATOES,197900,4996.5
TOMATOES,198000,4996.5
TOMATOES,198100,4996.5
TOMATOES,198200,4996.25
TOMATOES,198300,4998.0
TOMATOES,198400,4995.25
TOMATOES,198500,4997.75
TOMATOES,198600,4998.0
TOMATOES,198700,4995.75
TOMATOES,198800,4997.75
TOMATOES,198900,4997.75
TOMATOES,199000,4997.5
TOMATOES,199100,4997.0
TOMATOES,199200,4998.0
TOMATOES,199300,4996.25
TOMATOES,199400,4996.5
TOMATOES,199500,4996.25
TOMATOES,199600,4996.5
TOMATOES,199700,4996.25
TOMATOES,199800,4996.0
TOMATOES,199900,4996.5
TOMATOES,200000,4996.25
TOMATOES,200100,4995.0
TOMATOES,200200,4996.5
TOMATOES,200300,4996.25
TOMATOES,200400,4996.25
TOMATOES,200500,4996.0
TOMATOES,200600,4996.5
TOMATOES,200700,4996.5
TOMATOES,200800,4996.25
TOMATOES,200900,4994.0
TOMATOES,201000,4996.0
TOMATOES,201100,4995.75
TOMATOES,201200,4995.5
TOMATOES,201300,4996.5
TOMATOES,201400,4997.25
TOMATOES,201500,4998.25
TOMATOES,201600,4998.25
TOMATOES,201700,4998.75
TOMATOES,201800,4998.5
TOMATOES,201900,4999.0
TOMATOES,202000,4999.25
TOMATOES,202100,5000.5
TOMATOES,202200,4999.0
TOMATOES,202300,4999.5
TOMATOES,202400,4999.25
TOMATOES,202500,4999.0
TOMATOES,202600,5000.5
TOMATOES,202700,4998.0
TOMATOES,202800,4997.5
TOMATOES,202900,4997.25
TOMATOES,203000,4997.25
TOMATOES,203100,4998.75
TOMATOES,203200,4996.75
TOMATOES,203300,4996.5
TOMATOES,203400,4997.0
TOMATOES,203500,4997.25
TOMATOES,203600,4997.75
TOMATOES,203700,4997.25
TOMATOES,203800,4997.0
TOMATOES,203900,4997.25
TOMATOES,204000,4998.25
TOMATOES,204100,4996.75
TOMATOES,204200,4997.0
TOMATOES,204300,4996.5
TOMATOES,204400,4997.0
TOMATOES,204500,4999.0
TOMATOES,204600,4999.0
TOMATOES,204700,4998.5
TOMATOES,204800,4998.75
TOMATOES,204900,4998.25
TOMATOES,205000,4998.0
TOMATOES,205100,4999.25
TOMATOES,205200,4998.5
TOMATOES,205300,4998.25
TOMATOES,205400,4998.5
TOMATOES,205500,4997.5
TOMATOES,205600,4999.0
TOMATOES,205700,4999.5
TOMATOES,205800,4999.25
TOMATOES,205900,4999.0
TOMATOES,206000,4999.5
TOMATOES,206100,4999.0
TOMATOES,206200,4999.0
TOMATOES,206300,4998.5
TOMATOES,206400,4998.75
TOMATOES,206500,4998.75
TOMATOES,206600,4998.75
TOMATOES,206700,4996.75
TOMATOES,206800,4996.75
TOMATOES,206900,4997.75
TOMATOES,207000,4997.5
TOMATOES,207100,4997.5
TOMATOES,207200,4997.25
TOMATOES,207300,4998.25
TOMATOES,207400,4998.25
TOMATOES,207500,4998.25
TOMATOES,207600,4999.25
TOMATOES,207700,4999.75
TOMATOES,207800,5000.0
TOMATOES,207900,5000.5
TOMATOES,208000,5000.75
TOMATOES,208100,5001.25
TOMATOES,208200,5001.25
TOMATOES,208300,5001.0
TOMATOES,208400,5001.25
TOMATOES,208500,5000.5
TOMATOES,208600,5000.5
TOMATOES,208700,5002.25
TOMATOES,208800,5000.25
TOMATOES,208900,4998.5
TOMATOES,209000,5000.25
TOMATOES,209100,5000.25
TOMATOES,209200,4999.5
TOMATOES,209300,4999.5
TOMATOES,209400,4999.5
TOMATOES,209500,4999.25
TOMATOES,209600,4999.75
TOMATOES,209700,5000.0
TOMATOES,209800,5001.75
TOMATOES,209900,5000.0
TOMATOES,210000,4998.75
TOMATOES,210100,5000.0
TOMATOES,210200,5000.25
TOMATOES,210300,5000.25
TOMATOES,210400,5000.5
TOMATOES,210500,5001.5
TOMATOES,210600,5000.25
TOMATOES,210700,5000.5
TOMATOES,210800,5001.0
TOMATOES,210900,5001.25
TOMATOES,211000,5001.0
TOMATOES,211100,5001.0
TOMATOES,211200,5001.0
TOMATOES,211300,5001.5
TOMATOES,211400,5000.75
TOMATOES,211500,5001.0
TOMATOES,211600,5002.75
TOMATOES,211700,5001.5
TOMATOES,211800,5001.5
TOMATOES,211900,5001.75
TOMATOES,212000,5001.75
TOMATOES,212100,5003.25
TOMATOES,212200,5000.25
TOMATOES,212300,5002.25
TOMATOES,212400,5002.25
TOMATOES,212500,5001.5
TOMATOES,212600,5001.0
TOMATOES,212700,5000.75
TOMATOES,212800,5000.25
TOMATOES,212900,5000.25
TOMATOES,213000,5000.0
TOMATOES,213100,5000.0
TOMATOES,213200,5000.75
TOMATOES,213300,5000.5
TOMATOES,213400,5001.0
TOMATOES,213500,5000.5
TOMATOES,213600,5000.75
TOMATOES,213700,5000.5
TOMATOES,213800,5000.0
TOMATOES,213900,4999.75
TOMATOES,214000,4999.75
TOMATOES,214100,5000.0
TOMATOES,214200,4999.25
TOMATOES,214300,4999.0
TOMATOES,214400,4999.25
TOMATOES,214500,4999.25
TOMATOES,214600,4999.0
TOMATOES,214700,4999.75
TOMATOES,214800,4998.25
TOMATOES,214900,4999.75
TOMATOES,215000,4999.25
TOMATOES,215100,4999.0
TOMATOES,215200,4994.75
TOMATOES,215300,4998.25
TOMATOES,215400,4997.0
TOMATOES,215500,4998.25
TOMATOES,215600,4999.25
TOMATOES,215700,4995.5
TOMATOES,215800,4997.5
TOMATOES,215900,4996.75
TOMATOES,216000,4996.75
TOMATOES,216100,4996.0
TOMATOES,216200,4996.25
TOMATOES,216300,4996.5
TOMATOES,216400,4995.0
TOMATOES,216500,4994.0
TOMATOES,216600,4996.0
TOMATOES,216700,4996.0
TOMATOES,216800,4996.25
TOMATOES,216900,4996.75
TOMATOES,217000,4996.5
TOMATOES,217100,4996.5
TOMATOES,217200,4996.0
TOMATOES,217300,4993.5
TOMATOES,217400,4995.25
TOMATOES,217500,4995.5
TOMATOES,217600,4995.5
TOMATOES,217700,4996.0
TOMATOES,217800,4997.25
TOMATOES,217900,4996.0
TOMATOES,218000,4995.5
TOMATOES,218100,4995.5
TOMATOES,218200,4995.5
TOMATOES,218300,4995.5
TOMATOES,218400,4995.75
TOMATOES,218500,4995.5
TOMATOES,218600,4995.0
TOMATOES,218700,4994.75
TOMATOES,218800,4994.25
TOMATOES,218900,4995.25
TOMATOES,219000,4994.75
TOMATOES,219100,4994.5
TOMATOES,219200,4995.0
TOMATOES,219300,4994.75
TOMATOES,219400,4994.5
TOMATOES,219500,4994.25
TOMATOES,219600,4993.75
TOMATOES,219700,4994.25
TOMATOES,219800,4994.0
TOMATOES,219900,4994.0
TOMATOES,220000,4993.75
TOMATOES,220100,4991.25
TOMATOES,220200,4993.25
TOMATOES,220300,4992.5
TOMATOES,220400,4992.25
TOMATOES,220500,4990.0
TOMATOES,220600,4991.25
TOMATOES,220700,4991.75
TOMATOES,220800,4989.75
TOMATOES,220900,4991.25
TOMATOES,221000,4993.5
TOMATOES,221100,4992.25
TOMATOES,221200,4992.75
TOMATOES,221300,4992.75
TOMATOES,221400,4993.0
TOMATOES,221500,4993.5
TOMATOES,221600,4991.25
TOMATOES,221700,4993.0
TOMATOES,221800,4991.5
TOMATOES,221900,4993.0
TOMATOES,222000,4991.0
TOMATOES,222100,4993.25
TOMATOES,222200,4993.0
TOMATOES,222300,4993.0
TOMATOES,222400,4991.5
TOMATOES,222500,4993.25
TOMATOES,222600,4993.25
TOMATOES,222700,4994.75
TOMATOES,222800,4993.5
TOMATOES,222900,4993.75
TOMATOES,223000,4993.5
TOMATOES,223100,4993.5
TOMATOES,223200,4993.75
TOMATOES,223300,4993.75
TOMATOES,223400,4994.0
TOMATOES,223500,4993.75
TOMATOES,223600,4993.5
TOMATOES,223700,4994.75
TOMATOES,223800,4994.75
TOMATOES,223900,4993.0
TOMATOES,224000,4993.0
TOMATOES,224100,4992.75
TOMATOES,224200,4991.5
TOMATOES,224300,4993.5
TOMATOES,224400,4993.5
TOMATOES,224500,4995.0
TOMATOES,224600,4993.75
TOMATOES,224700,4993.75
TOMATOES,224800,4993.75
TOMATOES,224900,4993.5
TOMATOES,225000,4993.25
TOMATOES,225100,4993.5
TOMATOES,225200,4993.5
TOMATOES,225300,4993.5
TOMATOES,225400,4993.75
TOMATOES,225500,4992.0
TOMATOES,225600,4993.5
TOMATOES,225700,4993.5
TOMATOES,225800,4994.0
TOMATOES,225900,4994.0
TOMATOES,226000,4994.25
TOMATOES,226100,4994.25
TOMATOES,226200,4991.5
TOMATOES,226300,4994.0
TOMATOES,226400,4993.5
TOMATOES,226500,4993.5
TOMATOES,226600,4994.0
TOMATOES,226700,4993.5
TOMATOES,226800,4993.0
TOMATOES,226900,4994.0
TOMATOES,227000,4994.25
TOMATOES,227100,4994.5
TOMATOES,227200,4993.75
TOMATOES,227300,4993.75
TOMATOES,227400,4993.75
TOMATOES,227500,4994.0
TOMATOES,227600,4994.0
TOMATOES,227700,4994.0
TOMATOES,227800,4993.75
TOMATOES,227900,4993.75
TOMATOES,228000,4993.5
TOMATOES,228100,4993.5
TOMATOES,228200,4994.5
TOMATOES,228300,4994.25
TOMATOES,228400,4994.0
TOMATOES,228500,4992.25
TOMATOES,228600,4993.5
TOMATOES,228700,4994.25
TOMATOES,228800,4993.25
TOMATOES,228900,4993.0
TOMATOES,229000,4992.75
TOMATOES,229100,4992.5
TOMATOES,229200,4992.25
TOMATOES,229300,4992.75
TOMATOES,229400,4992.75
TOMATOES,229500,4992.25
TOMATOES,229600,4991.5
TOMATOES,229700,4992.25
TOMATOES,229800,4991.5
TOMATOES,229900,4991.0
TOMATOES,230000,4990.0
TOMATOES,230100,4990.0
TOMATOES,230200,4990.0
TOMATOES,230300,4990.25
TOMATOES,230400,4990.5
TOMATOES,230500,4990.5
TOMATOES,230600,4990.75
TOMATOES,230700,4991.0
TOMATOES,230800,4990.75
TOMATOES,230900,4990.25
TOMATOES,231000,4990.25
TOMATOES,231100,4989.5
TOMATOES,231200,4989.75
TOMATOES,231300,4989.5
TOMATOES,231400,4990.5
TOMATOES,231500,4988.75
TOMATOES,231600,4990.25
TOMATOES,231700,4988.75
TOMATOES,231800,4988.75
TOMATOES,231900,4989.0
TOMATOES,232000,4989.5
TOMATOES,232100,4989.25
TOMATOES,232200,4989.5
TOMATOES,232300,4989.75
TOMATOES,232400,4990.25
TOMATOES,232500,4990.25
TOMATOES,232600,4990.0
TOMATOES,232700,4989.25
TOMATOES,232800,4989.25
TOMATOES,232900,4988.75
TOMATOES,233000,4989.5
TOMATOES,233100,4989.25
TOMATOES,233200,4989.75
TOMATOES,233300,4989.75
TOMATOES,233400,4990.0
TOMATOES,233500,4990.0
TOMATOES,233600,4989.5
TOMATOES,233700,4989.75
TOMATOES,233800,4989.5
TOMATOES,233900,4989.75
TOMATOES,234000,4989.5
TOMATOES,234100,4989.5
TOMATOES,234200,4989.5
TOMATOES,234300,4990.0
TOMATOES,234400,4990.25
TOMATOES,234500,4990.0
TOMATOES,234600,4990.0
TOMATOES,234700,4991.75
TOMATOES,234800,4990.25
TOMATOES,234900,4990.5
TOMATOES,235000,4990.5
TOMATOES,235100,4990.0
TOMATOES,235200,4988.0
TOMATOES,235300,4990.25
TOMATOES,235400,4990.0
TOMATOES,235500,4990.75
TOMATOES,235600,4990.25
TOMATOES,235700,4990.5
TOMATOES,235800,4991.0
TOMATOES,235900,4989.5
TOMATOES,236000,4991.25
TOMATOES,236100,4991.0
TOMATOES,236200,4991.25
TOMATOES,236300,4991.5
TOMATOES,236400,4991.0
TOMATOES,236500,4990.75
TOMATOES,236600,4992.0
TOMATOES,236700,4990.5
TOMATOES,236800,4990.5
TOMATOES,236900,4989.25
TOMATOES,237000,4990.75
TOMATOES,237100,4990.75
TOMATOES,237200,4991.25
TOMATOES,237300,4991.5
TOMATOES,237400,4991.5
TOMATOES,237500,4991.25
TOMATOES,237600,4992.75
TOMATOES,237700,4991.5
TOMATOES,237800,4991.25
TOMATOES,237900,4991.0
TOMATOES,238000,4988.75
TOMATOES,238100,4990.75
TOMATOES,238200,4991.25
TOMATOES,238300,4991.0
TOMATOES,238400,4990.75
TOMATOES,238500,4990.25
TOMATOES,238600,4991.25
TOMATOES,238700,4990.5
TOMATOES,238800,4990.5
TOMATOES,238900,4990.5
TOMATOES,239000,4990.25
TOMATOES,239100,4989.75
TOMATOES,239200,4990.0
TOMATOES,239300,4990.0
TOMATOES,239400,4989.25
TOMATOES,239500,4990.0
TOMATOES,239600,4990.0
TOMATOES,239700,4990.25
TOMATOES,239800,4989.5
TOMATOES,239900,4989.5
TOMATOES,240000,4989.25
TOMATOES,240100,4990.5
TOMATOES,240200,4989.5
TOMATOES,240300,4991.5
TOMATOES,240400,4989.5
TOMATOES,240500,4989.5
TOMATOES,240600,4989.5
TOMATOES,240700,4989.5
TOMATOES,240800,4988.75
TOMATOES,240900,4989.0
TOMATOES,241000,4989.25
TOMATOES,241100,4989.5
TOMATOES,241200,4989.5
TOMATOES,241300,4988.75
TOMATOES,241400,4990.0
TOMATOES,241500,4989.0
TOMATOES,241600,4987.75
TOMATOES,241700,4989.25
TOMATOES,241800,4989.5
TOMATOES,241900,4989.75
TOMATOES,242000,4990.25
TOMATOES,242100,4990.25
TOMATOES,242200,4990.25
TOMATOES,242300,4989.75
TOMATOES,242400,4990.0
TOMATOES,242500,4989.5
TOMATOES,242600,4989.75
TOMATOES,242700,4989.25
TOMATOES,242800,4988.5
TOMATOES,242900,4990.0
TOMATOES,243000,4990.0
TOMATOES,243100,4991.25
TOMATOES,243200,4989.75
TOMATOES,243300,4990.0
TOMATOES,243400,4990.0
TOMATOES,243500,4989.75
TOMATOES,243600,4989.75
TOMATOES,243700,4990.0
TOMATOES,243800,4990.25
TOMATOES,243900,4989.5
TOMATOES,244000,4990.5
TOMATOES,244100,4991.0
TOMATOES,244200,4991.5
TOMATOES,244300,4991.5
TOMATOES,244400,4991.5
TOMATOES,244500,4991.75
TOMATOES,244600,4991.75
TOMATOES,244700,4992.0
TOMATOES,244800,4992.25
TOMATOES,244900,4991.0
TOMATOES,245000,4992.5
TOMATOES,245100,4992.75
TOMATOES,245200,4993.25
TOMATOES,245300,4991.25
TOMATOES,245400,4992.0
TOMATOES,245500,4992.25
TOMATOES,245600,4993.0
TOMATOES,245700,4994.0
TOMATOES,245800,4994.5
TOMATOES,245900,4993.75
TOMATOES,246000,4994.0
TOMATOES,246100,4994.0
TOMATOES,246200,4994.0
TOMATOES,246300,4993.75
TOMATOES,246400,4993.25
TOMATOES,246500,4992.75
TOMATOES,246600,4992.75
TOMATOES,246700,4992.25
TOMATOES,246800,4991.0
TOMATOES,246900,4992.25
TOMATOES,247000,4992.5
TOMATOES,247100,4991.75
TOMATOES,247200,4991.5
TOMATOES,247300,4991.75
TOMATOES,247400,4992.5
TOMATOES,247500,4991.75
TOMATOES,247600,4991.25
TOMATOES,247700,4991.75
TOMATOES,247800,4992.25
TOMATOES,247900,4992.75
TOMATOES,248000,4992.75
TOMATOES,248100,4993.0
TOMATOES,248200,4993.75
TOMATOES,248300,4994.0
TOMATOES,248400,4993.5
TOMATOES,248500,4993.25
TOMATOES,248600,4994.75
TOMATOES,248700,4993.75
TOMATOES,248800,4994.0
TOMATOES,248900,4993.75
TOMATOES,249000,4993.25
TOMATOES,249100,4993.5
TOMATOES,249200,4995.25
TOMATOES,249300,4994.0
TOMATOES,249400,4993.5
TOMATOES,249500,4992.5
TOMATOES,249600,4992.0
TOMATOES,249700,4991.5
TOMATOES,249800,4991.5
TOMATOES,249900,4991.25
TOMATOES,250000,4990.0
TOMATOES,250100,4991.0
TOMATOES,250200,4991.25
TOMATOES,250300,4991.0
TOMATOES,250400,4989.0
TOMATOES,250500,4991.25
TOMATOES,250600,4991.0
TOMATOES,250700,4990.25
TOMATOES,250800,4991.0
TOMATOES,250900,4992.0
TOMATOES,251000,4991.5
TOMATOES,251100,4991.75
TOMATOES,251200,4991.5
TOMATOES,251300,4991.25
TOMATOES,251400,4991.0
TOMATOES,251500,4988.5
TOMATOES,251600,4991.0
TOMATOES,251700,4991.5
TOMATOES,251800,4991.25
TOMATOES,251900,4990.75
TOMATOES,252000,4990.25
TOMATOES,252100,4989.0
TOMATOES,252200,4990.0
TOMATOES,252300,4990.5
TOMATOES,252400,4990.0
TOMATOES,252500,4990.75
TOMATOES,252600,4991.0
TOMATOES,252700,4991.25
TOMATOES,252800,4990.75
TOMATOES,252900,4991.0
TOMATOES,253000,4991.25
TOMATOES,253100,4990.75
TOMATOES,253200,4990.75
TOMATOES,253300,4992.25
TOMATOES,253400,4991.0
TOMATOES,253500,4989.0
TOMATOES,253600,4991.5
TOMATOES,253700,4991.5
TOMATOES,253800,4991.25
TOMATOES,253900,4991.5
TOMATOES,254000,4991.25
TOMATOES,254100,4991.75
TOMATOES,254200,4992.25
TOMATOES,254300,4991.5
TOMATOES,254400,4990.25
TOMATOES,254500,4991.0
TOMATOES,254600,4991.25
TOMATOES,254700,4991.5
TOMATOES,254800,4991.75
TOMATOES,254900,4992.5
TOMATOES,255000,4992.75
TOMATOES,255100,4992.25
TOMATOES,255200,4992.25
TOMATOES,255300,4991.75
TOMATOES,255400,4990.0
TOMATOES,255500,4992.25
TOMATOES,255600,4992.5
TOMATOES,255700,4993.0
TOMATOES,255800,4993.75
TOMATOES,255900,4992.75
TOMATOES,256000,4992.25
TOMATOES,256100,4992.5
TOMATOES,256200,4992.75
TOMATOES,256300,4990.75
TOMATOES,256400,4991.75
TOMATOES,256500,4991.5
TOMATOES,256600,4991.5
TOMATOES,256700,4989.25
TOMATOES,256800,4992.0
TOMATOES,256900,4992.0
TOMATOES,257000,4991.75
TOMATOES,257100,4991.5
TOMATOES,257200,4991.5
TOMATOES,257300,4991.5
TOMATOES,257400,4991.0
TOMATOES,257500,4991.25
TOMATOES,257600,4991.25
TOMATOES,257700,4992.0
TOMATOES,257800,4991.25
TOMATOES,257900,4991.25
TOMATOES,258000,4990.0
TOMATOES,258100,4991.25
TOMATOES,258200,4990.75
TOMATOES,258300,4990.75
TOMATOES,258400,4990.5
TOMATOES,258500,4990.5
TOMATOES,258600,4990.5
TOMATOES,258700,4992.25
TOMATOES,258800,4991.0
TOMATOES,258900,4991.5
TOMATOES,259000,4991.5
TOMATOES,259100,4991.5
TOMATOES,259200,4991.25
TOMATOES,259300,4993.25
TOMATOES,259400,4992.0
TOMATOES,259500,4991.5
TOMATOES,259600,4992.0
TOMATOES,259700,4991.75
TOMATOES,259800,4992.0
TOMATOES,259900,4992.0
TOMATOES,260000,4991.75
TOMATOES,260100,4991.75
TOMATOES,260200,4991.75
TOMATOES,260300,4991.75
TOMATOES,260400,4991.75
TOMATOES,260500,4990.25
TOMATOES,260600,4991.5
TOMATOES,260700,4990.0
TOMATOES,260800,4992.5
TOMATOES,260900,4992.0
TOMATOES,261000,4990.25
TOMATOES,261100,4992.0
TOMATOES,261200,4991.75
TOMATOES,261300,4991.75
TOMATOES,261400,4991.75
TOMATOES,261500,4991.25
TOMATOES,261600,4991.5
TOMATOES,261700,4992.0
TOMATOES,261800,4992.5
TOMATOES,261900,4992.5
TOMATOES,262000,4992.5
TOMATOES,262100,4992.0
TOMATOES,262200,4991.75
TOMATOES,262300,4991.75
TOMATOES,262400,4991.75
TOMATOES,262500,4991.5
TOMATOES,262600,4989.5
TOMATOES,262700,4991.0
TOMATOES,262800,4991.0
TOMATOES,262900,4992.0
TOMATOES,263000,4992.25
TOMATOES,263100,4992.25
TOMATOES,263200,4992.5
TOMATOES,263300,4992.5
TOMATOES,263400,4992.5
TOMATOES,263500,4992.75
TOMATOES,263600,4993.0
TOMATOES,263700,4993.0
TOMATOES,263800,4994.0
TOMATOES,263900,4994.0
TOMATOES,264000,4993.75
TOMATOES,264100,4993.5
TOMATOES,264200,4993.25
TOMATOES,264300,4991.75
TOMATOES,264400,4995.0
TOMATOES,264500,4991.5
TOMATOES,264600,4993.25
TOMATOES,264700,4993.0
TOMATOES,264800,4992.5
TOMATOES,264900,4992.5
TOMATOES,265000,4992.5
TOMATOES,265100,4992.25
TOMATOES,265200,4992.5
TOMATOES,265300,4992.75
TOMATOES,265400,4992.25
TOMATOES,265500,4991.5
TOMATOES,265600,4991.25
TOMATOES,265700,4992.0
TOMATOES,265800,4992.0
TOMATOES,265900,4993.0
TOMATOES,266000,4992.0
TOMATOES,266100,4993.25
TOMATOES,266200,4991.75
TOMATOES,266300,4992.0
TOMATOES,266400,4992.0
TOMATOES,266500,4992.0
TOMATOES,266600,4991.25
TOMATOES,266700,4991.75
TOMATOES,266800,4991.75
TOMATOES,266900,4991.75
TOMATOES,267000,4991.5
TOMATOES,267100,4991.0
TOMATOES,267200,4992.0
TOMATOES,267300,4992.75
TOMATOES,267400,4990.75
TOMATOES,267500,4990.25
TOMATOES,267600,4990.25
TOMATOES,267700,4990.5
TOMATOES,267800,4990.75
TOMATOES,267900,4991.0
TOMATOES,268000,4991.0
TOMATOES,268100,4991.0
TOMATOES,268200,4990.75
TOMATOES,268300,4991.5
TOMATOES,268400,4991.5
TOMATOES,268500,4991.5
TOMATOES,268600,4991.25
TOMATOES,268700,4992.5
TOMATOES,268800,4991.5
TOMATOES,268900,4991.25
TOMATOES,269000,4991.75
TOMATOES,269100,4991.75
TOMATOES,269200,4992.25
TOMATOES,269300,4992.25
TOMATOES,269400,4991.75
TOMATOES,269500,4992.0
TOMATOES,269600,4991.75
TOMATOES,269700,4990.75
TOMATOES,269800,4992.0
TOMATOES,269900,4993.75
TOMATOES,270000,4992.5
TOMATOES,270100,4992.0
TOMATOES,270200,4992.0
TOMATOES,270300,4992.25
TOMATOES,270400,4991.75
TOMATOES,270500,4991.0
TOMATOES,270600,4990.5
TOMATOES,270700,4990.5
TOMATOES,270800,4991.0
TOMATOES,270900,4992.75
TOMATOES,271000,4991.0
TOMATOES,271100,4991.25
TOMATOES,271200,4991.25
TOMATOES,271300,4991.75
TOMATOES,271400,4992.75
TOMATOES,271500,4993.0
TOMATOES,271600,4995.0
TOMATOES,271700,4993.0
TOMATOES,271800,4992.5
TOMATOES,271900,4991.25
TOMATOES,272000,4992.75
TOMATOES,272100,4992.5
TOMATOES,272200,4993.0
TOMATOES,272300,4993.75
TOMATOES,272400,4992.25
TOMATOES,272500,4992.5
TOMATOES,272600,4992.25
TOMATOES,272700,4993.0
TOMATOES,272800,4994.5
TOMATOES,272900,4993.75
TOMATOES,273000,4993.5
TOMATOES,273100,4993.75
TOMATOES,273200,4993.75
TOMATOES,273300,4994.25
TOMATOES,273400,4994.5
TOMATOES,273500,4994.5
TOMATOES,273600,4994.75
TOMATOES,273700,4994.75
TOMATOES,273800,4995.25
TOMATOES,273900,4995.0
TOMATOES,274000,4995.0
TOMATOES,274100,4995.25
TOMATOES,274200,4994.75
TOMATOES,274300,4996.0
TOMATOES,274400,4994.75
TOMATOES,274500,4995.0
TOMATOES,274600,4995.75
TOMATOES,274700,4996.75
TOMATOES,274800,4995.5
TOMATOES,274900,4995.75
TOMATOES,275000,4997.75
TOMATOES,275100,4996.0
TOMATOES,275200,4996.0
TOMATOES,275300,4995.75
TOMATOES,275400,4997.25
TOMATOES,275500,4994.5
TOMATOES,275600,4996.25
TOMATOES,275700,4995.75
TOMATOES,275800,4995.75
TOMATOES,275900,4997.25
TOMATOES,276000,4996.25
TOMATOES,276100,4996.25
TOMATOES,276200,4997.0
TOMATOES,276300,4998.5
TOMATOES,276400,4997.0
TOMATOES,276500,4996.75
TOMATOES,276600,4996.5
TOMATOES,276700,4996.5
TOMATOES,276800,4996.25
TOMATOES,276900,4996.5
TOMATOES,277000,4996.0
TOMATOES,277100,4995.75
TOMATOES,277200,4995.75
TOMATOES,277300,4996.25
TOMATOES,277400,4996.5
TOMATOES,277500,4998.75
TOMATOES,277600,4997.75
TOMATOES,277700,4997.75
TOMATOES,277800,4997.25
TOMATOES,277900,4997.25
TOMATOES,278000,4995.25
TOMATOES,278100,4996.75
TOMATOES,278200,4996.75
TOMATOES,278300,4997.5
TOMATOES,278400,4999.0
TOMATOES,278500,4997.75
TOMATOES,278600,4997.25
TOMATOES,278700,4999.0
TOMATOES,278800,4997.5
TOMATOES,278900,4997.5
TOMATOES,279000,4997.25
TOMATOES,279100,4997.5
TOMATOES,279200,4995.75
TOMATOES,279300,4996.75
TOMATOES,279400,4998.75
TOMATOES,279500,4997.5
TOMATOES,279600,4997.25
TOMATOES,279700,4997.0
TOMATOES,279800,4996.75
TOMATOES,279900,4997.25
TOMATOES,280000,4996.75
TOMATOES,280100,4994.0
TOMATOES,280200,4998.0
TOMATOES,280300,4996.25
TOMATOES,280400,4996.0
TOMATOES,280500,4995.75
TOMATOES,280600,4996.0
TOMATOES,280700,4996.25
TOMATOES,280800,4996.25
TOMATOES,280900,4998.0
TOMATOES,281000,4997.25
TOMATOES,281100,4997.0
TOMATOES,281200,4996.5
TOMATOES,281300,4997.0
TOMATOES,281400,4995.75
TOMATOES,281500,4996.5
TOMATOES,281600,4996.5
TOMATOES,281700,4996.75
TOMATOES,281800,4994.5
TOMATOES,281900,4996.5
TOMATOES,282000,4996.5
TOMATOES,282100,4996.5
TOMATOES,282200,4996.0
TOMATOES,282300,4996.0
TOMATOES,282400,4996.75
TOMATOES,282500,4997.75
TOMATOES,282600,4995.75
TOMATOES,282700,4995.0
TOMATOES,282800,4995.75
TOMATOES,282900,4995.75
TOMATOES,283000,4995.5
TOMATOES,283100,4995.5
TOMATOES,283200,4995.5
TOMATOES,283300,4993.5
TOMATOES,283400,4995.75
TOMATOES,283500,4993.75
TOMATOES,283600,4995.5
TOMATOES,283700,4995.5
TOMATOES,283800,4995.5
TOMATOES,283900,4997.0
TOMATOES,284000,4995.25
TOMATOES,284100,4995.5
TOMATOES,284200,4995.75
TOMATOES,284300,4995.75
TOMATOES,284400,4993.75
TOMATOES,284500,4995.5
TOMATOES,284600,4994.5
TOMATOES,284700,4993.0
TOMATOES,284800,4994.75
TOMATOES,284900,4994.75
TOMATOES,285000,4995.0
TOMATOES,285100,4995.25
TOMATOES,285200,4995.5
TOMATOES,285300,4995.0
TOMATOES,285400,4994.5
TOMATOES,285500,4994.25
TOMATOES,285600,4994.25
TOMATOES,285700,4994.5
TOMATOES,285800,4996.25
TOMATOES,285900,4993.25
TOMATOES,286000,4993.25
TOMATOES,286100,4995.0
TOMATOES,286200,4995.5
TOMATOES,286300,4994.75
TOMATOES,286400,4994.5
TOMATOES,286500,4994.25
TOMATOES,286600,4994.0
TOMATOES,286700,4993.75
TOMATOES,286800,4993.75
TOMATOES,286900,4992.25
TOMATOES,287000,4994.25
TOMATOES,287100,4995.0
TOMATOES,287200,4993.75
TOMATOES,287300,4994.0
TOMATOES,287400,4993.75
TOMATOES,287500,4995.5
TOMATOES,287600,4994.0
TOMATOES,287700,4994.0
TOMATOES,287800,4994.0
TOMATOES,287900,4994.25
TOMATOES,288000,4994.25
TOMATOES,288100,4994.5
TOMATOES,288200,4994.5
TOMATOES,288300,4995.0
TOMATOES,288400,4995.25
TOMATOES,288500,4995.25
TOMATOES,288600,4995.0
TOMATOES,288700,4994.75
TOMATOES,288800,4994.75
TOMATOES,288900,4994.25
TOMATOES,289000,4994.5
TOMATOES,289100,4993.75
TOMATOES,289200,4993.5
TOMATOES,289300,4993.0
TOMATOES,289400,4992.75
TOMATOES,289500,4993.25
TOMATOES,289600,4993.5
TOMATOES,289700,4993.25
TOMATOES,289800,4994.25
TOMATOES,289900,4992.75
TOMATOES,290000,4994.75
TOMATOES,290100,4991.5
TOMATOES,290200,4993.75
TOMATOES,290300,4993.5
TOMATOES,290400,4993.25
TOMATOES,290500,4991.25
TOMATOES,290600,4993.5
TOMATOES,290700,4993.5
TOMATOES,290800,4992.0
TOMATOES,290900,4993.75
TOMATOES,291000,4994.0
TOMATOES,291100,4994.0
TOMATOES,291200,4993.5
TOMATOES,291300,4993.5
TOMATOES,291400,4993.75
TOMATOES,291500,4993.25
TOMATOES,291600,4993.5
TOMATOES,291700,4993.75
TOMATOES,291800,4993.25
TOMATOES,291900,4991.75
TOMATOES,292000,4993.5
TOMATOES,292100,4993.25
TOMATOES,292200,4994.5
TOMATOES,292300,4993.5
TOMATOES,292400,4993.5
TOMATOES,292500,4993.75
TOMATOES,292600,4994.0
TOMATOES,292700,4994.25
TOMATOES,292800,4994.25
TOMATOES,292900,4994.0
TOMATOES,293000,4994.75
TOMATOES,293100,4993.25
TOMATOES,293200,4993.5
TOMATOES,293300,4995.25
TOMATOES,293400,4993.75
TOMATOES,293500,4993.0
TOMATOES,293600,4994.5
TOMATOES,293700,4994.0
TOMATOES,293800,4994.25
TOMATOES,293900,4994.5
TOMATOES,294000,4994.75
TOMATOES,294100,4995.0
TOMATOES,294200,4993.0
TOMATOES,294300,4995.25
TOMATOES,294400,4995.5
TOMATOES,294500,4996.0
TOMATOES,294600,4996.75
TOMATOES,294700,4996.75
TOMATOES,294800,4996.0
TOMATOES,294900,4995.75
TOMATOES,295000,4995.75
TOMATOES,295100,4995.25
TOMATOES,295200,4992.75
TOMATOES,295300,4994.5
TOMATOES,295400,4992.75
TOMATOES,295500,4994.25
TOMATOES,295600,4995.0
TOMATOES,295700,4994.5
TOMATOES,295800,4994.5
TOMATOES,295900,4994.75
TOMATOES,296000,4995.75
TOMATOES,296100,4994.75
TOMATOES,296200,4995.75
TOMATOES,296300,4994.0
TOMATOES,296400,4994.25
TOMATOES,296500,4995.0
TOMATOES,296600,4995.25
TOMATOES,296700,4995.25
TOMATOES,296800,4995.0
TOMATOES,296900,4993.75
TOMATOES,297000,4995.25
TOMATOES,297100,4994.5
TOMATOES,297200,4994.25
TOMATOES,297300,4994.5
TOMATOES,297400,4993.75
TOMATOES,297500,4994.25
TOMATOES,297600,4994.25
TOMATOES,297700,4994.0
TOMATOES,297800,4993.75
TOMATOES,297900,4994.25
TOMATOES,298000,4994.25
TOMATOES,298100,4993.5
TOMATOES,298200,4994.0
TOMATOES,298300,4994.75
TOMATOES,298400,4994.5
TOMATOES,298500,4994.25
TOMATOES,298600,4994.75
TOMATOES,298700,4994.75
TOMATOES,298800,4994.75
TOMATOES,298900,4994.5
TOMATOES,299000,4994.75
TOMATOES,299100,4994.5
TOMATOES,299200,4994.25
TOMATOES,299300,4994.5
TOMATOES,299400,4994.5
TOMATOES,299500,4996.75
TOMATOES,299600,4994.75
TOMATOES,299700,4992.75
TOMATOES,299800,4995.75
TOMATOES,299900,4995.25
TOMATOES,300000,4995.25
TOMATOES,300100,4995.5
TOMATOES,300200,4995.0
TOMATOES,300300,4994.75
TOMATOES,300400,4996.0
TOMATOES,300500,4992.5
TOMATOES,300600,4995.5
TOMATOES,300700,4993.75
TOMATOES,300800,4994.5
TOMATOES,300900,4994.0
TOMATOES,301000,4994.0
TOMATOES,301100,4993.5
TOMATOES,301200,4993.5
TOMATOES,301300,4993.5
TOMATOES,301400,4994.0
TOMATOES,301500,4993.75
TOMATOES,301600,4992.75
TOMATOES,301700,4992.75
TOMATOES,301800,4992.25
TOMATOES,301900,4992.0
TOMATOES,302000,4992.25
TOMATOES,302100,4992.25
TOMATOES,302200,4992.5
TOMATOES,302300,4992.25
TOMATOES,302400,4992.25
TOMATOES,302500,4991.25
TOMATOES,302600,4992.5
TOMATOES,302700,4993.5
TOMATOES,302800,4993.75
TOMATOES,302900,4993.75
TOMATOES,303000,4993.75
TOMATOES,303100,4993.5
TOMATOES,303200,4993.0
TOMATOES,303300,4993.25
TOMATOES,303400,4992.75
TOMATOES,303500,4993.5
TOMATOES,303600,4991.75
TOMATOES,303700,4991.25
TOMATOES,303800,4991.5
TOMATOES,303900,4991.25
TOMATOES,304000,4991.75
TOMATOES,304100,4991.5
TOMATOES,304200,4991.25
TOMATOES,304300,4991.75
TOMATOES,304400,4992.75
TOMATOES,304500,4991.25
TOMATOES,304600,4991.75
TOMATOES,304700,4991.25
TOMATOES,304800,4992.0
TOMATOES,304900,4992.25
TOMATOES,305000,4992.25
TOMATOES,305100,4992.75
TOMATOES,305200,4992.75
TOMATOES,305300,4992.75
TOMATOES,305400,4993.0
TOMATOES,305500,4993.75
TOMATOES,305600,4993.25
TOMATOES,305700,4991.5
TOMATOES,305800,4991.25
TOMATOES,305900,4993.25
TOMATOES,306000,4993.5
TOMATOES,306100,4993.75
TOMATOES,306200,4991.5
TOMATOES,306300,4993.25
TOMATOES,306400,4992.25
TOMATOES,306500,4992.75
TOMATOES,306600,4992.75
TOMATOES,306700,4993.0
TOMATOES,306800,4993.5
TOMATOES,306900,4994.75
TOMATOES,307000,4993.5
TOMATOES,307100,4993.5
TOMATOES,307200,4993.25
TOMATOES,307300,4993.25
TOMATOES,307400,4993.25
TOMATOES,307500,4993.25
TOMATOES,307600,4993.5
TOMATOES,307700,4992.25
TOMATOES,307800,4992.0
TOMATOES,307900,4992.5
TOMATOES,308000,4992.25
TOMATOES,308100,4992.75
TOMATOES,308200,4992.5
TOMATOES,308300,4992.5
TOMATOES,308400,4993.0
TOMATOES,308500,4993.0
TOMATOES,308600,4992.5
TOMATOES,308700,4993.75
TOMATOES,308800,4992.5
TOMATOES,308900,4993.0
TOMATOES,309000,4993.5
TOMATOES,309100,4993.0
TOMATOES,309200,4992.75
TOMATOES,309300,4992.5
TOMATOES,309400,4992.5
TOMATOES,309500,4992.75
TOMATOES,309600,4992.5
TOMATOES,309700,4993.0
TOMATOES,309800,4993.25
TOMATOES,309900,4991.75
TOMATOES,310000,4993.75
TOMATOES,310100,4993.75
TOMATOES,310200,4994.5
TOMATOES,310300,4991.25
TOMATOES,310400,4993.25
TOMATOES,310500,4993.0
TOMATOES,310600,4992.75
TOMATOES,310700,4992.75
TOMATOES,310800,4992.75
TOMATOES,310900,4993.5
TOMATOES,311000,4993.0
TOMATOES,311100,4992.75
TOMATOES,311200,4992.5
TOMATOES,311300,4991.0
TOMATOES,311400,4992.5
TOMATOES,311500,4991.75
TOMATOES,311600,4990.5
TOMATOES,311700,4992.25
TOMATOES,311800,4992.25
TOMATOES,311900,4991.5
TOMATOES,312000,4991.5
TOMATOES,312100,4992.0
TOMATOES,312200,4992.5
TOMATOES,312300,4992.25
TOMATOES,312400,4992.75
TOMATOES,312500,4992.75
TOMATOES,312600,4992.75
TOMATOES,312700,4992.75
TOMATOES,312800,4993.0
TOMATOES,312900,4994.5
TOMATOES,313000,4993.0
TOMATOES,313100,4993.25
TOMATOES,313200,4993.0
TOMATOES,313300,4992.75
TOMATOES,313400,4992.5
TOMATOES,313500,4992.25
TOMATOES,313600,4992.0
TOMATOES,313700,4991.75
TOMATOES,313800,4991.5
TOMATOES,313900,4990.75
TOMATOES,314000,4991.5
TOMATOES,314100,4993.75
TOMATOES,314200,4991.75
TOMATOES,314300,4991.5
TOMATOES,314400,4991.75
TOMATOES,314500,4990.5
TOMATOES,314600,4992.0
TOMATOES,314700,4992.25
TOMATOES,314800,4992.0
TOMATOES,314900,4992.25
TOMATOES,315000,4992.0
TOMATOES,315100,4991.75
TOMATOES,315200,4991.25
TOMATOES,315300,4991.25
TOMATOES,315400,4991.25
TOMATOES,315500,4991.5
TOMATOES,315600,4991.5
TOMATOES,315700,4990.75
TOMATOES,315800,4992.25
TOMATOES,315900,4991.0
TOMATOES,316000,4991.25
TOMATOES,316100,4991.75
TOMATOES,316200,4992.0
TOMATOES,316300,4992.0
TOMATOES,316400,4989.5
TOMATOES,316500,4992.25
TOMATOES,316600,4994.0
TOMATOES,316700,4992.25
TOMATOES,316800,4992.75
TOMATOES,316900,4992.5
TOMATOES,317000,4992.25
TOMATOES,317100,4992.25
TOMATOES,317200,4992.5
TOMATOES,317300,4992.0
TOMATOES,317400,4992.25
TOMATOES,317500,4992.5
TOMATOES,317600,4992.25
TOMATOES,317700,4993.5
TOMATOES,317800,4992.75
TOMATOES,317900,4993.0
TOMATOES,318000,4993.25
TOMATOES,318100,4991.5
TOMATOES,318200,4993.5
TOMATOES,318300,4992.75
TOMATOES,318400,4993.5
TOMATOES,318500,4993.25
TOMATOES,318600,4993.5
TOMATOES,318700,4993.5
TOMATOES,318800,4993.5
TOMATOES,318900,4994.5
TOMATOES,319000,4994.5
TOMATOES,319100,4995.75
TOMATOES,319200,4995.0
TOMATOES,319300,4994.5
TOMATOES,319400,4994.75
TOMATOES,319500,4995.0
TOMATOES,319600,4994.25
TOMATOES,319700,4996.0
TOMATOES,319800,4994.25
TOMATOES,319900,4996.0
TOMATOES,320000,4996.0
TOMATOES,320100,4995.75
TOMATOES,320200,4996.0
TOMATOES,320300,4995.75
TOMATOES,320400,4996.0
TOMATOES,320500,4996.25
TOMATOES,320600,4996.25
TOMATOES,320700,4998.0
TOMATOES,320800,4997.0
TOMATOES,320900,4995.75
TOMATOES,321000,4995.5
TOMATOES,321100,4993.75
TOMATOES,321200,4995.0
TOMATOES,321300,4995.5
TOMATOES,321400,4993.0
TOMATOES,321500,4992.75
TOMATOES,321600,4994.75
TOMATOES,321700,4995.0
TOMATOES,321800,4995.25
TOMATOES,321900,4995.75
TOMATOES,322000,4995.25
TOMATOES,322100,4995.5
TOMATOES,322200,4995.25
TOMATOES,322300,4995.5
TOMATOES,322400,4995.25
TOMATOES,322500,4994.75
TOMATOES,322600,4997.0
TOMATOES,322700,4994.5
TOMATOES,322800,4994.25
TOMATOES,322900,4994.0
TOMATOES,323000,4994.5
TOMATOES,323100,4995.5
TOMATOES,323200,4994.5
TOMATOES,323300,4994.25
TOMATOES,323400,4994.5
TOMATOES,323500,4994.75
TOMATOES,323600,4995.25
TOMATOES,323700,4993.5
TOMATOES,323800,4995.5
TOMATOES,323900,4994.25
TOMATOES,324000,4996.0
TOMATOES,324100,4996.25
TOMATOES,324200,4996.25
TOMATOES,324300,4997.75
TOMATOES,324400,4996.75
TOMATOES,324500,4996.5
TOMATOES,324600,4996.0
TOMATOES,324700,4995.75
TOMATOES,324800,4995.75
TOMATOES,324900,4996.0
TOMATOES,325000,4996.25
TOMATOES,325100,4995.75
TOMATOES,325200,4995.75
TOMATOES,325300,4995.5
TOMATOES,325400,4996.0
TOMATOES,325500,4996.0
TOMATOES,325600,4996.25
TOMATOES,325700,4996.0
TOMATOES,325800,4996.0
TOMATOES,325900,4995.75
TOMATOES,326000,4995.75
TOMATOES,326100,4993.5
TOMATOES,326200,4995.75
TOMATOES,326300,4996.0
TOMATOES,326400,4996.25
TOMATOES,326500,4994.5
TOMATOES,326600,4996.75
TOMATOES,326700,4996.25
TOMATOES,326800,4995.5
TOMATOES,326900,4995.75
TOMATOES,327000,4994.75
TOMATOES,327100,4996.75
TOMATOES,327200,4996.5
TOMATOES,327300,4996.75
TOMATOES,327400,4997.0
TOMATOES,327500,4997.25
TOMATOES,327600,4997.75
TOMATOES,327700,4998.0
TOMATOES,327800,4998.0
TOMATOES,327900,4998.25
TOMATOES,328000,4998.0
TOMATOES,328100,5000.25
TOMATOES,328200,4999.5
TOMATOES,328300,4999.25
TOMATOES,328400,4999.5
TOMATOES,328500,4999.5
TOMATOES,328600,4999.25
TOMATOES,328700,4999.5
TOMATOES,328800,4999.5
TOMATOES,328900,4999.0
TOMATOES,329000,4998.75
TOMATOES,329100,4999.25
TOMATOES,329200,4999.5
TOMATOES,329300,5000.0
TOMATOES,329400,5000.0
TOMATOES,329500,5000.0
TOMATOES,329600,4999.75
TOMATOES,329700,5000.0
TOMATOES,329800,4999.5
TOMATOES,329900,4999.75
TOMATOES,330000,4999.75
TOMATOES,330100,5000.5
TOMATOES,330200,5001.0
TOMATOES,330300,5000.75
TOMATOES,330400,5000.25
TOMATOES,330500,5000.25
TOMATOES,330600,5000.75
TOMATOES,330700,5001.0
TOMATOES,330800,5000.5
TOMATOES,330900,5000.25
TOMATOES,331000,5000.5
TOMATOES,331100,5000.25
TOMATOES,331200,4999.75
TOMATOES,331300,5000.5
TOMATOES,331400,5000.75
TOMATOES,331500,5000.0
TOMATOES,331600,4999.5
TOMATOES,331700,4999.5
TOMATOES,331800,5001.0
TOMATOES,331900,4999.25
TOMATOES,332000,4999.25
TOMATOES,332100,5000.5
TOMATOES,332200,4999.25
TOMATOES,332300,4999.0
TOMATOES,332400,4998.75
TOMATOES,332500,4997.5
TOMATOES,332600,4999.75
TOMATOES,332700,4999.5
TOMATOES,332800,4999.5
TOMATOES,332900,4999.5
TOMATOES,333000,4999.0
TOMATOES,333100,5001.0
TOMATOES,333200,5001.25
TOMATOES,333300,5001.0
TOMATOES,333400,5001.25
TOMATOES,333500,5001.5
TOMATOES,333600,5000.25
TOMATOES,333700,5002.0
TOMATOES,333800,5001.25
TOMATOES,333900,5001.5
TOMATOES,334000,4999.0
TOMATOES,334100,5001.25
TOMATOES,334200,5002.75
TOMATOES,334300,5001.25
TOMATOES,334400,5000.5
TOMATOES,334500,5001.25
TOMATOES,334600,5000.75
TOMATOES,334700,5000.5
TOMATOES,334800,5000.75
TOMATOES,334900,5001.25
TOMATOES,335000,5001.25
TOMATOES,335100,5001.5
TOMATOES,335200,5001.0
TOMATOES,335300,5001.5
TOMATOES,335400,5001.25
TOMATOES,335500,5000.75
TOMATOES,335600,4999.5
TOMATOES,335700,5001.75
TOMATOES,335800,5004.25
TOMATOES,335900,5001.75
TOMATOES,336000,5000.25
TOMATOES,336100,5002.25
TOMATOES,336200,5002.0
TOMATOES,336300,5003.75
TOMATOES,336400,5003.25
TOMATOES,336500,5001.5
TOMATOES,336600,5001.75
TOMATOES,336700,5001.75
TOMATOES,336800,5002.25
TOMATOES,336900,5000.75
TOMATOES,337000,5004.75
TOMATOES,337100,5003.0
TOMATOES,337200,5003.0
TOMATOES,337300,5003.75
TOMATOES,337400,5002.25
TOMATOES,337500,5002.0
TOMATOES,337600,4999.25
TOMATOES,337700,5002.25
TOMATOES,337800,5000.25
TOMATOES,337900,5000.5
TOMATOES,338000,5000.5
TOMATOES,338100,5000.25
TOMATOES,338200,4998.75
TOMATOES,338300,5000.75
TOMATOES,338400,5000.5
TOMATOES,338500,5000.25
TOMATOES,338600,5000.25
TOMATOES,338700,5000.25
TOMATOES,338800,5000.75
TOMATOES,338900,5001.25
TOMATOES,339000,4999.0
TOMATOES,339100,5000.5
TOMATOES,339200,5000.25
TOMATOES,339300,5000.75
TOMATOES,339400,5001.0
TOMATOES,339500,5001.25
TOMATOES,339600,5001.25
TOMATOES,339700,5000.75
TOMATOES,339800,5002.75
TOMATOES,339900,4999.5
TOMATOES,340000,5001.0
TOMATOES,340100,5001.25
TOMATOES,340200,5001.75
TOMATOES,340300,5002.25
TOMATOES,340400,5002.5
TOMATOES,340500,5002.0
TOMATOES,340600,5002.75
TOMATOES,340700,5002.75
TOMATOES,340800,5003.0
TOMATOES,340900,5003.0
TOMATOES,341000,5002.25
TOMATOES,341100,5003.75
TOMATOES,341200,5002.25
TOMATOES,341300,5002.25
TOMATOES,341400,5002.5
TOMATOES,341500,5002.75
TOMATOES,341600,5002.5
TOMATOES,341700,5002.0
TOMATOES,341800,5002.0
TOMATOES,341900,5001.5
TOMATOES,342000,5001.0
TOMATOES,342100,5001.0
TOMATOES,342200,5001.0
TOMATOES,342300,5001.0
TOMATOES,342400,5000.75
TOMATOES,342500,5001.25
TOMATOES,342600,5001.5
TOMATOES,342700,5003.25
TOMATOES,342800,5002.0
TOMATOES,342900,5001.5
TOMATOES,343000,5002.5
TOMATOES,343100,5002.25
TOMATOES,343200,5002.25
TOMATOES,343300,5002.25
TOMATOES,343400,5002.25
TOMATOES,343500,5003.0
TOMATOES,343600,5001.25
TOMATOES,343700,5003.0
TOMATOES,343800,5001.5
TOMATOES,343900,5001.25
TOMATOES,344000,5001.5
TOMATOES,344100,5001.25
TOMATOES,344200,5001.25
TOMATOES,344300,5001.5
TOMATOES,344400,5001.25
TOMATOES,344500,5001.25
TOMATOES,344600,5000.25
TOMATOES,344700,5000.5
TOMATOES,344800,5000.75
TOMATOES,344900,5001.25
TOMATOES,345000,5001.5
TOMATOES,345100,5001.5
TOMATOES,345200,5003.25
TOMATOES,345300,5002.25
TOMATOES,345400,5003.5
TOMATOES,345500,5001.75
TOMATOES,345600,5002.25
TOMATOES,345700,5002.0
TOMATOES,345800,5000.25
TOMATOES,345900,5001.75
TOMATOES,346000,5002.0
TOMATOES,346100,5002.25
TOMATOES,346200,5002.5
TOMATOES,346300,5002.75
TOMATOES,346400,5002.0
TOMATOES,346500,5002.5
TOMATOES,346600,5002.75
TOMATOES,346700,5003.0
TOMATOES,346800,5003.5
TOMATOES,346900,5003.75
TOMATOES,347000,5003.25
TOMATOES,347100,5003.5
TOMATOES,347200,5003.25
TOMATOES,347300,5004.0
TOMATOES,347400,5003.75
TOMATOES,347500,5004.0
TOMATOES,347600,5004.0
TOMATOES,347700,5003.75
TOMATOES,347800,5003.5
TOMATOES,347900,5003.25
TOMATOES,348000,5004.25
TOMATOES,348100,5002.5
TOMATOES,348200,5002.75
TOMATOES,348300,5002.5
TOMATOES,348400,5002.5
TOMATOES,348500,5001.75
TOMATOES,348600,5003.0
TOMATOES,348700,5001.5
TOMATOES,348800,5003.0
TOMATOES,348900,5003.0
TOMATOES,349000,5003.25
TOMATOES,349100,5003.5
TOMATOES,349200,5003.25
TOMATOES,349300,5005.0
TOMATOES,349400,5004.25
TOMATOES,349500,5003.25
TOMATOES,349600,5003.75
TOMATOES,349700,5004.25
TOMATOES,349800,5003.75
TOMATOES,349900,5003.75
TOMATOES,350000,5003.0
TOMATOES,350100,5003.75
TOMATOES,350200,5004.25
TOMATOES,350300,5004.5
TOMATOES,350400,5004.5
TOMATOES,350500,5004.0
TOMATOES,350600,5004.0
TOMATOES,350700,5003.75
TOMATOES,350800,5004.0
TOMATOES,350900,5004.25
TOMATOES,351000,5003.75
TOMATOES,351100,5003.75
TOMATOES,351200,5003.25
TOMATOES,351300,5004.0
TOMATOES,351400,5003.75
TOMATOES,351500,5003.5
TOMATOES,351600,5003.5
TOMATOES,351700,5003.25
TOMATOES,351800,5003.5
TOMATOES,351900,5003.5
TOMATOES,352000,5003.5
TOMATOES,352100,5004.0
TOMATOES,352200,5004.5
TOMATOES,352300,5004.5
TOMATOES,352400,5004.75
TOMATOES,352500,5005.25
TOMATOES,352600,5005.5
TOMATOES,352700,5005.5
TOMATOES,352800,5003.5
TOMATOES,352900,5005.25
TOMATOES,353000,5005.5
TOMATOES,353100,5005.25
TOMATOES,353200,5005.25
TOMATOES,353300,5006.25
TOMATOES,353400,5006.75
TOMATOES,353500,5005.0
TOMATOES,353600,5005.25
TOMATOES,353700,5006.5
TOMATOES,353800,5006.75
TOMATOES,353900,5004.5
TOMATOES,354000,5006.25
TOMATOES,354100,5006.25
TOMATOES,354200,5004.75
TOMATOES,354300,5006.0
TOMATOES,354400,5006.25
TOMATOES,354500,5005.75
TOMATOES,354600,5005.5
TOMATOES,354700,5006.0
TOMATOES,354800,5006.25
TOMATOES,354900,5005.5
TOMATOES,355000,5005.5
TOMATOES,355100,5005.5
TOMATOES,355200,5006.0
TOMATOES,355300,5006.5
TOMATOES,355400,5006.75
TOMATOES,355500,5006.5
TOMATOES,355600,5006.25
TOMATOES,355700,5008.5
TOMATOES,355800,5006.75
TOMATOES,355900,5008.75
TOMATOES,356000,5007.25
TOMATOES,356100,5007.5
TOMATOES,356200,5007.75
TOMATOES,356300,5007.75
TOMATOES,356400,5007.75
TOMATOES,356500,5008.0
TOMATOES,356600,5007.75
TOMATOES,356700,5007.75
TOMATOES,356800,5008.25
TOMATOES,356900,5007.75
TOMATOES,357000,5007.25
TOMATOES,357100,5008.5
TOMATOES,357200,5007.75
TOMATOES,357300,5005.75
TOMATOES,357400,5008.25
TOMATOES,357500,5008.25
TOMATOES,357600,5008.25
TOMATOES,357700,5008.25
TOMATOES,357800,5008.0
TOMATOES,357900,5008.25
TOMATOES,358000,5008.0
TOMATOES,358100,5007.5
TOMATOES,358200,5007.5
TOMATOES,358300,5007.25
TOMATOES,358400,5009.25
TOMATOES,358500,5007.75
TOMATOES,358600,5008.0
TOMATOES,358700,5008.0
TOMATOES,358800,5007.25
TOMATOES,358900,5008.25
TOMATOES,359000,5006.75
TOMATOES,359100,5009.0
TOMATOES,359200,5007.25
TOMATOES,359300,5006.5
TOMATOES,359400,5008.0
TOMATOES,359500,5008.0
TOMATOES,359600,5007.75
TOMATOES,359700,5009.25
TOMATOES,359800,5007.5
TOMATOES,359900,5006.0
TOMATOES,360000,5007.5
TOMATOES,360100,5007.25
TOMATOES,360200,5006.75
TOMATOES,360300,5007.25
TOMATOES,360400,5007.5
TOMATOES,360500,5007.5
TOMATOES,360600,5007.75
TOMATOES,360700,5008.25
TOMATOES,360800,5008.25
TOMATOES,360900,5008.5
TOMATOES,361000,5006.5
TOMATOES,361100,5006.5
TOMATOES,361200,5007.75
TOMATOES,361300,5007.25
TOMATOES,361400,5007.5
TOMATOES,361500,5007.0
TOMATOES,361600,5006.75
TOMATOES,361700,5007.0
TOMATOES,361800,5007.5
TOMATOES,361900,5007.0
TOMATOES,362000,5007.0
TOMATOES,362100,5007.5
TOMATOES,362200,5007.5
TOMATOES,362300,5008.75
TOMATOES,362400,5008.5
TOMATOES,362500,5007.25
TOMATOES,362600,5007.25
TOMATOES,362700,5007.0
TOMATOES,362800,5007.25
TOMATOES,362900,5007.75
TOMATOES,363000,5007.25
TOMATOES,363100,5006.75
TOMATOES,363200,5006.75
TOMATOES,363300,5006.0
TOMATOES,363400,5005.5
TOMATOES,363500,5005.75
TOMATOES,363600,5006.0
TOMATOES,363700,5005.75
TOMATOES,363800,5005.5
TOMATOES,363900,5005.75
TOMATOES,364000,5005.75
TOMATOES,364100,5003.75
TOMATOES,364200,5005.75
TOMATOES,364300,5006.0
TOMATOES,364400,5005.5
TOMATOES,364500,5006.25
TOMATOES,364600,5005.75
TOMATOES,364700,5006.25
TOMATOES,364800,5006.5
TOMATOES,364900,5006.5
TOMATOES,365000,5006.0
TOMATOES,365100,5005.5
TOMATOES,365200,5007.75
TOMATOES,365300,5007.5
TOMATOES,365400,5006.5
TOMATOES,365500,5006.75
TOMATOES,365600,5006.75
TOMATOES,365700,5007.0
TOMATOES,365800,5007.0
TOMATOES,365900,5007.5
TOMATOES,366000,5007.0
TOMATOES,366100,5008.5
TOMATOES,366200,5007.75
TOMATOES,366300,5009.25
TOMATOES,366400,5007.75
TOMATOES,366500,5009.25
TOMATOES,366600,5008.25
TOMATOES,366700,5008.5
TOMATOES,366800,5008.5
TOMATOES,366900,5008.75
TOMATOES,367000,5008.5
TOMATOES,367100,5008.5
TOMATOES,367200,5008.5
TOMATOES,367300,5008.75
TOMATOES,367400,5008.5
TOMATOES,367500,5008.75
TOMATOES,367600,5008.25
TOMATOES,367700,5008.0
TOMATOES,367800,5007.75
TOMATOES,367900,5007.5
TOMATOES,368000,5007.5
TOMATOES,368100,5007.25
TOMATOES,368200,5007.5
TOMATOES,368300,5008.0
TOMATOES,368400,5006.5
TOMATOES,368500,5006.0
TOMATOES,368600,5006.0
TOMATOES,368700,5004.25
TOMATOES,368800,5005.25
TOMATOES,368900,5005.0
TOMATOES,369000,5004.75
TOMATOES,369100,5005.0
TOMATOES,369200,5003.0
TOMATOES,369300,5005.5
TOMATOES,369400,5005.0
TOMATOES,369500,5004.5
TOMATOES,369600,5004.5
TOMATOES,369700,5004.5
TOMATOES,369800,5004.5
TOMATOES,369900,5006.25
TOMATOES,370000,5004.75
TOMATOES,370100,5004.25
TOMATOES,370200,5004.25
TOMATOES,370300,5004.5
TOMATOES,370400,5004.0
TOMATOES,370500,5004.75
TOMATOES,370600,5004.5
TOMATOES,370700,5004.75
TOMATOES,370800,5004.75
TOMATOES,370900,5004.75
TOMATOES,371000,5005.0
TOMATOES,371100,5004.75
TOMATOES,371200,5004.75
TOMATOES,371300,5004.5
TOMATOES,371400,5004.75
TOMATOES,371500,5005.0
TOMATOES,371600,5006.0
TOMATOES,371700,5004.5
TOMATOES,371800,5003.75
TOMATOES,371900,5003.75
TOMATOES,372000,5004.0
TOMATOES,372100,5003.5
TOMATOES,372200,5003.5
TOMATOES,372300,5001.25
TOMATOES,372400,5004.0
TOMATOES,372500,5003.5
TOMATOES,372600,5003.25
TOMATOES,372700,5002.75
TOMATOES,372800,5003.25
TOMATOES,372900,5003.0
TOMATOES,373000,5002.75
TOMATOES,373100,5002.0
TOMATOES,373200,5001.75
TOMATOES,373300,5001.5
TOMATOES,373400,5002.5
TOMATOES,373500,5002.75
TOMATOES,373600,5002.75
TOMATOES,373700,5003.0
TOMATOES,373800,5001.25
TOMATOES,373900,5002.75
TOMATOES,374000,5003.0
TOMATOES,374100,5003.5
TOMATOES,374200,5003.75
TOMATOES,374300,5003.5
TOMATOES,374400,5004.75
TOMATOES,374500,5003.25
TOMATOES,374600,5003.25
TOMATOES,374700,5003.25
TOMATOES,374800,5003.0
TOMATOES,374900,5002.5
TOMATOES,375000,5003.5
TOMATOES,375100,5003.75
TOMATOES,375200,5004.25
TOMATOES,375300,5004.0
TOMATOES,375400,5002.0
TOMATOES,375500,5004.5
TOMATOES,375600,5003.0
TOMATOES,375700,5004.25
TOMATOES,375800,5002.5
TOMATOES,375900,5003.5
TOMATOES,376000,5003.5
TOMATOES,376100,5004.0
TOMATOES,376200,5004.25
TOMATOES,376300,5003.75
TOMATOES,376400,5004.25
TOMATOES,376500,5004.25
TOMATOES,376600,5004.75
TOMATOES,376700,5004.75
TOMATOES,376800,5004.5
TOMATOES,376900,5004.75
TOMATOES,377000,5004.75
TOMATOES,377100,5004.5
TOMATOES,377200,5004.25
TOMATOES,377300,5005.75
TOMATOES,377400,5004.75
TOMATOES,377500,5004.25
TOMATOES,377600,5004.25
TOMATOES,377700,5004.0
TOMATOES,377800,5004.0
TOMATOES,377900,5004.0
TOMATOES,378000,5003.75
TOMATOES,378100,5004.25
TOMATOES,378200,5006.0
TOMATOES,378300,5004.5
TOMATOES,378400,5003.0
TOMATOES,378500,5004.5
TOMATOES,378600,5005.0
TOMATOES,378700,5005.25
TOMATOES,378800,5005.5
TOMATOES,378900,5004.0
TOMATOES,379000,5006.25
TOMATOES,379100,5005.25
TOMATOES,379200,5005.5
TOMATOES,379300,5004.5
TOMATOES,379400,5002.75
TOMATOES,379500,5003.75
TOMATOES,379600,5003.75
TOMATOES,379700,5003.25
TOMATOES,379800,5003.75
TOMATOES,379900,5002.75
TOMATOES,380000,5004.5
TOMATOES,380100,5004.25
TOMATOES,380200,5005.0
TOMATOES,380300,5004.25
TOMATOES,380400,5003.75
TOMATOES,380500,5002.0
TOMATOES,380600,5004.5
TOMATOES,380700,5004.5
TOMATOES,380800,5004.25
TOMATOES,380900,5004.25
TOMATOES,381000,5004.0
TOMATOES,381100,5004.5
TOMATOES,381200,5004.75
TOMATOES,381300,5005.0
TOMATOES,381400,5004.75
TOMATOES,381500,5004.75
TOMATOES,381600,5004.75
TOMATOES,381700,5004.0
TOMATOES,381800,5004.75
TOMATOES,381900,5005.0
TOMATOES,382000,5004.75
TOMATOES,382100,5004.75
TOMATOES,382200,5004.75
TOMATOES,382300,5004.75
TOMATOES,382400,5005.25
TOMATOES,382500,5005.75
TOMATOES,382600,5005.75
TOMATOES,382700,5007.0
TOMATOES,382800,5006.75
TOMATOES,382900,5005.5
TOMATOES,383000,5005.0
TOMATOES,383100,5005.25
TOMATOES,383200,5005.0
TOMATOES,383300,5005.25
TOMATOES,383400,5006.75
TOMATOES,383500,5005.0
TOMATOES,383600,5005.5
TOMATOES,383700,5005.5
TOMATOES,383800,5005.5
TOMATOES,383900,5005.75
TOMATOES,384000,5006.0
TOMATOES,384100,5006.0
TOMATOES,384200,5006.0
TOMATOES,384300,5006.25
TOMATOES,384400,5006.0
TOMATOES,384500,5005.75
TOMATOES,384600,5006.0
TOMATOES,384700,5005.5
TOMATOES,384800,5005.75
TOMATOES,384900,5005.25
TOMATOES,385000,5005.0
TOMATOES,385100,5005.75
TOMATOES,385200,5006.25
TOMATOES,385300,5005.5
TOMATOES,385400,5005.0
TOMATOES,385500,5005.25
TOMATOES,385600,5004.75
TOMATOES,385700,5005.25
TOMATOES,385800,5006.0
TOMATOES,385900,5006.75
TOMATOES,386000,5006.75
TOMATOES,386100,5008.5
TOMATOES,386200,5007.25
TOMATOES,386300,5007.0
TOMATOES,386400,5006.75
TOMATOES,386500,5006.75
TOMATOES,386600,5006.75
TOMATOES,386700,5006.0
TOMATOES,386800,5006.0
TOMATOES,386900,5005.75
TOMATOES,387000,5007.25
TOMATOES,387100,5005.5
TOMATOES,387200,5005.25
TOMATOES,387300,5006.25
TOMATOES,387400,5006.25
TOMATOES,387500,5006.75
TOMATOES,387600,5006.25
TOMATOES,387700,5006.75
TOMATOES,387800,5007.0
TOMATOES,387900,5007.25
TOMATOES,388000,5007.25
TOMATOES,388100,5007.0
TOMATOES,388200,5008.0
TOMATOES,388300,5006.25
TOMATOES,388400,5005.75
TOMATOES,388500,5005.25
TOMATOES,388600,5005.5
TOMATOES,388700,5003.5
TOMATOES,388800,5005.5
TOMATOES,388900,5003.75
TOMATOES,389000,5005.75
TOMATOES,389100,5006.0
TOMATOES,389200,5006.25
TOMATOES,389300,5006.5
TOMATOES,389400,5005.5
TOMATOES,389500,5005.5
TOMATOES,389600,5006.25
TOMATOES,389700,5005.25
TOMATOES,389800,5006.25
TOMATOES,389900,5002.0
TOMATOES,390000,5005.75
TOMATOES,390100,5006.25
TOMATOES,390200,5005.25
TOMATOES,390300,5005.0
TOMATOES,390400,5004.75
TOMATOES,390500,5004.25
TOMATOES,390600,5004.0
TOMATOES,390700,5003.75
TOMATOES,390800,5003.5
TOMATOES,390900,5004.25
TOMATOES,391000,5004.5
TOMATOES,391100,5004.25
TOMATOES,391200,5004.5
TOMATOES,391300,5002.5
TOMATOES,391400,5004.25
TOMATOES,391500,5004.75
TOMATOES,391600,5004.5
TOMATOES,391700,5004.0
TOMATOES,391800,5003.75
TOMATOES,391900,5003.0
TOMATOES,392000,5003.0
TOMATOES,392100,5002.5
TOMATOES,392200,5002.5
TOMATOES,392300,5004.0
TOMATOES,392400,5003.0
TOMATOES,392500,5003.0
TOMATOES,392600,5003.0
TOMATOES,392700,5003.0
TOMATOES,392800,5003.5
TOMATOES,392900,5002.0
TOMATOES,393000,5003.25
TOMATOES,393100,5002.5
TOMATOES,393200,5002.75
TOMATOES,393300,5003.25
TOMATOES,393400,5002.5
TOMATOES,393500,5004.25
TOMATOES,393600,5002.5
TOMATOES,393700,5003.25
TOMATOES,393800,5002.5
TOMATOES,393900,5002.75
TOMATOES,394000,5002.25
TOMATOES,394100,5002.5
TOMATOES,394200,5002.75
TOMATOES,394300,5002.25
TOMATOES,394400,5001.75
TOMATOES,394500,5002.25
TOMATOES,394600,5002.0
TOMATOES,394700,5002.0
TOMATOES,394800,5002.25
TOMATOES,394900,5001.75
TOMATOES,395000,5001.75
TOMATOES,395100,5002.25
TOMATOES,395200,5002.25
TOMATOES,395300,5001.5
TOMATOES,395400,5001.75
TOMATOES,395500,5002.0
TOMATOES,395600,5002.0
TOMATOES,395700,5002.75
TOMATOES,395800,5002.75
TOMATOES,395900,5000.75
TOMATOES,396000,5001.0
TOMATOES,396100,5001.25
TOMATOES,396200,5000.25
TOMATOES,396300,4999.75
TOMATOES,396400,4999.5
TOMATOES,396500,4999.75
TOMATOES,396600,4999.75
TOMATOES,396700,4999.75
TOMATOES,396800,5000.5
TOMATOES,396900,5001.0
TOMATOES,397000,5001.0
TOMATOES,397100,5001.0
TOMATOES,397200,5000.25
TOMATOES,397300,5002.25
TOMATOES,397400,5001.25
TOMATOES,397500,5001.0
TOMATOES,397600,4998.25
TOMATOES,397700,5000.0
TOMATOES,397800,5000.25
TOMATOES,397900,5000.25
TOMATOES,398000,5000.25
TOMATOES,398100,5004.0
TOMATOES,398200,5002.25
TOMATOES,398300,4999.75
TOMATOES,398400,5000.5
TOMATOES,398500,5000.0
TOMATOES,398600,5000.0
TOMATOES,398700,5001.75
TOMATOES,398800,4999.5
TOMATOES,398900,4999.75
TOMATOES,399000,4997.25
TOMATOES,399100,4997.25
TOMATOES,399200,4998.5
TOMATOES,399300,4998.5
TOMATOES,399400,4998.5
TOMATOES,399500,4999.0
TOMATOES,399600,4999.5
TOMATOES,399700,4999.5
TOMATOES,399800,4999.5
TOMATOES,399900,4999.0
TOMATOES,400000,4998.75
TOMATOES,400100,4998.75
TOMATOES,400200,4997.0
TOMATOES,400300,4999.25
TOMATOES,400400,4998.75
TOMATOES,400500,4998.75
TOMATOES,400600,4998.25
TOMATOES,400700,4998.0
TOMATOES,400800,4998.75
TOMATOES,400900,4998.5
TOMATOES,401000,4998.75
TOMATOES,401100,4998.5
TOMATOES,401200,4998.5
TOMATOES,401300,4998.25
TOMATOES,401400,4998.25
TOMATOES,401500,4998.5
TOMATOES,401600,4999.25
TOMATOES,401700,4997.5
TOMATOES,401800,4997.25
TOMATOES,401900,4997.0
TOMATOES,402000,4997.0
TOMATOES,402100,4997.75
TOMATOES,402200,4995.75
TOMATOES,402300,4998.25
TOMATOES,402400,4998.5
TOMATOES,402500,4999.5
TOMATOES,402600,4998.25
TOMATOES,402700,4998.5
TOMATOES,402800,4998.5
TOMATOES,402900,4999.0
TOMATOES,403000,4999.25
TOMATOES,403100,5000.25
TOMATOES,403200,5000.5
TOMATOES,403300,4996.25
TOMATOES,403400,5000.0
TOMATOES,403500,5000.25
TOMATOES,403600,5000.0
TOMATOES,403700,5000.5
TOMATOES,403800,5000.25
TOMATOES,403900,4998.5
TOMATOES,404000,5000.0
TOMATOES,404100,4999.75
TOMATOES,404200,4999.5
TOMATOES,404300,4999.75
TOMATOES,404400,4999.0
TOMATOES,404500,4999.25
TOMATOES,404600,4999.25
TOMATOES,404700,4999.25
TOMATOES,404800,4999.5
TOMATOES,404900,4999.25
TOMATOES,405000,4999.25
TOMATOES,405100,4999.25
TOMATOES,405200,4996.5
TOMATOES,405300,4998.25
TOMATOES,405400,4996.75
TOMATOES,405500,4999.75
TOMATOES,405600,4998.75
TOMATOES,405700,4998.75
TOMATOES,405800,4998.75
TOMATOES,405900,4998.75
TOMATOES,406000,4999.0
TOMATOES,406100,4998.75
TOMATOES,406200,4999.0
TOMATOES,406300,5000.25
TOMATOES,406400,4999.25
TOMATOES,406500,4999.25
TOMATOES,406600,4999.0
TOMATOES,406700,4998.75
TOMATOES,406800,4998.5
TOMATOES,406900,4998.75
TOMATOES,407000,4998.75
TOMATOES,407100,4998.5
TOMATOES,407200,4999.0
TOMATOES,407300,4999.75
TOMATOES,407400,5000.0
TOMATOES,407500,5000.0
TOMATOES,407600,5002.0
TOMATOES,407700,5001.25
TOMATOES,407800,5000.0
TOMATOES,407900,5000.0
TOMATOES,408000,5000.0
TOMATOES,408100,4999.5
TOMATOES,408200,4999.5
TOMATOES,408300,4999.5
TOMATOES,408400,4998.75
TOMATOES,408500,4998.5
TOMATOES,408600,4998.75
TOMATOES,408700,4998.75
TOMATOES,408800,4998.5
TOMATOES,408900,4999.25
TOMATOES,409000,4998.25
TOMATOES,409100,5000.0
TOMATOES,409200,4999.0
TOMATOES,409300,4997.5
TOMATOES,409400,4998.75
TOMATOES,409500,4999.5
TOMATOES,409600,4999.5
TOMATOES,409700,4999.5
TOMATOES,409800,4997.0
TOMATOES,409900,4998.25
TOMATOES,410000,5000.25
TOMATOES,410100,4996.75
TOMATOES,410200,4999.0
TOMATOES,410300,4999.0
TOMATOES,410400,4999.0
TOMATOES,410500,4997.0
TOMATOES,410600,4998.5
TOMATOES,410700,4998.75
TOMATOES,410800,4997.5
TOMATOES,410900,4998.5
TOMATOES,411000,4998.0
TOMATOES,411100,4997.75
TOMATOES,411200,4997.75
TOMATOES,411300,4999.0
TOMATOES,411400,4998.0
TOMATOES,411500,4999.75
TOMATOES,411600,4997.75
TOMATOES,411700,4997.75
TOMATOES,411800,4997.75
TOMATOES,411900,4999.0
TOMATOES,412000,4997.25
TOMATOES,412100,4995.0
TOMATOES,412200,4996.75
TOMATOES,412300,4997.25
TOMATOES,412400,4997.25
TOMATOES,412500,4995.5
TOMATOES,412600,4999.0
TOMATOES,412700,4997.25
TOMATOES,412800,4997.5
TOMATOES,412900,4996.5
TOMATOES,413000,4998.0
TOMATOES,413100,4997.5
TOMATOES,413200,4997.75
TOMATOES,413300,4998.75
TOMATOES,413400,4999.0
TOMATOES,413500,4999.0
TOMATOES,413600,4998.75
TOMATOES,413700,4999.0
TOMATOES,413800,4998.5
TOMATOES,413900,4998.5
TOMATOES,414000,4998.5
TOMATOES,414100,4998.25
TOMATOES,414200,4998.25
TOMATOES,414300,4997.25
TOMATOES,414400,4998.25
TOMATOES,414500,4997.0
TOMATOES,414600,4996.75
TOMATOES,414700,4996.0
TOMATOES,414800,4996.25
TOMATOES,414900,4997.0
TOMATOES,415000,4996.5
TOMATOES,415100,4996.5
TOMATOES,415200,4999.0
TOMATOES,415300,4997.25
TOMATOES,415400,4997.25
TOMATOES,415500,4995.5
TOMATOES,415600,4998.75
TOMATOES,415700,4997.0
TOMATOES,415800,4996.5
TOMATOES,415900,4996.25
TOMATOES,416000,4995.5
TOMATOES,416100,4996.0
TOMATOES,416200,4995.75
TOMATOES,416300,4995.75
TOMATOES,416400,4995.75
TOMATOES,416500,4996.0
TOMATOES,416600,4995.25
TOMATOES,416700,4993.25
TOMATOES,416800,4996.0
TOMATOES,416900,4996.0
TOMATOES,417000,4996.0
TOMATOES,417100,4995.75
TOMATOES,417200,4995.75
TOMATOES,417300,4996.5
TOMATOES,417400,4995.5
TOMATOES,417500,4997.0
TOMATOES,417600,4995.25
TOMATOES,417700,4996.75
TOMATOES,417800,4997.25
TOMATOES,417900,4999.25
TOMATOES,418000,4997.75
TOMATOES,418100,4997.75
TOMATOES,418200,4998.5
TOMATOES,418300,4998.75
TOMATOES,418400,4999.0
TOMATOES,418500,5001.25
TOMATOES,418600,4999.75
TOMATOES,418700,4999.75
TOMATOES,418800,5000.25
TOMATOES,418900,5001.0
TOMATOES,419000,4998.75
TOMATOES,419100,5000.25
TOMATOES,419200,5000.75
TOMATOES,419300,5000.5
TOMATOES,419400,5000.25
TOMATOES,419500,5000.0
TOMATOES,419600,5000.0
TOMATOES,419700,4999.75
TOMATOES,419800,4999.75
TOMATOES,419900,4999.25
TOMATOES,420000,5000.25
TOMATOES,420100,5002.0
TOMATOES,420200,5000.0
TOMATOES,420300,5000.25
TOMATOES,420400,5000.25
TOMATOES,420500,5002.0
TOMATOES,420600,5000.5
TOMATOES,420700,5000.0
TOMATOES,420800,4999.5
TOMATOES,420900,4999.75
TOMATOES,421000,5000.0
TOMATOES,421100,5000.0
TOMATOES,421200,4999.5
TOMATOES,421300,5000.0
TOMATOES,421400,5000.25
TOMATOES,421500,5000.0
TOMATOES,421600,5000.25
TOMATOES,421700,5000.5
TOMATOES,421800,4999.0
TOMATOES,421900,5001.25
TOMATOES,422000,5001.5
TOMATOES,422100,5001.5
TOMATOES,422200,5001.25
TOMATOES,422300,5001.5
TOMATOES,422400,5001.0
TOMATOES,422500,5000.5
TOMATOES,422600,5003.75
TOMATOES,422700,5001.5
TOMATOES,422800,5000.0
TOMATOES,422900,4999.75
TOMATOES,423000,4999.5
TOMATOES,423100,5000.0
TOMATOES,423200,4999.5
TOMATOES,423300,4999.5
TOMATOES,423400,4999.25
TOMATOES,423500,4999.5
TOMATOES,423600,4999.0
TOMATOES,423700,4999.25
TOMATOES,423800,4999.5
TOMATOES,423900,5000.0
TOMATOES,424000,4998.0
TOMATOES,424100,5000.5
TOMATOES,424200,5000.75
TOMATOES,424300,5000.5
TOMATOES,424400,5001.0
TOMATOES,424500,5001.0
TOMATOES,424600,5000.75
TOMATOES,424700,5001.0
TOMATOES,424800,5001.0
TOMATOES,424900,5001.5
TOMATOES,425000,5001.25
TOMATOES,425100,5000.5
TOMATOES,425200,5000.75
TOMATOES,425300,5000.25
TOMATOES,425400,4998.25
TOMATOES,425500,5000.75
TOMATOES,425600,5001.0
TOMATOES,425700,4999.75
TOMATOES,425800,5000.25
TOMATOES,425900,5001.0
TOMATOES,426000,5003.25
TOMATOES,426100,5002.0
TOMATOES,426200,5001.75
TOMATOES,426300,5002.0
TOMATOES,426400,5001.75
TOMATOES,426500,5001.5
TOMATOES,426600,5001.5
TOMATOES,426700,5000.75
TOMATOES,426800,5000.5
TOMATOES,426900,5000.0
TOMATOES,427000,4999.5
TOMATOES,427100,4999.75
TOMATOES,427200,5001.25
TOMATOES,427300,5000.0
TOMATOES,427400,5000.0
TOMATOES,427500,5000.0
TOMATOES,427600,4999.75
TOMATOES,427700,5000.25
TOMATOES,427800,5000.5
TOMATOES,427900,4999.75
TOMATOES,428000,4999.75
TOMATOES,428100,4998.25
TOMATOES,428200,5000.0
TOMATOES,428300,5000.25
TOMATOES,428400,5000.0
TOMATOES,428500,5000.25
TOMATOES,428600,5000.25
TOMATOES,428700,5000.5
TOMATOES,428800,5000.75
TOMATOES,428900,5000.25
TOMATOES,429000,4999.5
TOMATOES,429100,4998.25
TOMATOES,429200,5000.0
TOMATOES,429300,5000.5
TOMATOES,429400,5001.0
TOMATOES,429500,5001.5
TOMATOES,429600,5001.75
TOMATOES,429700,5001.5
TOMATOES,429800,5001.0
TOMATOES,429900,5000.75
TOMATOES,430000,4999.25
TOMATOES,430100,5000.25
TOMATOES,430200,5000.5
TOMATOES,430300,5000.25
TOMATOES,430400,5000.75
TOMATOES,430500,5000.5
TOMATOES,430600,5000.75
TOMATOES,430700,5000.75
TOMATOES,430800,5000.75
TOMATOES,430900,5001.25
TOMATOES,431000,5000.25
TOMATOES,431100,5000.75
TOMATOES,431200,5001.0
TOMATOES,431300,5001.25
TOMATOES,431400,5000.75
TOMATOES,431500,5001.0
TOMATOES,431600,5000.25
TOMATOES,431700,5000.0
TOMATOES,431800,5000.75
TOMATOES,431900,5001.5
TOMATOES,432000,5002.0
TOMATOES,432100,5002.0
TOMATOES,432200,5001.75
TOMATOES,432300,5003.5
TOMATOES,432400,5003.5
TOMATOES,432500,5002.0
TOMATOES,432600,5004.25
TOMATOES,432700,5002.25
TOMATOES,432800,5002.25
TOMATOES,432900,5002.5
TOMATOES,433000,5003.5
TOMATOES,433100,5003.75
TOMATOES,433200,5003.25
TOMATOES,433300,5001.25
TOMATOES,433400,5003.25
TOMATOES,433500,5004.0
TOMATOES,433600,5003.25
TOMATOES,433700,5001.75
TOMATOES,433800,5003.25
TOMATOES,433900,5003.25
TOMATOES,434000,5004.75
TOMATOES,434100,5003.0
TOMATOES,434200,5003.5
TOMATOES,434300,5003.5
TOMATOES,434400,5003.0
TOMATOES,434500,5002.75
TOMATOES,434600,5003.25
TOMATOES,434700,5005.25
TOMATOES,434800,5004.25
TOMATOES,434900,5004.25
TOMATOES,435000,5004.0
TOMATOES,435100,5004.0
TOMATOES,435200,5003.75
TOMATOES,435300,5003.25
TOMATOES,435400,5002.75
TOMATOES,435500,5002.5
TOMATOES,435600,5002.5
TOMATOES,435700,5002.5
TOMATOES,435800,5002.0
TOMATOES,435900,5002.5
TOMATOES,436000,5002.0
TOMATOES,436100,5002.25
TOMATOES,436200,5002.25
TOMATOES,436300,5003.0
TOMATOES,436400,5001.75
TOMATOES,436500,5001.75
TOMATOES,436600,5001.75
TOMATOES,436700,5002.0
TOMATOES,436800,5002.25
TOMATOES,436900,5001.75
TOMATOES,437000,5001.0
TOMATOES,437100,5001.25
TOMATOES,437200,5001.25
TOMATOES,437300,5001.5
TOMATOES,437400,5001.75
TOMATOES,437500,5002.0
TOMATOES,437600,4999.5
TOMATOES,437700,5002.75
TOMATOES,437800,5001.0
TOMATOES,437900,5001.0
TOMATOES,438000,5001.25
TOMATOES,438100,5000.75
TOMATOES,438200,5000.75
TOMATOES,438300,5000.75
TOMATOES,438400,5000.5
TOMATOES,438500,5001.25
TOMATOES,438600,5001.75
TOMATOES,438700,5002.0
TOMATOES,438800,5002.0
TOMATOES,438900,5001.75
TOMATOES,439000,5002.0
TOMATOES,439100,5002.0
TOMATOES,439200,5002.0
TOMATOES,439300,5002.0
TOMATOES,439400,5001.5
TOMATOES,439500,5001.0
TOMATOES,439600,5000.25
TOMATOES,439700,4999.5
TOMATOES,439800,4999.75
TOMATOES,439900,4999.5
TOMATOES,440000,4999.5
TOMATOES,440100,5000.0
TOMATOES,440200,5002.0
TOMATOES,440300,5000.5
TOMATOES,440400,5000.25
TOMATOES,440500,5000.25
TOMATOES,440600,5000.25
TOMATOES,440700,5000.25
TOMATOES,440800,4999.5
TOMATOES,440900,4999.5
TOMATOES,441000,4999.0
TOMATOES,441100,4999.5
TOMATOES,441200,5002.0
TOMATOES,441300,4999.5
TOMATOES,441400,4997.75
TOMATOES,441500,5000.25
TOMATOES,441600,4999.75
TOMATOES,441700,4999.75
TOMATOES,441800,5000.0
TOMATOES,441900,5002.0
TOMATOES,442000,5000.5
TOMATOES,442100,5001.75
TOMATOES,442200,5000.25
TOMATOES,442300,5000.0
TOMATOES,442400,5000.25
TOMATOES,442500,5000.0
TOMATOES,442600,5000.25
TOMATOES,442700,5000.0
TOMATOES,442800,4999.75
TOMATOES,442900,4999.75
TOMATOES,443000,4999.25
TOMATOES,443100,4999.75
TOMATOES,443200,5001.0
TOMATOES,443300,4999.75
TOMATOES,443400,4999.5
TOMATOES,443500,4999.5
TOMATOES,443600,4999.75
TOMATOES,443700,4999.5
TOMATOES,443800,4999.5
TOMATOES,443900,5000.0
TOMATOES,444000,5001.25
TOMATOES,444100,5000.0
TOMATOES,444200,5000.0
TOMATOES,444300,5000.25
TOMATOES,444400,4999.75
TOMATOES,444500,4999.25
TOMATOES,444600,4999.25
TOMATOES,444700,4999.5
TOMATOES,444800,4999.75
TOMATOES,444900,5000.0
TOMATOES,445000,5000.25
TOMATOES,445100,5000.0
TOMATOES,445200,5000.0
TOMATOES,445300,5000.5
TOMATOES,445400,5000.75
TOMATOES,445500,5001.0
TOMATOES,445600,5001.25
TOMATOES,445700,5000.0
TOMATOES,445800,5001.0
TOMATOES,445900,4999.25
TOMATOES,446000,5001.25
TOMATOES,446100,4999.75
TOMATOES,446200,5001.5
TOMATOES,446300,5001.75
TOMATOES,446400,5001.75
TOMATOES,446500,5002.0
TOMATOES,446600,5002.5
TOMATOES,446700,5002.75
TOMATOES,446800,5003.0
TOMATOES,446900,5002.75
TOMATOES,447000,5003.0
TOMATOES,447100,5003.25
TOMATOES,447200,5004.5
TOMATOES,447300,5002.25
TOMATOES,447400,5002.25
TOMATOES,447500,5001.0
TOMATOES,447600,5002.25
TOMATOES,447700,5003.75
TOMATOES,447800,5001.75
TOMATOES,447900,5001.75
TOMATOES,448000,5001.5
TOMATOES,448100,4999.5
TOMATOES,448200,5001.5
TOMATOES,448300,5001.75
TOMATOES,448400,4999.75
TOMATOES,448500,5001.25
TOMATOES,448600,5001.25
TOMATOES,448700,5001.5
TOMATOES,448800,5001.25
TOMATOES,448900,5001.5
TOMATOES,449000,5001.75
TOMATOES,449100,5001.25
TOMATOES,449200,5002.75
TOMATOES,449300,4999.25
TOMATOES,449400,5000.75
TOMATOES,449500,5001.25
TOMATOES,449600,5001.0
TOMATOES,449700,5001.5
TOMATOES,449800,5001.5
TOMATOES,449900,5001.5
TOMATOES,450000,4999.5
TOMATOES,450100,5002.0
TOMATOES,450200,5002.25
TOMATOES,450300,5002.25
TOMATOES,450400,5002.5
TOMATOES,450500,5002.5
TOMATOES,450600,5002.5
TOMATOES,450700,5004.75
TOMATOES,450800,5004.75
TOMATOES,450900,5003.0
TOMATOES,451000,5003.25
TOMATOES,451100,5003.25
TOMATOES,451200,5003.0
TOMATOES,451300,5002.25
TOMATOES,451400,5000.75
TOMATOES,451500,5002.0
TOMATOES,451600,5003.25
TOMATOES,451700,5002.25
TOMATOES,451800,5002.5
TOMATOES,451900,5002.75
TOMATOES,452000,5003.0
TOMATOES,452100,5003.25
TOMATOES,452200,5005.25
TOMATOES,452300,5000.5
TOMATOES,452400,5004.25
TOMATOES,452500,5004.5
TOMATOES,452600,5004.0
TOMATOES,452700,5002.25
TOMATOES,452800,5004.0
TOMATOES,452900,5004.0
TOMATOES,453000,5004.0
TOMATOES,453100,5005.0
TOMATOES,453200,5006.0
TOMATOES,453300,5004.75
TOMATOES,453400,5004.75
TOMATOES,453500,5004.75
TOMATOES,453600,5004.5
TOMATOES,453700,5004.75
TOMATOES,453800,5004.25
TOMATOES,453900,5003.75
TOMATOES,454000,5004.0
TOMATOES,454100,5002.5
TOMATOES,454200,5004.5
TOMATOES,454300,5004.5
TOMATOES,454400,5004.5
TOMATOES,454500,5004.75
TOMATOES,454600,5004.75
TOMATOES,454700,5006.75
TOMATOES,454800,5004.25
TOMATOES,454900,5004.0
TOMATOES,455000,5002.5
TOMATOES,455100,5003.25
TOMATOES,455200,5003.5
TOMATOES,455300,5003.75
TOMATOES,455400,5003.5
TOMATOES,455500,5003.75
TOMATOES,455600,5003.0
TOMATOES,455700,5003.0
TOMATOES,455800,5003.0
TOMATOES,455900,5003.0
TOMATOES,456000,5002.75
TOMATOES,456100,5002.75
TOMATOES,456200,5002.25
TOMATOES,456300,5002.0
TOMATOES,456400,5001.75
TOMATOES,456500,5001.75
TOMATOES,456600,5000.25
TOMATOES,456700,5002.0
TOMATOES,456800,5002.25
TOMATOES,456900,5002.0
TOMATOES,457000,5001.5
TOMATOES,457100,5001.0
TOMATOES,457200,5000.5
TOMATOES,457300,5001.5
TOMATOES,457400,4999.5
TOMATOES,457500,5001.0
TOMATOES,457600,5000.75
TOMATOES,457700,5001.25
TOMATOES,457800,5001.0
TOMATOES,457900,5001.25
TOMATOES,458000,4999.5
TOMATOES,458100,5001.5
TOMATOES,458200,5001.5
TOMATOES,458300,5000.25
TOMATOES,458400,5001.5
TOMATOES,458500,5002.0
TOMATOES,458600,5001.25
TOMATOES,458700,4998.5
TOMATOES,458800,5002.0
TOMATOES,458900,5000.25
TOMATOES,459000,4999.75
TOMATOES,459100,5000.0
TOMATOES,459200,4999.75
TOMATOES,459300,5000.25
TOMATOES,459400,4998.5
TOMATOES,459500,5000.75
TOMATOES,459600,5000.25
TOMATOES,459700,5000.5
TOMATOES,459800,5000.5
TOMATOES,459900,5000.5
TOMATOES,460000,5000.5
TOMATOES,460100,5000.0
TOMATOES,460200,5001.75
TOMATOES,460300,5000.0
TOMATOES,460400,4999.5
TOMATOES,460500,4999.5
TOMATOES,460600,4999.25
TOMATOES,460700,4999.25
TOMATOES,460800,4999.25
TOMATOES,460900,4999.0
TOMATOES,461000,4999.25
TOMATOES,461100,4999.0
TOMATOES,461200,4999.25
TOMATOES,461300,4999.25
TOMATOES,461400,4998.75
TOMATOES,461500,4998.75
TOMATOES,461600,4999.5
TOMATOES,461700,4999.25
TOMATOES,461800,4999.75
TOMATOES,461900,4999.5
TOMATOES,462000,4997.5
TOMATOES,462100,4999.75
TOMATOES,462200,4999.75
TOMATOES,462300,4999.75
TOMATOES,462400,4999.75
TOMATOES,462500,5000.0
TOMATOES,462600,5000.0
TOMATOES,462700,4999.25
TOMATOES,462800,4999.25
TOMATOES,462900,4999.25
TOMATOES,463000,4999.25
TOMATOES,463100,4999.75
TOMATOES,463200,5000.0
TOMATOES,463300,4999.25
TOMATOES,463400,4999.75
TOMATOES,463500,4999.75
TOMATOES,463600,4999.0
TOMATOES,463700,4999.0
TOMATOES,463800,4999.0
TOMATOES,463900,4998.75
TOMATOES,464000,4998.75
TOMATOES,464100,5000.25
TOMATOES,464200,4999.0
TOMATOES,464300,4998.75
TOMATOES,464400,4998.75
TOMATOES,464500,4999.75
TOMATOES,464600,4998.5
TOMATOES,464700,4996.75
TOMATOES,464800,4999.0
TOMATOES,464900,4997.0
TOMATOES,465000,4997.75
TOMATOES,465100,4997.5
TOMATOES,465200,4997.75
TOMATOES,465300,4997.75
TOMATOES,465400,4998.0
TOMATOES,465500,4998.25
TOMATOES,465600,4997.5
TOMATOES,465700,4997.5
TOMATOES,465800,4997.0
TOMATOES,465900,4997.25
TOMATOES,466000,4997.25
TOMATOES,466100,4996.75
TOMATOES,466200,4997.0
TOMATOES,466300,4996.25
TOMATOES,466400,4995.75
TOMATOES,466500,4995.75
TOMATOES,466600,4997.0
TOMATOES,466700,4995.5
TOMATOES,466800,4995.25
TOMATOES,466900,4995.0
TOMATOES,467000,4993.25
TOMATOES,467100,4995.0
TOMATOES,467200,4994.5
TOMATOES,467300,4994.25
TOMATOES,467400,4994.0
TOMATOES,467500,4994.0
TOMATOES,467600,4992.0
TOMATOES,467700,4994.25
TOMATOES,467800,4995.5
TOMATOES,467900,4994.25
TOMATOES,468000,4994.75
TOMATOES,468100,4995.0
TOMATOES,468200,4995.25
TOMATOES,468300,4995.5
TOMATOES,468400,4995.0
TOMATOES,468500,4994.5
TOMATOES,468600,4994.25
TOMATOES,468700,4994.5
TOMATOES,468800,4994.25
TOMATOES,468900,4994.25
TOMATOES,469000,4993.75
TOMATOES,469100,4994.5
TOMATOES,469200,4994.25
TOMATOES,469300,4994.25
TOMATOES,469400,4994.25
TOMATOES,469500,4994.0
TOMATOES,469600,4994.0
TOMATOES,469700,4994.25
TOMATOES,469800,4994.25
TOMATOES,469900,4993.0
TOMATOES,470000,4996.0
TOMATOES,470100,4994.5
TOMATOES,470200,4994.5
TOMATOES,470300,4994.25
TOMATOES,470400,4994.5
TOMATOES,470500,4996.5
TOMATOES,470600,4994.75
TOMATOES,470700,4994.5
TOMATOES,470800,4995.0
TOMATOES,470900,4995.5
TOMATOES,471000,4995.25
TOMATOES,471100,4995.0
TOMATOES,471200,4994.5
TOMATOES,471300,4994.75
TOMATOES,471400,4994.75
TOMATOES,471500,4994.5
TOMATOES,471600,4994.75
TOMATOES,471700,4994.25
TOMATOES,471800,4994.25
TOMATOES,471900,4994.0
TOMATOES,472000,4994.75
TOMATOES,472100,4995.0
TOMATOES,472200,4995.0
TOMATOES,472300,4993.25
TOMATOES,472400,4996.5
TOMATOES,472500,4992.25
TOMATOES,472600,4994.25
TOMATOES,472700,4994.5
TOMATOES,472800,4992.5
TOMATOES,472900,4994.75
TOMATOES,473000,4994.25
TOMATOES,473100,4993.75
TOMATOES,473200,4993.75
TOMATOES,473300,4993.75
TOMATOES,473400,4993.5
TOMATOES,473500,4993.75
TOMATOES,473600,4992.0
TOMATOES,473700,4993.25
TOMATOES,473800,4993.25
TOMATOES,473900,4993.75
TOMATOES,474000,4994.25
TOMATOES,474100,4994.0
TOMATOES,474200,4994.5
TOMATOES,474300,4994.75
TOMATOES,474400,4994.25
TOMATOES,474500,4994.5
TOMATOES,474600,4994.25
TOMATOES,474700,4994.5
TOMATOES,474800,4994.5
TOMATOES,474900,4994.25
TOMATOES,475000,4995.0
TOMATOES,475100,4995.25
TOMATOES,475200,4994.75
TOMATOES,475300,4994.75
TOMATOES,475400,4995.0
TOMATOES,475500,4994.25
TOMATOES,475600,4993.75
TOMATOES,475700,4993.25
TOMATOES,475800,4993.25
TOMATOES,475900,4993.25
TOMATOES,476000,4993.5
TOMATOES,476100,4991.25
TOMATOES,476200,4993.25
TOMATOES,476300,4992.75
TOMATOES,476400,4992.25
TOMATOES,476500,4991.75
TOMATOES,476600,4991.5
TOMATOES,476700,4992.0
TOMATOES,476800,4989.75
TOMATOES,476900,4991.75
TOMATOES,477000,4989.25
TOMATOES,477100,4993.0
TOMATOES,477200,4992.0
TOMATOES,477300,4992.5
TOMATOES,477400,4992.25
TOMATOES,477500,4992.0
TOMATOES,477600,4991.75
TOMATOES,477700,4990.0
TOMATOES,477800,4991.0
TOMATOES,477900,4992.25
TOMATOES,478000,4990.5
TOMATOES,478100,4992.75
TOMATOES,478200,4990.75
TOMATOES,478300,4990.75
TOMATOES,478400,4991.25
TOMATOES,478500,4990.75
TOMATOES,478600,4990.25
TOMATOES,478700,4990.0
TOMATOES,478800,4990.5
TOMATOES,478900,4989.75
TOMATOES,479000,4990.25
TOMATOES,479100,4990.5
TOMATOES,479200,4990.5
TOMATOES,479300,4992.0
TOMATOES,479400,4990.25
TOMATOES,479500,4990.5
TOMATOES,479600,4990.25
TOMATOES,479700,4990.25
TOMATOES,479800,4989.5
TOMATOES,479900,4989.75
TOMATOES,480000,4990.25
TOMATOES,480100,4992.5
TOMATOES,480200,4990.5
TOMATOES,480300,4990.75
TOMATOES,480400,4991.25
TOMATOES,480500,4991.0
TOMATOES,480600,4991.0
TOMATOES,480700,4990.0
TOMATOES,480800,4990.5
TOMATOES,480900,4990.75
TOMATOES,481000,4989.25
TOMATOES,481100,4990.75
TOMATOES,481200,4990.5
TOMATOES,481300,4990.75
TOMATOES,481400,4990.75
TOMATOES,481500,4991.0
TOMATOES,481600,4991.25
TOMATOES,481700,4990.75
TOMATOES,481800,4989.0
TOMATOES,481900,4990.25
TOMATOES,482000,4990.75
TOMATOES,482100,4990.75
TOMATOES,482200,4990.5
TOMATOES,482300,4990.25
TOMATOES,482400,4991.0
TOMATOES,482500,4991.0
TOMATOES,482600,4990.25
TOMATOES,482700,4988.5
TOMATOES,482800,4990.25
TOMATOES,482900,4989.75
TOMATOES,483000,4991.0
TOMATOES,483100,4989.25
TOMATOES,483200,4989.25
TOMATOES,483300,4990.0
TOMATOES,483400,4992.25
TOMATOES,483500,4990.5
TOMATOES,483600,4990.25
TOMATOES,483700,4990.25
TOMATOES,483800,4990.25
TOMATOES,483900,4989.75
TOMATOES,484000,4990.0
TOMATOES,484100,4990.5
TOMATOES,484200,4990.5
TOMATOES,484300,4988.5
TOMATOES,484400,4991.75
TOMATOES,484500,4989.75
TOMATOES,484600,4990.0
TOMATOES,484700,4988.0
TOMATOES,484800,4989.75
TOMATOES,484900,4989.0
TOMATOES,485000,4986.5
TOMATOES,485100,4988.5
TOMATOES,485200,4988.0
TOMATOES,485300,4986.5
TOMATOES,485400,4987.75
TOMATOES,485500,4987.5
TOMATOES,485600,4988.5
TOMATOES,485700,4988.25
TOMATOES,485800,4988.25
TOMATOES,485900,4987.75
TOMATOES,486000,4987.75
TOMATOES,486100,4987.75
TOMATOES,486200,4988.5
TOMATOES,486300,4988.25
TOMATOES,486400,4988.5
TOMATOES,486500,4988.0
TOMATOES,486600,4988.25
TOMATOES,486700,4988.25
TOMATOES,486800,4988.5
TOMATOES,486900,4988.5
TOMATOES,487000,4988.75
TOMATOES,487100,4988.75
TOMATOES,487200,4988.75
TOMATOES,487300,4988.75
TOMATOES,487400,4988.25
TOMATOES,487500,4988.5
TOMATOES,487600,4987.75
TOMATOES,487700,4988.25
TOMATOES,487800,4988.25
TOMATOES,487900,4988.25
TOMATOES,488000,4988.0
TOMATOES,488100,4988.0
TOMATOES,488200,4988.0
TOMATOES,488300,4987.75
TOMATOES,488400,4988.0
TOMATOES,488500,4987.75
TOMATOES,488600,4987.75
TOMATOES,488700,4987.75
TOMATOES,488800,4987.25
TOMATOES,488900,4986.75
TOMATOES,489000,4986.25
TOMATOES,489100,4985.75
TOMATOES,489200,4986.0
TOMATOES,489300,4984.25
TOMATOES,489400,4985.5
TOMATOES,489500,4985.75
TOMATOES,489600,4986.25
TOMATOES,489700,4985.75
TOMATOES,489800,4985.5
TOMATOES,489900,4985.75
TOMATOES,490000,4985.25
TOMATOES,490100,4985.75
TOMATOES,490200,4985.75
TOMATOES,490300,4985.25
TOMATOES,490400,4985.75
TOMATOES,490500,4986.0
TOMATOES,490600,4987.75
TOMATOES,490700,4986.0
TOMATOES,490800,4985.75
TOMATOES,490900,4985.25
TOMATOES,491000,4985.5
TOMATOES,491100,4986.0
TOMATOES,491200,4985.5
TOMATOES,491300,4986.0
TOMATOES,491400,4984.75
TOMATOES,491500,4986.5
TOMATOES,491600,4985.75
TOMATOES,491700,4986.0
TOMATOES,491800,4986.0
TOMATOES,491900,4986.0
TOMATOES,492000,4986.0
TOMATOES,492100,4986.5
TOMATOES,492200,4986.5
TOMATOES,492300,4986.5
TOMATOES,492400,4986.5
TOMATOES,492500,4986.75
TOMATOES,492600,4986.75
TOMATOES,492700,4986.75
TOMATOES,492800,4988.0
TOMATOES,492900,4988.25
TOMATOES,493000,4985.25
TOMATOES,493100,4985.75
TOMATOES,493200,4987.5
TOMATOES,493300,4986.5
TOMATOES,493400,4986.25
TOMATOES,493500,4986.25
TOMATOES,493600,4986.5
TOMATOES,493700,4986.5
TOMATOES,493800,4986.75
TOMATOES,493900,4987.25
TOMATOES,494000,4988.5
TOMATOES,494100,4987.0
TOMATOES,494200,4987.25
TOMATOES,494300,4986.25
TOMATOES,494400,4986.0
TOMATOES,494500,4986.0
TOMATOES,494600,4986.5
TOMATOES,494700,4986.25
TOMATOES,494800,4986.25
TOMATOES,494900,4986.0
TOMATOES,495000,4986.25
TOMATOES,495100,4986.75
TOMATOES,495200,4986.75
TOMATOES,495300,4986.75
TOMATOES,495400,4984.5
TOMATOES,495500,4986.0
TOMATOES,495600,4986.25
TOMATOES,495700,4984.0
TOMATOES,495800,4986.5
TOMATOES,495900,4986.5
TOMATOES,496000,4986.5
TOMATOES,496100,4986.75
TOMATOES,496200,4986.75
TOMATOES,496300,4987.0
TOMATOES,496400,4986.75
TOMATOES,496500,4986.25
TOMATOES,496600,4985.5
TOMATOES,496700,4985.75
TOMATOES,496800,4986.75
TOMATOES,496900,4986.5
TOMATOES,497000,4984.5
TOMATOES,497100,4986.25
TOMATOES,497200,4986.75
TOMATOES,497300,4986.0
TOMATOES,497400,4985.5
TOMATOES,497500,4987.25
TOMATOES,497600,4987.25
TOMATOES,497700,4985.0
TOMATOES,497800,4983.25
TOMATOES,497900,4983.0
TOMATOES,498000,4985.75
TOMATOES,498100,4985.75
TOMATOES,498200,4984.5
TOMATOES,498300,4986.0
TOMATOES,498400,4986.5
TOMATOES,498500,4986.25
TOMATOES,498600,4986.0
TOMATOES,498700,4986.0
TOMATOES,498800,4986.0
TOMATOES,498900,4984.5
TOMATOES,499000,4986.0
TOMATOES,499100,4986.25
TOMATOES,499200,4986.5
TOMATOES,499300,4986.5
TOMATOES,499400,4985.25
TOMATOES,499500,4987.25
TOMATOES,499600,4985.5
TOMATOES,499700,4985.5
TOMATOES,499800,4987.25
TOMATOES,499900,4987.0
TOMATOES,500000,4985.0
TOMATOES,500100,4986.5
TOMATOES,500200,4986.25
TOMATOES,500300,4987.25
TOMATOES,500400,4985.75
TOMATOES,500500,4986.5
TOMATOES,500600,4986.25
TOMATOES,500700,4984.75
TOMATOES,500800,4985.0
TOMATOES,500900,4985.25
TOMATOES,501000,4985.25
TOMATOES,501100,4984.75
TOMATOES,501200,4985.5
TOMATOES,501300,4987.0
TOMATOES,501400,4985.5
TOMATOES,501500,4985.5
TOMATOES,501600,4984.75
TOMATOES,501700,4985.0
TOMATOES,501800,4985.5
TOMATOES,501900,4985.0
TOMATOES,502000,4985.0
TOMATOES,502100,4985.25
TOMATOES,502200,4985.25
TOMATOES,502300,4985.25
TOMATOES,502400,4985.25
TOMATOES,502500,4984.75
TOMATOES,502600,4984.75
TOMATOES,502700,4984.75
TOMATOES,502800,4984.0
TOMATOES,502900,4984.5
TOMATOES,503000,4984.25
TOMATOES,503100,4982.5
TOMATOES,503200,4984.0
TOMATOES,503300,4984.5
TOMATOES,503400,4984.75
TOMATOES,503500,4985.0
TOMATOES,503600,4984.5
TOMATOES,503700,4984.0
TOMATOES,503800,4982.0
TOMATOES,503900,4982.75
TOMATOES,504000,4984.5
TOMATOES,504100,4983.0
TOMATOES,504200,4982.5
TOMATOES,504300,4982.75
TOMATOES,504400,4982.0
TOMATOES,504500,4982.25
TOMATOES,504600,4982.0
TOMATOES,504700,4981.75
TOMATOES,504800,4982.25
TOMATOES,504900,4982.75
TOMATOES,505000,4983.0
TOMATOES,505100,4982.75
TOMATOES,505200,4982.5
TOMATOES,505300,4982.5
TOMATOES,505400,4982.0
TOMATOES,505500,4982.25
TOMATOES,505600,4982.25
TOMATOES,505700,4984.75
TOMATOES,505800,4983.75
TOMATOES,505900,4984.75
TOMATOES,506000,4984.25
TOMATOES,506100,4983.75
TOMATOES,506200,4983.75
TOMATOES,506300,4983.5
TOMATOES,506400,4983.0
TOMATOES,506500,4983.25
TOMATOES,506600,4983.0
TOMATOES,506700,4983.25
TOMATOES,506800,4983.5
TOMATOES,506900,4983.5
TOMATOES,507000,4984.25
TOMATOES,507100,4984.25
TOMATOES,507200,4984.5
TOMATOES,507300,4985.5
TOMATOES,507400,4984.75
TOMATOES,507500,4985.5
TOMATOES,507600,4983.75
TOMATOES,507700,4984.75
TOMATOES,507800,4984.75
TOMATOES,507900,4984.75
TOMATOES,508000,4984.5
TOMATOES,508100,4985.0
TOMATOES,508200,4983.25
TOMATOES,508300,4985.0
TOMATOES,508400,4984.75
TOMATOES,508500,4984.5
TOMATOES,508600,4984.5
TOMATOES,508700,4983.75
TOMATOES,508800,4984.0
TOMATOES,508900,4983.5
TOMATOES,509000,4983.25
TOMATOES,509100,4983.5
TOMATOES,509200,4984.0
TOMATOES,509300,4984.25
TOMATOES,509400,4984.5
TOMATOES,509500,4985.0
TOMATOES,509600,4983.25
TOMATOES,509700,4984.5
TOMATOES,509800,4984.0
TOMATOES,509900,4983.5
TOMATOES,510000,4983.75
TOMATOES,510100,4984.0
TOMATOES,510200,4983.75
TOMATOES,510300,4984.5
TOMATOES,510400,4982.0
TOMATOES,510500,4984.25
TOMATOES,510600,4984.5
TOMATOES,510700,4984.25
TOMATOES,510800,4984.5
TOMATOES,510900,4984.75
TOMATOES,511000,4985.25
TOMATOES,511100,4985.25
TOMATOES,511200,4985.25
TOMATOES,511300,4985.0
TOMATOES,511400,4984.75
TOMATOES,511500,4985.75
TOMATOES,511600,4984.5
TOMATOES,511700,4984.5
TOMATOES,511800,4986.5
TOMATOES,511900,4984.0
TOMATOES,512000,4986.0
TOMATOES,512100,4984.0
TOMATOES,512200,4983.75
TOMATOES,512300,4983.0
TOMATOES,512400,4983.25
TOMATOES,512500,4983.75
TOMATOES,512600,4984.0
TOMATOES,512700,4983.75
TOMATOES,512800,4984.0
TOMATOES,512900,4984.25
TOMATOES,513000,4984.5
TOMATOES,513100,4985.5
TOMATOES,513200,4984.25
TOMATOES,513300,4984.0
TOMATOES,513400,4983.75
TOMATOES,513500,4983.25
TOMATOES,513600,4982.5
TOMATOES,513700,4982.25
TOMATOES,513800,4982.25
TOMATOES,513900,4980.5
TOMATOES,514000,4982.75
TOMATOES,514100,4982.75
TOMATOES,514200,4983.25
TOMATOES,514300,4983.0
TOMATOES,514400,4982.75
TOMATOES,514500,4982.25
TOMATOES,514600,4982.25
TOMATOES,514700,4982.5
TOMATOES,514800,4982.75
TOMATOES,514900,4983.5
TOMATOES,515000,4984.0
TOMATOES,515100,4984.5
TOMATOES,515200,4985.0
TOMATOES,515300,4984.5
TOMATOES,515400,4984.0
TOMATOES,515500,4983.25
TOMATOES,515600,4983.75
TOMATOES,515700,4983.5
TOMATOES,515800,4983.5
TOMATOES,515900,4983.5
TOMATOES,516000,4984.0
TOMATOES,516100,4984.0
TOMATOES,516200,4983.75
TOMATOES,516300,4983.25
TOMATOES,516400,4981.5
TOMATOES,516500,4982.75
TOMATOES,516600,4983.5
TOMATOES,516700,4983.0
TOMATOES,516800,4984.75
TOMATOES,516900,4983.25
TOMATOES,517000,4984.25
TOMATOES,517100,4984.0
TOMATOES,517200,4984.5
TOMATOES,517300,4984.0
TOMATOES,517400,4983.5
TOMATOES,517500,4983.5
TOMATOES,517600,4983.5
TOMATOES,517700,4983.75
TOMATOES,517800,4983.75
TOMATOES,517900,4983.75
TOMATOES,518000,4983.75
TOMATOES,518100,4982.75
TOMATOES,518200,4985.25
TOMATOES,518300,4983.0
TOMATOES,518400,4983.75
TOMATOES,518500,4982.0
TOMATOES,518600,4983.25
TOMATOES,518700,4983.0
TOMATOES,518800,4983.0
TOMATOES,518900,4983.0
TOMATOES,519000,4983.25
TOMATOES,519100,4983.0
TOMATOES,519200,4982.75
TOMATOES,519300,4982.5
TOMATOES,519400,4982.25
TOMATOES,519500,4982.75
TOMATOES,519600,4983.0
TOMATOES,519700,4984.5
TOMATOES,519800,4981.5
TOMATOES,519900,4982.75
TOMATOES,520000,4983.25
TOMATOES,520100,4983.25
TOMATOES,520200,4984.5
TOMATOES,520300,4983.5
TOMATOES,520400,4984.0
TOMATOES,520500,4983.5
TOMATOES,520600,4983.5
TOMATOES,520700,4983.75
TOMATOES,520800,4984.25
TOMATOES,520900,4984.75
TOMATOES,521000,4985.5
TOMATOES,521100,4985.5
TOMATOES,521200,4985.75
TOMATOES,521300,4985.5
TOMATOES,521400,4985.0
TOMATOES,521500,4985.25
TOMATOES,521600,4985.0
TOMATOES,521700,4985.0
TOMATOES,521800,4985.0
TOMATOES,521900,4984.75
TOMATOES,522000,4984.5
TOMATOES,522100,4984.25
TOMATOES,522200,4984.25
TOMATOES,522300,4984.75
TOMATOES,522400,4985.0
TOMATOES,522500,4984.75
TOMATOES,522600,4985.0
TOMATOES,522700,4985.75
TOMATOES,522800,4985.5
TOMATOES,522900,4985.5
TOMATOES,523000,4983.75
TOMATOES,523100,4987.75
TOMATOES,523200,4985.25
TOMATOES,523300,4985.25
TOMATOES,523400,4985.5
TOMATOES,523500,4985.5
TOMATOES,523600,4985.75
TOMATOES,523700,4985.75
TOMATOES,523800,4987.75
TOMATOES,523900,4986.25
TOMATOES,524000,4986.25
TOMATOES,524100,4986.0
TOMATOES,524200,4986.25
TOMATOES,524300,4986.25
TOMATOES,524400,4986.5
TOMATOES,524500,4986.0
TOMATOES,524600,4985.75
TOMATOES,524700,4986.0
TOMATOES,524800,4985.75
TOMATOES,524900,4986.0
TOMATOES,525000,4986.25
TOMATOES,525100,4986.25
TOMATOES,525200,4986.0
TOMATOES,525300,4985.5
TOMATOES,525400,4985.5
TOMATOES,525500,4986.0
TOMATOES,525600,4987.0
TOMATOES,525700,4984.25
TOMATOES,525800,4985.25
TOMATOES,525900,4985.0
TOMATOES,526000,4985.25
TOMATOES,526100,4985.75
TOMATOES,526200,4987.25
TOMATOES,526300,4985.5
TOMATOES,526400,4985.0
TOMATOES,526500,4984.75
TOMATOES,526600,4985.25
TOMATOES,526700,4985.25
TOMATOES,526800,4984.75
TOMATOES,526900,4985.25
TOMATOES,527000,4986.0
TOMATOES,527100,4986.0
TOMATOES,527200,4985.75
TOMATOES,527300,4985.75
TOMATOES,527400,4985.5
TOMATOES,527500,4985.25
TOMATOES,527600,4985.5
TOMATOES,527700,4985.5
TOMATOES,527800,4985.75
TOMATOES,527900,4986.0
TOMATOES,528000,4986.5
TOMATOES,528100,4987.75
TOMATOES,528200,4986.25
TOMATOES,528300,4987.25
TOMATOES,528400,4987.0
TOMATOES,528500,4986.5
TOMATOES,528600,4987.25
TOMATOES,528700,4987.25
TOMATOES,528800,4987.5
TOMATOES,528900,4987.5
TOMATOES,529000,4987.5
TOMATOES,529100,4987.25
TOMATOES,529200,4987.75
TOMATOES,529300,4986.25
TOMATOES,529400,4987.25
TOMATOES,529500,4988.75
TOMATOES,529600,4987.5
TOMATOES,529700,4987.75
TOMATOES,529800,4986.25
TOMATOES,529900,4987.25
TOMATOES,530000,4987.5
TOMATOES,530100,4987.5
TOMATOES,530200,4987.5
TOMATOES,530300,4987.25
TOMATOES,530400,4987.25
TOMATOES,530500,4987.25
TOMATOES,530600,4987.25
TOMATOES,530700,4987.25
TOMATOES,530800,4989.25
TOMATOES,530900,4987.75
TOMATOES,531000,4989.5
TOMATOES,531100,4987.25
TOMATOES,531200,4985.75
TOMATOES,531300,4987.0
TOMATOES,531400,4987.5
TOMATOES,531500,4987.75
TOMATOES,531600,4988.25
TOMATOES,531700,4988.0
TOMATOES,531800,4987.75
TOMATOES,531900,4987.5
TOMATOES,532000,4986.0
TOMATOES,532100,4987.25
TOMATOES,532200,4987.25
TOMATOES,532300,4987.25
TOMATOES,532400,4985.5
TOMATOES,532500,4987.5
TOMATOES,532600,4988.0
TOMATOES,532700,4988.25
TOMATOES,532800,4988.75
TOMATOES,532900,4989.0
TOMATOES,533000,4989.5
TOMATOES,533100,4989.25
TOMATOES,533200,4989.25
TOMATOES,533300,4989.25
TOMATOES,533400,4989.25
TOMATOES,533500,4989.0
TOMATOES,533600,4990.5
TOMATOES,533700,4989.25
TOMATOES,533800,4989.75
TOMATOES,533900,4990.0
TOMATOES,534000,4990.5
TOMATOES,534100,4990.0
TOMATOES,534200,4989.5
TOMATOES,534300,4990.25
TOMATOES,534400,4989.75
TOMATOES,534500,4988.0
TOMATOES,534600,4990.0
TOMATOES,534700,4990.0
TOMATOES,534800,4987.75
TOMATOES,534900,4990.5
TOMATOES,535000,4991.0
TOMATOES,535100,4990.5
TOMATOES,535200,4990.25
TOMATOES,535300,4990.75
TOMATOES,535400,4991.25
TOMATOES,535500,4990.75
TOMATOES,535600,4990.5
TOMATOES,535700,4990.25
TOMATOES,535800,4988.25
TOMATOES,535900,4990.75
TOMATOES,536000,4990.25
TOMATOES,536100,4991.25
TOMATOES,536200,4990.5
TOMATOES,536300,4990.5
TOMATOES,536400,4992.25
TOMATOES,536500,4991.75
TOMATOES,536600,4990.75
TOMATOES,536700,4991.0
TOMATOES,536800,4990.75
TOMATOES,536900,4990.25
TOMATOES,537000,4990.5
TOMATOES,537100,4991.0
TOMATOES,537200,4990.75
TOMATOES,537300,4991.25
TOMATOES,537400,4991.75
TOMATOES,537500,4991.25
TOMATOES,537600,4991.75
TOMATOES,537700,4991.25
TOMATOES,537800,4991.5
TOMATOES,537900,4991.75
TOMATOES,538000,4991.5
TOMATOES,538100,4991.5
TOMATOES,538200,4989.5
TOMATOES,538300,4991.5
TOMATOES,538400,4990.25
TOMATOES,538500,4992.25
TOMATOES,538600,4990.5
TOMATOES,538700,4990.5
TOMATOES,538800,4990.5
TOMATOES,538900,4990.5
TOMATOES,539000,4990.5
TOMATOES,539100,4991.0
TOMATOES,539200,4989.5
TOMATOES,539300,4991.25
TOMATOES,539400,4991.5
TOMATOES,539500,4991.5
TOMATOES,539600,4991.25
TOMATOES,539700,4991.5
TOMATOES,539800,4991.25
TOMATOES,539900,4991.25
TOMATOES,540000,4990.0
TOMATOES,540100,4991.5
TOMATOES,540200,4991.25
TOMATOES,540300,4991.75
TOMATOES,540400,4991.5
TOMATOES,540500,4989.5
TOMATOES,540600,4991.5
TOMATOES,540700,4994.75
TOMATOES,540800,4991.25
TOMATOES,540900,4991.0
TOMATOES,541000,4991.0
TOMATOES,541100,4991.5
TOMATOES,541200,4991.25
TOMATOES,541300,4990.5
TOMATOES,541400,4990.25
TOMATOES,541500,4989.75
TOMATOES,541600,4988.5
TOMATOES,541700,4990.25
TOMATOES,541800,4990.25
TOMATOES,541900,4990.75
TOMATOES,542000,4990.75
TOMATOES,542100,4990.0
TOMATOES,542200,4989.75
TOMATOES,542300,4989.0
TOMATOES,542400,4990.25
TOMATOES,542500,4990.25
TOMATOES,542600,4990.25
TOMATOES,542700,4990.5
TOMATOES,542800,4989.75
TOMATOES,542900,4990.25
TOMATOES,543000,4992.0
TOMATOES,543100,4989.0
TOMATOES,543200,4990.5
TOMATOES,543300,4990.25
TOMATOES,543400,4991.0
TOMATOES,543500,4991.25
TOMATOES,543600,4991.0
TOMATOES,543700,4991.0
TOMATOES,543800,4990.75
TOMATOES,543900,4990.25
TOMATOES,544000,4990.25
TOMATOES,544100,4990.0
TOMATOES,544200,4990.0
TOMATOES,544300,4990.0
TOMATOES,544400,4990.25
TOMATOES,544500,4989.5
TOMATOES,544600,4989.5
TOMATOES,544700,4990.0
TOMATOES,544800,4990.0
TOMATOES,544900,4990.0
TOMATOES,545000,4990.5
TOMATOES,545100,4990.5
TOMATOES,545200,4991.5
TOMATOES,545300,4991.5
TOMATOES,545400,4991.25
TOMATOES,545500,4991.5
TOMATOES,545600,4992.0
TOMATOES,545700,4991.75
TOMATOES,545800,4991.5
TOMATOES,545900,4991.0
TOMATOES,546000,4992.5
TOMATOES,546100,4990.5
TOMATOES,546200,4989.75
TOMATOES,546300,4989.5
TOMATOES,546400,4989.75
TOMATOES,546500,4989.5
TOMATOES,546600,4989.5
TOMATOES,546700,4989.5
TOMATOES,546800,4989.5
TOMATOES,546900,4989.25
TOMATOES,547000,4989.0
TOMATOES,547100,4989.5
TOMATOES,547200,4989.25
TOMATOES,547300,4989.25
TOMATOES,547400,4987.0
TOMATOES,547500,4988.75
TOMATOES,547600,4988.5
TOMATOES,547700,4988.75
TOMATOES,547800,4988.75
TOMATOES,547900,4988.25
TOMATOES,548000,4988.5
TOMATOES,548100,4988.75
TOMATOES,548200,4988.75
TOMATOES,548300,4988.5
TOMATOES,548400,4988.5
TOMATOES,548500,4988.25
TOMATOES,548600,4988.5
TOMATOES,548700,4988.5
TOMATOES,548800,4988.5
TOMATOES,548900,4990.75
TOMATOES,549000,4988.75
TOMATOES,549100,4988.25
TOMATOES,549200,4988.0
TOMATOES,549300,4986.25
TOMATOES,549400,4986.25
TOMATOES,549500,4987.0
TOMATOES,549600,4986.75
TOMATOES,549700,4987.5
TOMATOES,549800,4989.0
TOMATOES,549900,4987.75
TOMATOES,550000,4987.75
TOMATOES,550100,4986.75
TOMATOES,550200,4987.0
TOMATOES,550300,4987.0
TOMATOES,550400,4986.75
TOMATOES,550500,4986.75
TOMATOES,550600,4986.75
TOMATOES,550700,4984.75
TOMATOES,550800,4986.25
TOMATOES,550900,4987.25
TOMATOES,551000,4987.25
TOMATOES,551100,4987.0
TOMATOES,551200,4987.25
TOMATOES,551300,4987.0
TOMATOES,551400,4986.25
TOMATOES,551500,4987.0
TOMATOES,551600,4986.5
TOMATOES,551700,4986.0
TOMATOES,551800,4986.5
TOMATOES,551900,4988.25
TOMATOES,552000,4986.25
TOMATOES,552100,4986.25
TOMATOES,552200,4986.25
TOMATOES,552300,4986.25
TOMATOES,552400,4986.5
TOMATOES,552500,4986.25
TOMATOES,552600,4984.5
TOMATOES,552700,4986.0
TOMATOES,552800,4986.25
TOMATOES,552900,4986.75
TOMATOES,553000,4987.5
TOMATOES,553100,4987.5
TOMATOES,553200,4987.75
TOMATOES,553300,4988.25
TOMATOES,553400,4988.25
TOMATOES,553500,4988.75
TOMATOES,553600,4989.0
TOMATOES,553700,4989.25
TOMATOES,553800,4989.0
TOMATOES,553900,4989.5
TOMATOES,554000,4988.75
TOMATOES,554100,4989.0
TOMATOES,554200,4988.5
TOMATOES,554300,4988.25
TOMATOES,554400,4988.25
TOMATOES,554500,4988.5
TOMATOES,554600,4988.25
TOMATOES,554700,4987.5
TOMATOES,554800,4988.0
TOMATOES,554900,4987.75
TOMATOES,555000,4988.0
TOMATOES,555100,4988.0
TOMATOES,555200,4987.75
TOMATOES,555300,4987.75
TOMATOES,555400,4988.25
TOMATOES,555500,4988.0
TOMATOES,555600,4989.0
TOMATOES,555700,4988.5
TOMATOES,555800,4989.0
TOMATOES,555900,4987.5
TOMATOES,556000,4988.5
TOMATOES,556100,4988.75
TOMATOES,556200,4990.5
TOMATOES,556300,4986.75
TOMATOES,556400,4988.25
TOMATOES,556500,4988.0
TOMATOES,556600,4988.25
TOMATOES,556700,4988.5
TOMATOES,556800,4988.25
TOMATOES,556900,4988.5
TOMATOES,557000,4988.75
TOMATOES,557100,4988.5
TOMATOES,557200,4989.0
TOMATOES,557300,4988.0
TOMATOES,557400,4988.0
TOMATOES,557500,4988.25
TOMATOES,557600,4988.5
TOMATOES,557700,4988.75
TOMATOES,557800,4988.75
TOMATOES,557900,4988.75
TOMATOES,558000,4989.0
TOMATOES,558100,4989.25
TOMATOES,558200,4989.0
TOMATOES,558300,4989.5
TOMATOES,558400,4989.75
TOMATOES,558500,4988.5
TOMATOES,558600,4989.25
TOMATOES,558700,4989.25
TOMATOES,558800,4988.0
TOMATOES,558900,4989.75
TOMATOES,559000,4990.5
TOMATOES,559100,4991.25
TOMATOES,559200,4991.25
TOMATOES,559300,4991.25
TOMATOES,559400,4991.0
TOMATOES,559500,4991.25
TOMATOES,559600,4990.75
TOMATOES,559700,4991.5
TOMATOES,559800,4991.5
TOMATOES,559900,4991.25
TOMATOES,560000,4991.5
TOMATOES,560100,4991.5
TOMATOES,560200,4991.5
TOMATOES,560300,4991.25
TOMATOES,560400,4990.75
TOMATOES,560500,4991.0
TOMATOES,560600,4991.0
TOMATOES,560700,4991.25
TOMATOES,560800,4991.75
TOMATOES,560900,4991.0
TOMATOES,561000,4990.75
TOMATOES,561100,4990.25
TOMATOES,561200,4988.75
TOMATOES,561300,4989.75
TOMATOES,561400,4990.0
TOMATOES,561500,4989.5
TOMATOES,561600,4989.75
TOMATOES,561700,4989.5
TOMATOES,561800,4988.75
TOMATOES,561900,4989.0
TOMATOES,562000,4988.75
TOMATOES,562100,4989.25
TOMATOES,562200,4989.5
TOMATOES,562300,4989.5
TOMATOES,562400,4991.25
TOMATOES,562500,4990.25
TOMATOES,562600,4989.75
TOMATOES,562700,4990.0
TOMATOES,562800,4990.0
TOMATOES,562900,4990.0
TOMATOES,563000,4989.75
TOMATOES,563100,4990.25
TOMATOES,563200,4987.75
TOMATOES,563300,4989.75
TOMATOES,563400,4989.5
TOMATOES,563500,4989.75
TOMATOES,563600,4990.25
TOMATOES,563700,4990.0
TOMATOES,563800,4989.75
TOMATOES,563900,4990.0
TOMATOES,564000,4989.75
TOMATOES,564100,4989.75
TOMATOES,564200,4989.75
TOMATOES,564300,4989.75
TOMATOES,564400,4989.5
TOMATOES,564500,4989.25
TOMATOES,564600,4989.0
TOMATOES,564700,4988.5
TOMATOES,564800,4987.0
TOMATOES,564900,4987.5
TOMATOES,565000,4987.25
TOMATOES,565100,4987.75
TOMATOES,565200,4987.5
TOMATOES,565300,4987.75
TOMATOES,565400,4987.75
TOMATOES,565500,4989.0
TOMATOES,565600,4988.0
TOMATOES,565700,4987.75
TOMATOES,565800,4987.75
TOMATOES,565900,4987.75
TOMATOES,566000,4987.5
TOMATOES,566100,4987.25
TOMATOES,566200,4987.5
TOMATOES,566300,4986.75
TOMATOES,566400,4986.75
TOMATOES,566500,4986.25
TOMATOES,566600,4986.5
TOMATOES,566700,4987.0
TOMATOES,566800,4988.25
TOMATOES,566900,4987.25
TOMATOES,567000,4987.5
TOMATOES,567100,4987.5
TOMATOES,567200,4987.25
TOMATOES,567300,4987.0
TOMATOES,567400,4987.0
TOMATOES,567500,4986.0
TOMATOES,567600,4986.25
TOMATOES,567700,4986.5
TOMATOES,567800,4986.0
TOMATOES,567900,4986.0
TOMATOES,568000,4986.0
TOMATOES,568100,4986.0
TOMATOES,568200,4985.5
TOMATOES,568300,4985.0
TOMATOES,568400,4985.5
TOMATOES,568500,4985.25
TOMATOES,568600,4985.5
TOMATOES,568700,4985.25
TOMATOES,568800,4985.0
TOMATOES,568900,4983.5
TOMATOES,569000,4982.5
TOMATOES,569100,4984.5
TOMATOES,569200,4984.75
TOMATOES,569300,4985.25
TOMATOES,569400,4984.75
TOMATOES,569500,4986.5
TOMATOES,569600,4985.75
TOMATOES,569700,4986.75
TOMATOES,569800,4988.75
TOMATOES,569900,4987.25
TOMATOES,570000,4988.5
TOMATOES,570100,4988.0
TOMATOES,570200,4987.75
TOMATOES,570300,4988.75
TOMATOES,570400,4987.25
TOMATOES,570500,4987.0
TOMATOES,570600,4987.0
TOMATOES,570700,4987.0
TOMATOES,570800,4989.25
TOMATOES,570900,4988.25
TOMATOES,571000,4987.25
TOMATOES,571100,4987.0
TOMATOES,571200,4987.25
TOMATOES,571300,4987.25
TOMATOES,571400,4987.25
TOMATOES,571500,4987.25
TOMATOES,571600,4987.5
TOMATOES,571700,4986.25
TOMATOES,571800,4985.25
TOMATOES,571900,4987.25
TOMATOES,572000,4987.0
TOMATOES,572100,4986.75
TOMATOES,572200,4986.25
TOMATOES,572300,4986.0
TOMATOES,572400,4985.5
TOMATOES,572500,4985.25
TOMATOES,572600,4984.75
TOMATOES,572700,4984.5
TOMATOES,572800,4985.0
TOMATOES,572900,4984.5
TOMATOES,573000,4984.25
TOMATOES,573100,4984.25
TOMATOES,573200,4984.0
TOMATOES,573300,4984.25
TOMATOES,573400,4984.5
TOMATOES,573500,4985.0
TOMATOES,573600,4984.75
TOMATOES,573700,4986.25
TOMATOES,573800,4984.5
TOMATOES,573900,4984.5
TOMATOES,574000,4984.25
TOMATOES,574100,4984.5
TOMATOES,574200,4987.75
TOMATOES,574300,4984.75
TOMATOES,574400,4985.25
TOMATOES,574500,4985.25
TOMATOES,574600,4983.75
TOMATOES,574700,4985.75
TOMATOES,574800,4985.75
TOMATOES,574900,4985.5
TOMATOES,575000,4985.5
TOMATOES,575100,4983.5
TOMATOES,575200,4985.25
TOMATOES,575300,4985.25
TOMATOES,575400,4985.5
TOMATOES,575500,4985.75
TOMATOES,575600,4986.0
TOMATOES,575700,4986.5
TOMATOES,575800,4986.5
TOMATOES,575900,4987.0
TOMATOES,576000,4986.75
TOMATOES,576100,4986.5
TOMATOES,576200,4986.5
TOMATOES,576300,4987.0
TOMATOES,576400,4987.0
TOMATOES,576500,4987.0
TOMATOES,576600,4986.75
TOMATOES,576700,4987.5
TOMATOES,576800,4987.5
TOMATOES,576900,4987.75
TOMATOES,577000,4987.75
TOMATOES,577100,4988.5
TOMATOES,577200,4988.25
TOMATOES,577300,4987.5
TOMATOES,577400,4987.25
TOMATOES,577500,4987.5
TOMATOES,577600,4988.0
TOMATOES,577700,4987.75
TOMATOES,577800,4988.25
TOMATOES,577900,4988.5
TOMATOES,578000,4988.75
TOMATOES,578100,4988.0
TOMATOES,578200,4987.75
TOMATOES,578300,4987.5
TOMATOES,578400,4987.25
TOMATOES,578500,4986.0
TOMATOES,578600,4987.5
TOMATOES,578700,4986.75
TOMATOES,578800,4985.25
TOMATOES,578900,4987.25
TOMATOES,579000,4987.5
TOMATOES,579100,4988.25
TOMATOES,579200,4988.0
TOMATOES,579300,4988.0
TOMATOES,579400,4988.5
TOMATOES,579500,4988.75
TOMATOES,579600,4988.75
TOMATOES,579700,4990.5
TOMATOES,579800,4990.5
TOMATOES,579900,4989.0
TOMATOES,580000,4989.25
TOMATOES,580100,4989.25
TOMATOES,580200,4989.5
TOMATOES,580300,4989.75
TOMATOES,580400,4989.5
TOMATOES,580500,4989.75
TOMATOES,580600,4990.25
TOMATOES,580700,4988.5
TOMATOES,580800,4990.25
TOMATOES,580900,4990.25
TOMATOES,581000,4989.75
TOMATOES,581100,4990.75
TOMATOES,581200,4989.5
TOMATOES,581300,4989.5
TOMATOES,581400,4989.0
TOMATOES,581500,4989.0
TOMATOES,581600,4989.25
TOMATOES,581700,4989.0
TOMATOES,581800,4989.0
TOMATOES,581900,4989.25
TOMATOES,582000,4989.25
TOMATOES,582100,4989.5
TOMATOES,582200,4989.25
TOMATOES,582300,4989.0
TOMATOES,582400,4989.0
TOMATOES,582500,4989.0
TOMATOES,582600,4989.5
TOMATOES,582700,4989.0
TOMATOES,582800,4990.0
TOMATOES,582900,4989.0
TOMATOES,583000,4988.75
TOMATOES,583100,4988.5
TOMATOES,583200,4988.5
TOMATOES,583300,4988.5
TOMATOES,583400,4987.5
TOMATOES,583500,4987.0
TOMATOES,583600,4987.0
TOMATOES,583700,4986.25
TOMATOES,583800,4986.5
TOMATOES,583900,4986.5
TOMATOES,584000,4986.0
TOMATOES,584100,4986.25
TOMATOES,584200,4986.5
TOMATOES,584300,4986.5
TOMATOES,584400,4986.5
TOMATOES,584500,4986.75
TOMATOES,584600,4986.5
TOMATOES,584700,4986.5
TOMATOES,584800,4986.75
TOMATOES,584900,4986.5
TOMATOES,585000,4986.0
TOMATOES,585100,4986.25
TOMATOES,585200,4986.25
TOMATOES,585300,4988.0
TOMATOES,585400,4986.0
TOMATOES,585500,4986.5
TOMATOES,585600,4986.0
TOMATOES,585700,4986.25
TOMATOES,585800,4986.25
TOMATOES,585900,4986.25
TOMATOES,586000,4985.75
TOMATOES,586100,4986.0
TOMATOES,586200,4986.25
TOMATOES,586300,4985.5
TOMATOES,586400,4985.5
TOMATOES,586500,4985.75
TOMATOES,586600,4986.0
TOMATOES,586700,4985.5
TOMATOES,586800,4985.75
TOMATOES,586900,4985.25
TOMATOES,587000,4985.0
TOMATOES,587100,4984.5
TOMATOES,587200,4985.75
TOMATOES,587300,4982.0
TOMATOES,587400,4983.75
TOMATOES,587500,4982.25
TOMATOES,587600,4984.25
TOMATOES,587700,4984.5
TOMATOES,587800,4984.25
TOMATOES,587900,4984.25
TOMATOES,588000,4984.0
TOMATOES,588100,4984.5
TOMATOES,588200,4984.25
TOMATOES,588300,4983.5
TOMATOES,588400,4985.0
TOMATOES,588500,4984.5
TOMATOES,588600,4985.0
TOMATOES,588700,4984.5
TOMATOES,588800,4984.5
TOMATOES,588900,4984.25
TOMATOES,589000,4984.5
TOMATOES,589100,4984.75
TOMATOES,589200,4984.25
TOMATOES,589300,4984.5
TOMATOES,589400,4984.75
TOMATOES,589500,4985.0
TOMATOES,589600,4985.25
TOMATOES,589700,4984.75
TOMATOES,589800,4982.25
TOMATOES,589900,4984.75
TOMATOES,590000,4985.0
TOMATOES,590100,4984.75
TOMATOES,590200,4985.0
TOMATOES,590300,4985.25
TOMATOES,590400,4985.25
TOMATOES,590500,4985.75
TOMATOES,590600,4985.5
TOMATOES,590700,4985.25
TOMATOES,590800,4983.25
TOMATOES,590900,4985.25
TOMATOES,591000,4986.0
TOMATOES,591100,4986.5
TOMATOES,591200,4987.75
TOMATOES,591300,4986.75
TOMATOES,591400,4987.0
TOMATOES,591500,4987.25
TOMATOES,591600,4987.0
TOMATOES,591700,4986.75
TOMATOES,591800,4986.5
TOMATOES,591900,4987.5
TOMATOES,592000,4985.75
TOMATOES,592100,4985.75
TOMATOES,592200,4985.5
TOMATOES,592300,4986.25
TOMATOES,592400,4986.0
TOMATOES,592500,4985.75
TOMATOES,592600,4987.0
TOMATOES,592700,4985.5
TOMATOES,592800,4985.5
TOMATOES,592900,4985.75
TOMATOES,593000,4986.0
TOMATOES,593100,4983.75
TOMATOES,593200,4985.75
TOMATOES,593300,4985.5
TOMATOES,593400,4984.25
TOMATOES,593500,4986.0
TOMATOES,593600,4988.25
TOMATOES,593700,4987.25
TOMATOES,593800,4987.5
TOMATOES,593900,4987.5
TOMATOES,594000,4988.0
TOMATOES,594100,4988.0
TOMATOES,594200,4987.75
TOMATOES,594300,4987.75
TOMATOES,594400,4987.0
TOMATOES,594500,4987.75
TOMATOES,594600,4987.75
TOMATOES,594700,4987.5
TOMATOES,594800,4987.5
TOMATOES,594900,4987.25
TOMATOES,595000,4987.5
TOMATOES,595100,4987.25
TOMATOES,595200,4987.25
TOMATOES,595300,4988.0
TOMATOES,595400,4988.25
TOMATOES,595500,4986.25
TOMATOES,595600,4986.25
TOMATOES,595700,4986.0
TOMATOES,595800,4986.5
TOMATOES,595900,4986.5
TOMATOES,596000,4987.0
TOMATOES,596100,4987.5
TOMATOES,596200,4987.75
TOMATOES,596300,4988.25
TOMATOES,596400,4988.5
TOMATOES,596500,4988.75
TOMATOES,596600,4989.0
TOMATOES,596700,4989.25
TOMATOES,596800,4989.25
TOMATOES,596900,4989.0
TOMATOES,597000,4989.0
TOMATOES,597100,4989.0
TOMATOES,597200,4988.25
TOMATOES,597300,4988.0
TOMATOES,597400,4988.5
TOMATOES,597500,4988.5
TOMATOES,597600,4988.5
TOMATOES,597700,4988.5
TOMATOES,597800,4989.75
TOMATOES,597900,4988.75
TOMATOES,598000,4988.75
TOMATOES,598100,4989.0
TOMATOES,598200,4988.5
TOMATOES,598300,4988.75
TOMATOES,598400,4988.75
TOMATOES,598500,4988.25
TOMATOES,598600,4988.0
TOMATOES,598700,4989.25
TOMATOES,598800,4988.75
TOMATOES,598900,4988.75
TOMATOES,599000,4988.75
TOMATOES,599100,4988.0
TOMATOES,599200,4988.25
TOMATOES,599300,4990.0
TOMATOES,599400,4988.0
TOMATOES,599500,4987.75
TOMATOES,599600,4986.75
TOMATOES,599700,4988.0
TOMATOES,599800,4987.5
TOMATOES,599900,4987.5
TOMATOES,600000,4988.0
TOMATOES,600100,4987.75
TOMATOES,600200,4987.75
TOMATOES,600300,4987.5
TOMATOES,600400,4987.5
TOMATOES,600500,4987.0
TOMATOES,600600,4987.5
TOMATOES,600700,4987.5
TOMATOES,600800,4986.75
TOMATOES,600900,4986.5
TOMATOES,601000,4986.75
TOMATOES,601100,4986.75
TOMATOES,601200,4987.5
TOMATOES,601300,4988.25
TOMATOES,601400,4989.0
TOMATOES,601500,4987.5
TOMATOES,601600,4988.75
TOMATOES,601700,4989.25
TOMATOES,601800,4989.5
TOMATOES,601900,4989.5
TOMATOES,602000,4989.0
TOMATOES,602100,4988.75
TOMATOES,602200,4990.0
TOMATOES,602300,4990.75
TOMATOES,602400,4990.0
TOMATOES,602500,4990.0
TOMATOES,602600,4990.0
TOMATOES,602700,4991.75
TOMATOES,602800,4990.25
TOMATOES,602900,4990.75
TOMATOES,603000,4990.25
TOMATOES,603100,4991.0
TOMATOES,603200,4991.5
TOMATOES,603300,4991.75
TOMATOES,603400,4989.5
TOMATOES,603500,4991.5
TOMATOES,603600,4991.75
TOMATOES,603700,4992.25
TOMATOES,603800,4992.0
TOMATOES,603900,4991.75
TOMATOES,604000,4991.75
TOMATOES,604100,4991.5
TOMATOES,604200,4989.75
TOMATOES,604300,4991.25
TOMATOES,604400,4988.75
TOMATOES,604500,4990.75
TOMATOES,604600,4990.5
TOMATOES,604700,4990.25
TOMATOES,604800,4990.5
TOMATOES,604900,4989.75
TOMATOES,605000,4989.5
TOMATOES,605100,4989.0
TOMATOES,605200,4989.25
TOMATOES,605300,4989.5
TOMATOES,605400,4989.5
TOMATOES,605500,4989.75
TOMATOES,605600,4989.5
TOMATOES,605700,4989.75
TOMATOES,605800,4989.5
TOMATOES,605900,4990.25
TOMATOES,606000,4990.25
TOMATOES,606100,4990.0
TOMATOES,606200,4989.75
TOMATOES,606300,4990.0
TOMATOES,606400,4989.5
TOMATOES,606500,4989.25
TOMATOES,606600,4988.5
TOMATOES,606700,4988.0
TOMATOES,606800,4988.0
TOMATOES,606900,4987.75
TOMATOES,607000,4987.75
TOMATOES,607100,4987.5
TOMATOES,607200,4987.75
TOMATOES,607300,4987.5
TOMATOES,607400,4987.5
TOMATOES,607500,4987.5
TOMATOES,607600,4987.5
TOMATOES,607700,4987.75
TOMATOES,607800,4987.75
TOMATOES,607900,4988.0
TOMATOES,608000,4988.0
TOMATOES,608100,4988.25
TOMATOES,608200,4988.0
TOMATOES,608300,4988.5
TOMATOES,608400,4988.25
TOMATOES,608500,4988.75
TOMATOES,608600,4988.5
TOMATOES,608700,4988.5
TOMATOES,608800,4988.25
TOMATOES,608900,4988.0
TOMATOES,609000,4989.75
TOMATOES,609100,4988.25
TOMATOES,609200,4988.0
TOMATOES,609300,4987.75
TOMATOES,609400,4987.25
TOMATOES,609500,4986.5
TOMATOES,609600,4986.0
TOMATOES,609700,4986.5
TOMATOES,609800,4986.75
TOMATOES,609900,4987.25
TOMATOES,610000,4987.75
TOMATOES,610100,4987.75
TOMATOES,610200,4989.5
TOMATOES,610300,4987.75
TOMATOES,610400,4988.0
TOMATOES,610500,4987.75
TOMATOES,610600,4986.75
TOMATOES,610700,4987.0
TOMATOES,610800,4985.5
TOMATOES,610900,4987.5
TOMATOES,611000,4987.5
TOMATOES,611100,4986.25
TOMATOES,611200,4987.75
TOMATOES,611300,4988.25
TOMATOES,611400,4988.25
TOMATOES,611500,4989.0
TOMATOES,611600,4989.0
TOMATOES,611700,4989.25
TOMATOES,611800,4990.0
TOMATOES,611900,4992.0
TOMATOES,612000,4990.0
TOMATOES,612100,4990.5
TOMATOES,612200,4989.75
TOMATOES,612300,4989.75
TOMATOES,612400,4989.75
TOMATOES,612500,4989.5
TOMATOES,612600,4987.25
TOMATOES,612700,4989.5
TOMATOES,612800,4989.75
TOMATOES,612900,4989.75
TOMATOES,613000,4989.25
TOMATOES,613100,4989.0
TOMATOES,613200,4991.5
TOMATOES,613300,4989.25
TOMATOES,613400,4987.25
TOMATOES,613500,4987.75
TOMATOES,613600,4989.5
TOMATOES,613700,4989.0
TOMATOES,613800,4989.25
TOMATOES,613900,4988.75
TOMATOES,614000,4988.5
TOMATOES,614100,4988.0
TOMATOES,614200,4986.0
TOMATOES,614300,4987.25
TOMATOES,614400,4987.25
TOMATOES,614500,4986.75
TOMATOES,614600,4986.5
TOMATOES,614700,4986.25
TOMATOES,614800,4987.75
TOMATOES,614900,4986.25
TOMATOES,615000,4986.25
TOMATOES,615100,4986.25
TOMATOES,615200,4986.25
TOMATOES,615300,4984.5
TOMATOES,615400,4986.25
TOMATOES,615500,4986.0
TOMATOES,615600,4985.75
TOMATOES,615700,4987.25
TOMATOES,615800,4987.5
TOMATOES,615900,4985.25
TOMATOES,616000,4985.5
TOMATOES,616100,4985.0
TOMATOES,616200,4984.25
TOMATOES,616300,4984.25
TOMATOES,616400,4987.0
TOMATOES,616500,4985.0
TOMATOES,616600,4985.0
TOMATOES,616700,4985.25
TOMATOES,616800,4985.25
TOMATOES,616900,4985.0
TOMATOES,617000,4984.75
TOMATOES,617100,4984.75
TOMATOES,617200,4984.75
TOMATOES,617300,4985.5
TOMATOES,617400,4985.25
TOMATOES,617500,4985.5
TOMATOES,617600,4985.0
TOMATOES,617700,4983.5
TOMATOES,617800,4985.75
TOMATOES,617900,4985.75
TOMATOES,618000,4986.0
TOMATOES,618100,4986.5
TOMATOES,618200,4986.75
TOMATOES,618300,4988.75
TOMATOES,618400,4985.5
TOMATOES,618500,4986.5
TOMATOES,618600,4988.0
TOMATOES,618700,4986.75
TOMATOES,618800,4987.0
TOMATOES,618900,4987.25
TOMATOES,619000,4987.0
TOMATOES,619100,4987.25
TOMATOES,619200,4988.0
TOMATOES,619300,4988.25
TOMATOES,619400,4988.25
TOMATOES,619500,4989.5
TOMATOES,619600,4988.25
TOMATOES,619700,4988.5
TOMATOES,619800,4988.0
TOMATOES,619900,4989.75
TOMATOES,620000,4988.75
TOMATOES,620100,4988.5
TOMATOES,620200,4988.75
TOMATOES,620300,4988.75
TOMATOES,620400,4988.5
TOMATOES,620500,4988.25
TOMATOES,620600,4988.75
TOMATOES,620700,4988.5
TOMATOES,620800,4988.25
TOMATOES,620900,4988.5
TOMATOES,621000,4988.5
TOMATOES,621100,4988.5
TOMATOES,621200,4987.0
TOMATOES,621300,4987.0
TOMATOES,621400,4989.0
TOMATOES,621500,4988.5
TOMATOES,621600,4988.75
TOMATOES,621700,4989.25
TOMATOES,621800,4989.0
TOMATOES,621900,4989.25
TOMATOES,622000,4990.5
TOMATOES,622100,4989.0
TOMATOES,622200,4988.75
TOMATOES,622300,4988.75
TOMATOES,622400,4988.25
TOMATOES,622500,4988.5
TOMATOES,622600,4988.0
TOMATOES,622700,4987.5
TOMATOES,622800,4986.0
TOMATOES,622900,4985.75
TOMATOES,623000,4988.25
TOMATOES,623100,4988.5
TOMATOES,623200,4988.25
TOMATOES,623300,4989.75
TOMATOES,623400,4987.25
TOMATOES,623500,4987.0
TOMATOES,623600,4987.5
TOMATOES,623700,4987.5
TOMATOES,623800,4987.25
TOMATOES,623900,4987.25
TOMATOES,624000,4987.25
TOMATOES,624100,4987.25
TOMATOES,624200,4987.25
TOMATOES,624300,4987.75
TOMATOES,624400,4988.5
TOMATOES,624500,4988.25
TOMATOES,624600,4988.25
TOMATOES,624700,4988.0
TOMATOES,624800,4989.75
TOMATOES,624900,4988.25
TOMATOES,625000,4987.75
TOMATOES,625100,4987.25
TOMATOES,625200,4987.0
TOMATOES,625300,4984.5
TOMATOES,625400,4988.0
TOMATOES,625500,4986.5
TOMATOES,625600,4986.25
TOMATOES,625700,4986.5
TOMATOES,625800,4987.0
TOMATOES,625900,4987.25
TOMATOES,626000,4987.75
TOMATOES,626100,4989.0
TOMATOES,626200,4987.75
TOMATOES,626300,4987.5
TOMATOES,626400,4987.75
TOMATOES,626500,4988.0
TOMATOES,626600,4987.75
TOMATOES,626700,4987.75
TOMATOES,626800,4987.5
TOMATOES,626900,4987.75
TOMATOES,627000,4988.0
TOMATOES,627100,4989.75
TOMATOES,627200,4987.75
TOMATOES,627300,4988.0
TOMATOES,627400,4987.75
TOMATOES,627500,4987.5
TOMATOES,627600,4987.0
TOMATOES,627700,4987.25
TOMATOES,627800,4987.5
TOMATOES,627900,4987.25
TOMATOES,628000,4985.25
TOMATOES,628100,4988.0
TOMATOES,628200,4988.25
TOMATOES,628300,4988.75
TOMATOES,628400,4988.75
TOMATOES,628500,4987.25
TOMATOES,628600,4989.0
TOMATOES,628700,4989.5
TOMATOES,628800,4989.5
TOMATOES,628900,4989.75
TOMATOES,629000,4990.25
TOMATOES,629100,4990.25
TOMATOES,629200,4990.25
TOMATOES,629300,4990.25
TOMATOES,629400,4990.25
TOMATOES,629500,4990.5
TOMATOES,629600,4990.75
TOMATOES,629700,4992.25
TOMATOES,629800,4990.25
TOMATOES,629900,4990.0
TOMATOES,630000,4990.0
TOMATOES,630100,4990.0
TOMATOES,630200,4990.0
TOMATOES,630300,4989.75
TOMATOES,630400,4988.5
TOMATOES,630500,4990.25
TOMATOES,630600,4990.0
TOMATOES,630700,4990.5
TOMATOES,630800,4989.5
TOMATOES,630900,4990.0
TOMATOES,631000,4991.75
TOMATOES,631100,4991.0
TOMATOES,631200,4991.0
TOMATOES,631300,4989.0
TOMATOES,631400,4990.5
TOMATOES,631500,4990.0
TOMATOES,631600,4990.0
TOMATOES,631700,4990.25
TOMATOES,631800,4988.5
TOMATOES,631900,4989.5
TOMATOES,632000,4989.5
TOMATOES,632100,4989.75
TOMATOES,632200,4989.5
TOMATOES,632300,4990.0
TOMATOES,632400,4990.75
TOMATOES,632500,4990.5
TOMATOES,632600,4989.75
TOMATOES,632700,4989.25
TOMATOES,632800,4988.75
TOMATOES,632900,4988.5
TOMATOES,633000,4988.25
TOMATOES,633100,4986.5
TOMATOES,633200,4988.5
TOMATOES,633300,4989.25
TOMATOES,633400,4988.0
TOMATOES,633500,4987.5
TOMATOES,633600,4987.5
TOMATOES,633700,4987.5
TOMATOES,633800,4987.5
TOMATOES,633900,4987.5
TOMATOES,634000,4987.0
TOMATOES,634100,4987.5
TOMATOES,634200,4987.75
TOMATOES,634300,4988.25
TOMATOES,634400,4988.5
TOMATOES,634500,4985.75
TOMATOES,634600,4987.25
TOMATOES,634700,4986.75
TOMATOES,634800,4986.25
TOMATOES,634900,4987.0
TOMATOES,635000,4986.75
TOMATOES,635100,4988.0
TOMATOES,635200,4986.25
TOMATOES,635300,4986.25
TOMATOES,635400,4985.0
TOMATOES,635500,4986.5
TOMATOES,635600,4986.75
TOMATOES,635700,4986.0
TOMATOES,635800,4986.5
TOMATOES,635900,4986.5
TOMATOES,636000,4986.5
TOMATOES,636100,4986.0
TOMATOES,636200,4986.5
TOMATOES,636300,4986.0
TOMATOES,636400,4985.75
TOMATOES,636500,4985.75
TOMATOES,636600,4983.5
TOMATOES,636700,4985.5
TOMATOES,636800,4985.0
TOMATOES,636900,4985.5
TOMATOES,637000,4985.25
TOMATOES,637100,4985.25
TOMATOES,637200,4985.25
TOMATOES,637300,4984.75
TOMATOES,637400,4984.0
TOMATOES,637500,4984.5
TOMATOES,637600,4984.25
TOMATOES,637700,4983.5
TOMATOES,637800,4983.25
TOMATOES,637900,4984.0
TOMATOES,638000,4982.25
TOMATOES,638100,4983.75
TOMATOES,638200,4984.0
TOMATOES,638300,4984.0
TOMATOES,638400,4983.75
TOMATOES,638500,4984.0
TOMATOES,638600,4984.5
TOMATOES,638700,4983.75
TOMATOES,638800,4984.25
TOMATOES,638900,4984.75
TOMATOES,639000,4984.75
TOMATOES,639100,4986.0
TOMATOES,639200,4985.25
TOMATOES,639300,4985.0
TOMATOES,639400,4984.75
TOMATOES,639500,4984.75
TOMATOES,639600,4984.75
TOMATOES,639700,4984.75
TOMATOES,639800,4984.75
TOMATOES,639900,4984.75
TOMATOES,640000,4984.75
TOMATOES,640100,4984.75
TOMATOES,640200,4985.75
TOMATOES,640300,4984.25
TOMATOES,640400,4984.25
TOMATOES,640500,4984.5
TOMATOES,640600,4985.0
TOMATOES,640700,4984.75
TOMATOES,640800,4985.0
TOMATOES,640900,4984.5
TOMATOES,641000,4986.5
TOMATOES,641100,4985.25
TOMATOES,641200,4983.75
TOMATOES,641300,4984.0
TOMATOES,641400,4984.25
TOMATOES,641500,4984.0
TOMATOES,641600,4984.0
TOMATOES,641700,4985.0
TOMATOES,641800,4984.75
TOMATOES,641900,4985.25
TOMATOES,642000,4986.0
TOMATOES,642100,4985.75
TOMATOES,642200,4985.75
TOMATOES,642300,4985.5
TOMATOES,642400,4985.25
TOMATOES,642500,4985.25
TOMATOES,642600,4985.5
TOMATOES,642700,4985.25
TOMATOES,642800,4985.25
TOMATOES,642900,4985.0
TOMATOES,643000,4985.5
TOMATOES,643100,4986.0
TOMATOES,643200,4985.75
TOMATOES,643300,4985.5
TOMATOES,643400,4983.5
TOMATOES,643500,4985.5
TOMATOES,643600,4985.5
TOMATOES,643700,4985.25
TOMATOES,643800,4985.25
TOMATOES,643900,4985.75
TOMATOES,644000,4985.25
TOMATOES,644100,4985.25
TOMATOES,644200,4985.5
TOMATOES,644300,4985.75
TOMATOES,644400,4986.5
TOMATOES,644500,4986.75
TOMATOES,644600,4986.5
TOMATOES,644700,4986.5
TOMATOES,644800,4986.25
TOMATOES,644900,4986.75
TOMATOES,645000,4987.0
TOMATOES,645100,4987.0
TOMATOES,645200,4987.75
TOMATOES,645300,4987.75
TOMATOES,645400,4988.0
TOMATOES,645500,4988.0
TOMATOES,645600,4987.75
TOMATOES,645700,4987.75
TOMATOES,645800,4988.5
TOMATOES,645900,4988.5
TOMATOES,646000,4988.0
TOMATOES,646100,4988.0
TOMATOES,646200,4988.5
TOMATOES,646300,4988.75
TOMATOES,646400,4988.25
TOMATOES,646500,4988.25
TOMATOES,646600,4989.0
TOMATOES,646700,4988.5
TOMATOES,646800,4988.5
TOMATOES,646900,4988.25
TOMATOES,647000,4990.25
TOMATOES,647100,4989.0
TOMATOES,647200,4989.25
TOMATOES,647300,4988.75
TOMATOES,647400,4988.5
TOMATOES,647500,4988.75
TOMATOES,647600,4988.5
TOMATOES,647700,4988.5
TOMATOES,647800,4989.0
TOMATOES,647900,4989.5
TOMATOES,648000,4988.25
TOMATOES,648100,4988.25
TOMATOES,648200,4988.75
TOMATOES,648300,4988.75
TOMATOES,648400,4990.5
TOMATOES,648500,4989.75
TOMATOES,648600,4989.5
TOMATOES,648700,4989.5
TOMATOES,648800,4990.0
TOMATOES,648900,4990.0
TOMATOES,649000,4990.75
TOMATOES,649100,4991.0
TOMATOES,649200,4991.25
TOMATOES,649300,4991.0
TOMATOES,649400,4991.5
TOMATOES,649500,4991.0
TOMATOES,649600,4991.25
TOMATOES,649700,4992.25
TOMATOES,649800,4990.75
TOMATOES,649900,4992.5
TOMATOES,650000,4993.0
TOMATOES,650100,4990.75
TOMATOES,650200,4993.25
TOMATOES,650300,4992.5
TOMATOES,650400,4992.5
TOMATOES,650500,4992.75
TOMATOES,650600,4992.25
TOMATOES,650700,4990.5
TOMATOES,650800,4992.25
TOMATOES,650900,4992.0
TOMATOES,651000,4991.75
TOMATOES,651100,4992.0
TOMATOES,651200,4992.5
TOMATOES,651300,4992.5
TOMATOES,651400,4993.25
TOMATOES,651500,4993.25
TOMATOES,651600,4993.5
TOMATOES,651700,4993.5
TOMATOES,651800,4994.0
TOMATOES,651900,4993.75
TOMATOES,652000,4993.75
TOMATOES,652100,4993.75
TOMATOES,652200,4995.75
TOMATOES,652300,4994.25
TOMATOES,652400,4995.25
TOMATOES,652500,4995.25
TOMATOES,652600,4993.5
TOMATOES,652700,4995.75
TOMATOES,652800,4996.25
TOMATOES,652900,4995.75
TOMATOES,653000,4996.25
TOMATOES,653100,4996.0
TOMATOES,653200,4994.25
TOMATOES,653300,4995.25
TOMATOES,653400,4995.25
TOMATOES,653500,4995.0
TOMATOES,653600,4994.75
TOMATOES,653700,4994.75
TOMATOES,653800,4994.75
TOMATOES,653900,4994.75
TOMATOES,654000,4992.25
TOMATOES,654100,4993.5
TOMATOES,654200,4992.75
TOMATOES,654300,4993.0
TOMATOES,654400,4993.25
TOMATOES,654500,4993.25
TOMATOES,654600,4993.25
TOMATOES,654700,4992.75
TOMATOES,654800,4993.5
TOMATOES,654900,4993.5
TOMATOES,655000,4993.25
TOMATOES,655100,4993.25
TOMATOES,655200,4993.25
TOMATOES,655300,4993.25
TOMATOES,655400,4994.0
TOMATOES,655500,4993.0
TOMATOES,655600,4995.0
TOMATOES,655700,4991.75
TOMATOES,655800,4993.5
TOMATOES,655900,4993.25
TOMATOES,656000,4993.25
TOMATOES,656100,4993.5
TOMATOES,656200,4993.25
TOMATOES,656300,4993.5
TOMATOES,656400,4993.25
TOMATOES,656500,4993.5
TOMATOES,656600,4994.5
TOMATOES,656700,4991.25
TOMATOES,656800,4993.0
TOMATOES,656900,4992.0
TOMATOES,657000,4995.25
TOMATOES,657100,4993.25
TOMATOES,657200,4993.5
TOMATOES,657300,4994.25
TOMATOES,657400,4994.0
TOMATOES,657500,4993.75
TOMATOES,657600,4993.5
TOMATOES,657700,4993.75
TOMATOES,657800,4992.75
TOMATOES,657900,4993.0
TOMATOES,658000,4992.5
TOMATOES,658100,4992.75
TOMATOES,658200,4992.75
TOMATOES,658300,4992.5
TOMATOES,658400,4992.25
TOMATOES,658500,4992.75
TOMATOES,658600,4993.25
TOMATOES,658700,4993.25
TOMATOES,658800,4991.0
TOMATOES,658900,4994.0
TOMATOES,659000,4992.75
TOMATOES,659100,4992.75
TOMATOES,659200,4992.75
TOMATOES,659300,4993.0
TOMATOES,659400,4992.75
TOMATOES,659500,4992.75
TOMATOES,659600,4992.5
TOMATOES,659700,4992.25
TOMATOES,659800,4992.5
TOMATOES,659900,4992.25
TOMATOES,660000,4992.5
TOMATOES,660100,4992.5
TOMATOES,660200,4992.75
TOMATOES,660300,4993.0
TOMATOES,660400,4992.25
TOMATOES,660500,4992.75
TOMATOES,660600,4992.5
TOMATOES,660700,4991.75
TOMATOES,660800,4993.5
TOMATOES,660900,4994.75
TOMATOES,661000,4994.0
TOMATOES,661100,4994.25
TOMATOES,661200,4995.0
TOMATOES,661300,4995.5
TOMATOES,661400,4995.25
TOMATOES,661500,4995.5
TOMATOES,661600,4995.75
TOMATOES,661700,4996.0
TOMATOES,661800,4995.5
TOMATOES,661900,4995.5
TOMATOES,662000,4996.5
TOMATOES,662100,4995.25
TOMATOES,662200,4995.25
TOMATOES,662300,4995.25
TOMATOES,662400,4995.5
TOMATOES,662500,4995.5
TOMATOES,662600,4995.0
TOMATOES,662700,4995.25
TOMATOES,662800,4996.75
TOMATOES,662900,4994.75
TOMATOES,663000,4995.0
TOMATOES,663100,4994.25
TOMATOES,663200,4994.25
TOMATOES,663300,4994.25
TOMATOES,663400,4994.5
TOMATOES,663500,4995.75
TOMATOES,663600,4994.75
TOMATOES,663700,4995.25
TOMATOES,663800,4997.0
TOMATOES,663900,4995.5
TOMATOES,664000,4995.5
TOMATOES,664100,4995.25
TOMATOES,664200,4995.0
TOMATOES,664300,4995.0
TOMATOES,664400,4994.5
TOMATOES,664500,4994.75
TOMATOES,664600,4995.0
TOMATOES,664700,4994.75
TOMATOES,664800,4995.5
TOMATOES,664900,4994.75
TOMATOES,665000,4994.25
TOMATOES,665100,4993.5
TOMATOES,665200,4994.0
TOMATOES,665300,4994.25
TOMATOES,665400,4993.75
TOMATOES,665500,4993.25
TOMATOES,665600,4993.0
TOMATOES,665700,4993.0
TOMATOES,665800,4993.0
TOMATOES,665900,4993.25
TOMATOES,666000,4993.25
TOMATOES,666100,4993.5
TOMATOES,666200,4995.5
TOMATOES,666300,4994.5
TOMATOES,666400,4991.25
TOMATOES,666500,4994.5
TOMATOES,666600,4994.25
TOMATOES,666700,4994.25
TOMATOES,666800,4994.75
TOMATOES,666900,4994.5
TOMATOES,667000,4994.0
TOMATOES,667100,4994.5
TOMATOES,667200,4993.75
TOMATOES,667300,4992.25
TOMATOES,667400,4991.0
TOMATOES,667500,4995.25
TOMATOES,667600,4994.75
TOMATOES,667700,4995.0
TOMATOES,667800,4993.0
TOMATOES,667900,4994.5
TOMATOES,668000,4994.5
TOMATOES,668100,4992.75
TOMATOES,668200,4993.0
TOMATOES,668300,4995.0
TOMATOES,668400,4995.0
TOMATOES,668500,4994.75
TOMATOES,668600,4994.75
TOMATOES,668700,4995.25
TOMATOES,668800,4995.0
TOMATOES,668900,4994.5
TOMATOES,669000,4993.75
TOMATOES,669100,4993.25
TOMATOES,669200,4993.5
TOMATOES,669300,4993.25
TOMATOES,669400,4993.0
TOMATOES,669500,4993.5
TOMATOES,669600,4993.0
TOMATOES,669700,4992.5
TOMATOES,669800,4993.0
TOMATOES,669900,4992.75
TOMATOES,670000,4992.5
TOMATOES,670100,4992.75
TOMATOES,670200,4991.75
TOMATOES,670300,4992.0
TOMATOES,670400,4991.5
TOMATOES,670500,4989.75
TOMATOES,670600,4992.5
TOMATOES,670700,4992.25
TOMATOES,670800,4992.25
TOMATOES,670900,4991.75
TOMATOES,671000,4991.5
TOMATOES,671100,4991.5
TOMATOES,671200,4990.25
TOMATOES,671300,4991.75
TOMATOES,671400,4991.5
TOMATOES,671500,4992.0
TOMATOES,671600,4990.75
TOMATOES,671700,4991.5
TOMATOES,671800,4991.75
TOMATOES,671900,4991.25
TOMATOES,672000,4990.5
TOMATOES,672100,4988.25
TOMATOES,672200,4990.0
TOMATOES,672300,4990.25
TOMATOES,672400,4988.0
TOMATOES,672500,4989.5
TOMATOES,672600,4989.5
TOMATOES,672700,4989.25
TOMATOES,672800,4989.25
TOMATOES,672900,4989.25
TOMATOES,673000,4989.25
TOMATOES,673100,4989.5
TOMATOES,673200,4989.5
TOMATOES,673300,4989.25
TOMATOES,673400,4989.5
TOMATOES,673500,4989.75
TOMATOES,673600,4989.75
TOMATOES,673700,4989.5
TOMATOES,673800,4991.25
TOMATOES,673900,4988.75
TOMATOES,674000,4988.5
TOMATOES,674100,4988.75
TOMATOES,674200,4988.5
TOMATOES,674300,4989.25
TOMATOES,674400,4989.25
TOMATOES,674500,4989.5
TOMATOES,674600,4988.5
TOMATOES,674700,4988.5
TOMATOES,674800,4988.0
TOMATOES,674900,4987.75
TOMATOES,675000,4986.25
TOMATOES,675100,4988.0
TOMATOES,675200,4988.0
TOMATOES,675300,4987.75
TOMATOES,675400,4989.25
TOMATOES,675500,4987.25
TOMATOES,675600,4987.0
TOMATOES,675700,4987.0
TOMATOES,675800,4986.75
TOMATOES,675900,4986.75
TOMATOES,676000,4987.0
TOMATOES,676100,4987.75
TOMATOES,676200,4987.25
TOMATOES,676300,4988.75
TOMATOES,676400,4986.75
TOMATOES,676500,4986.5
TOMATOES,676600,4986.5
TOMATOES,676700,4986.5
TOMATOES,676800,4988.75
TOMATOES,676900,4989.25
TOMATOES,677000,4987.0
TOMATOES,677100,4987.5
TOMATOES,677200,4988.75
TOMATOES,677300,4988.0
TOMATOES,677400,4988.0
TOMATOES,677500,4988.0
TOMATOES,677600,4988.25
TOMATOES,677700,4987.5
TOMATOES,677800,4987.75
TOMATOES,677900,4988.0
TOMATOES,678000,4988.0
TOMATOES,678100,4988.25
TOMATOES,678200,4989.5
TOMATOES,678300,4988.5
TOMATOES,678400,4988.25
TOMATOES,678500,4988.25
TOMATOES,678600,4987.5
TOMATOES,678700,4988.25
TOMATOES,678800,4987.0
TOMATOES,678900,4989.25
TOMATOES,679000,4989.25
TOMATOES,679100,4988.5
TOMATOES,679200,4988.25
TOMATOES,679300,4988.25
TOMATOES,679400,4989.25
TOMATOES,679500,4986.25
TOMATOES,679600,4987.75
TOMATOES,679700,4989.25
TOMATOES,679800,4987.75
TOMATOES,679900,4987.75
TOMATOES,680000,4986.25
TOMATOES,680100,4987.5
TOMATOES,680200,4987.75
TOMATOES,680300,4987.75
TOMATOES,680400,4987.75
TOMATOES,680500,4988.0
TOMATOES,680600,4987.25
TOMATOES,680700,4987.5
TOMATOES,680800,4988.0
TOMATOES,680900,4988.0
TOMATOES,681000,4988.5
TOMATOES,681100,4989.0
TOMATOES,681200,4987.75
TOMATOES,681300,4989.5
TOMATOES,681400,4989.5
TOMATOES,681500,4989.25
TOMATOES,681600,4989.0
TOMATOES,681700,4988.5
TOMATOES,681800,4988.75
TOMATOES,681900,4988.5
TOMATOES,682000,4990.5
TOMATOES,682100,4989.0
TOMATOES,682200,4989.75
TOMATOES,682300,4991.0
TOMATOES,682400,4988.25
TOMATOES,682500,4988.25
TOMATOES,682600,4988.75
TOMATOES,682700,4990.75
TOMATOES,682800,4989.5
TOMATOES,682900,4990.75
TOMATOES,683000,4989.0
TOMATOES,683100,4988.25
TOMATOES,683200,4988.25
TOMATOES,683300,4986.75
TOMATOES,683400,4989.75
TOMATOES,683500,4987.75
TOMATOES,683600,4988.25
TOMATOES,683700,4988.25
TOMATOES,683800,4989.75
TOMATOES,683900,4988.25
TOMATOES,684000,4988.0
TOMATOES,684100,4987.5
TOMATOES,684200,4987.75
TOMATOES,684300,4988.5
TOMATOES,684400,4988.5
TOMATOES,684500,4987.0
TOMATOES,684600,4987.0
TOMATOES,684700,4989.25
TOMATOES,684800,4989.5
TOMATOES,684900,4990.25
TOMATOES,685000,4989.5
TOMATOES,685100,4988.75
TOMATOES,685200,4989.0
TOMATOES,685300,4988.25
TOMATOES,685400,4988.5
TOMATOES,685500,4986.75
TOMATOES,685600,4987.5
TOMATOES,685700,4986.75
TOMATOES,685800,4987.25
TOMATOES,685900,4987.0
TOMATOES,686000,4986.75
TOMATOES,686100,4986.25
TOMATOES,686200,4986.25
TOMATOES,686300,4986.0
TOMATOES,686400,4985.5
TOMATOES,686500,4985.5
TOMATOES,686600,4985.75
TOMATOES,686700,4985.75
TOMATOES,686800,4984.5
TOMATOES,686900,4984.5
TOMATOES,687000,4985.0
TOMATOES,687100,4984.5
TOMATOES,687200,4984.25
TOMATOES,687300,4982.5
TOMATOES,687400,4984.0
TOMATOES,687500,4983.75
TOMATOES,687600,4984.0
TOMATOES,687700,4984.0
TOMATOES,687800,4984.25
TOMATOES,687900,4985.25
TOMATOES,688000,4985.0
TOMATOES,688100,4982.75
TOMATOES,688200,4981.75
TOMATOES,688300,4983.25
TOMATOES,688400,4983.25
TOMATOES,688500,4983.0
TOMATOES,688600,4981.25
TOMATOES,688700,4982.0
TOMATOES,688800,4982.5
TOMATOES,688900,4982.25
TOMATOES,689000,4982.25
TOMATOES,689100,4981.75
TOMATOES,689200,4981.5
TOMATOES,689300,4981.25
TOMATOES,689400,4981.75
TOMATOES,689500,4983.0
TOMATOES,689600,4979.5
TOMATOES,689700,4980.75
TOMATOES,689800,4979.0
TOMATOES,689900,4980.75
TOMATOES,690000,4979.25
TOMATOES,690100,4979.75
TOMATOES,690200,4979.25
TOMATOES,690300,4979.25
TOMATOES,690400,4979.0
TOMATOES,690500,4979.25
TOMATOES,690600,4979.5
TOMATOES,690700,4979.25
TOMATOES,690800,4980.75
TOMATOES,690900,4979.25
TOMATOES,691000,4979.5
TOMATOES,691100,4977.5
TOMATOES,691200,4979.0
TOMATOES,691300,4978.75
TOMATOES,691400,4978.5
TOMATOES,691500,4978.25
TOMATOES,691600,4978.75
TOMATOES,691700,4978.75
TOMATOES,691800,4979.0
TOMATOES,691900,4979.25
TOMATOES,692000,4979.5
TOMATOES,692100,4979.25
TOMATOES,692200,4979.5
TOMATOES,692300,4979.25
TOMATOES,692400,4979.25
TOMATOES,692500,4979.0
TOMATOES,692600,4979.5
TOMATOES,692700,4979.0
TOMATOES,692800,4980.25
TOMATOES,692900,4979.0
TOMATOES,693000,4978.0
TOMATOES,693100,4978.0
TOMATOES,693200,4978.25
TOMATOES,693300,4978.0
TOMATOES,693400,4977.75
TOMATOES,693500,4978.0
TOMATOES,693600,4978.75
TOMATOES,693700,4979.0
TOMATOES,693800,4979.0
TOMATOES,693900,4979.5
TOMATOES,694000,4979.75
TOMATOES,694100,4979.5
TOMATOES,694200,4978.0
TOMATOES,694300,4980.75
TOMATOES,694400,4980.0
TOMATOES,694500,4980.25
TOMATOES,694600,4979.75
TOMATOES,694700,4980.0
TOMATOES,694800,4979.75
TOMATOES,694900,4979.75
TOMATOES,695000,4979.75
TOMATOES,695100,4979.25
TOMATOES,695200,4978.25
TOMATOES,695300,4979.75
TOMATOES,695400,4978.25
TOMATOES,695500,4978.5
TOMATOES,695600,4978.0
TOMATOES,695700,4977.75
TOMATOES,695800,4978.5
TOMATOES,695900,4979.25
TOMATOES,696000,4979.25
TOMATOES,696100,4979.75
TOMATOES,696200,4979.5
TOMATOES,696300,4978.75
TOMATOES,696400,4979.0
TOMATOES,696500,4978.5
TOMATOES,696600,4978.5
TOMATOES,696700,4978.25
TOMATOES,696800,4978.5
TOMATOES,696900,4980.25
TOMATOES,697000,4978.5
TOMATOES,697100,4980.0
TOMATOES,697200,4977.0
TOMATOES,697300,4977.0
TOMATOES,697400,4978.0
TOMATOES,697500,4975.75
TOMATOES,697600,4977.75
TOMATOES,697700,4977.5
TOMATOES,697800,4978.0
TOMATOES,697900,4977.25
TOMATOES,698000,4978.0
TOMATOES,698100,4977.5
TOMATOES,698200,4977.25
TOMATOES,698300,4979.0
TOMATOES,698400,4977.0
TOMATOES,698500,4976.25
TOMATOES,698600,4976.0
TOMATOES,698700,4976.5
TOMATOES,698800,4976.25
TOMATOES,698900,4975.75
TOMATOES,699000,4976.0
TOMATOES,699100,4976.25
TOMATOES,699200,4976.0
TOMATOES,699300,4974.0
TOMATOES,699400,4975.25
TOMATOES,699500,4975.5
TOMATOES,699600,4975.5
TOMATOES,699700,4975.5
TOMATOES,699800,4976.75
TOMATOES,699900,4975.75
TOMATOES,700000,4976.0
TOMATOES,700100,4978.0
TOMATOES,700200,4976.25
TOMATOES,700300,4975.0
TOMATOES,700400,4974.5
TOMATOES,700500,4974.75
TOMATOES,700600,4974.5
TOMATOES,700700,4974.5
TOMATOES,700800,4975.0
TOMATOES,700900,4976.75
TOMATOES,701000,4973.0
TOMATOES,701100,4975.75
TOMATOES,701200,4976.0
TOMATOES,701300,4976.25
TOMATOES,701400,4976.0
TOMATOES,701500,4976.25
TOMATOES,701600,4976.75
TOMATOES,701700,4978.0
TOMATOES,701800,4976.0
TOMATOES,701900,4975.5
TOMATOES,702000,4975.5
TOMATOES,702100,4975.5
TOMATOES,702200,4976.0
TOMATOES,702300,4976.0
TOMATOES,702400,4976.25
TOMATOES,702500,4976.25
TOMATOES,702600,4975.75
TOMATOES,702700,4975.5
TOMATOES,702800,4975.25
TOMATOES,702900,4976.0
TOMATOES,703000,4976.5
TOMATOES,703100,4976.25
TOMATOES,703200,4976.25
TOMATOES,703300,4976.75
TOMATOES,703400,4978.25
TOMATOES,703500,4976.75
TOMATOES,703600,4977.0
TOMATOES,703700,4975.5
TOMATOES,703800,4977.25
TOMATOES,703900,4977.5
TOMATOES,704000,4978.0
TOMATOES,704100,4977.25
TOMATOES,704200,4977.0
TOMATOES,704300,4977.25
TOMATOES,704400,4977.75
TOMATOES,704500,4977.5
TOMATOES,704600,4977.25
TOMATOES,704700,4977.0
TOMATOES,704800,4976.5
TOMATOES,704900,4976.75
TOMATOES,705000,4976.25
TOMATOES,705100,4976.25
TOMATOES,705200,4976.5
TOMATOES,705300,4976.25
TOMATOES,705400,4976.5
TOMATOES,705500,4976.75
TOMATOES,705600,4977.0
TOMATOES,705700,4976.75
TOMATOES,705800,4976.5
TOMATOES,705900,4975.75
TOMATOES,706000,4974.75
TOMATOES,706100,4976.0
TOMATOES,706200,4976.5
TOMATOES,706300,4975.5
TOMATOES,706400,4975.75
TOMATOES,706500,4976.0
TOMATOES,706600,4975.75
TOMATOES,706700,4976.0
TOMATOES,706800,4976.25
TOMATOES,706900,4976.5
TOMATOES,707000,4976.5
TOMATOES,707100,4978.0
TOMATOES,707200,4976.25
TOMATOES,707300,4975.75
TOMATOES,707400,4978.25
TOMATOES,707500,4975.5
TOMATOES,707600,4975.75
TOMATOES,707700,4973.75
TOMATOES,707800,4976.0
TOMATOES,707900,4976.25
TOMATOES,708000,4976.5
TOMATOES,708100,4976.25
TOMATOES,708200,4976.25
TOMATOES,708300,4975.75
TOMATOES,708400,4975.0
TOMATOES,708500,4974.75
TOMATOES,708600,4974.75
TOMATOES,708700,4974.75
TOMATOES,708800,4975.25
TOMATOES,708900,4976.25
TOMATOES,709000,4975.5
TOMATOES,709100,4976.0
TOMATOES,709200,4975.5
TOMATOES,709300,4975.5
TOMATOES,709400,4976.0
TOMATOES,709500,4976.5
TOMATOES,709600,4976.5
TOMATOES,709700,4978.25
TOMATOES,709800,4976.75
TOMATOES,709900,4977.25
TOMATOES,710000,4977.25
TOMATOES,710100,4979.25
TOMATOES,710200,4977.5
TOMATOES,710300,4977.5
TOMATOES,710400,4977.5
TOMATOES,710500,4977.0
TOMATOES,710600,4977.0
TOMATOES,710700,4977.0
TOMATOES,710800,4977.25
TOMATOES,710900,4976.75
TOMATOES,711000,4976.5
TOMATOES,711100,4976.5
TOMATOES,711200,4976.25
TOMATOES,711300,4976.5
TOMATOES,711400,4977.5
TOMATOES,711500,4976.75
TOMATOES,711600,4976.5
TOMATOES,711700,4978.5
TOMATOES,711800,4976.5
TOMATOES,711900,4976.25
TOMATOES,712000,4975.75
TOMATOES,712100,4975.25
TOMATOES,712200,4975.0
TOMATOES,712300,4975.5
TOMATOES,712400,4975.25
TOMATOES,712500,4976.0
TOMATOES,712600,4976.25
TOMATOES,712700,4976.0
TOMATOES,712800,4976.5
TOMATOES,712900,4976.75
TOMATOES,713000,4977.25
TOMATOES,713100,4975.75
TOMATOES,713200,4977.5
TOMATOES,713300,4977.5
TOMATOES,713400,4978.25
TOMATOES,713500,4978.25
TOMATOES,713600,4978.25
TOMATOES,713700,4978.25
TOMATOES,713800,4977.75
TOMATOES,713900,4978.0
TOMATOES,714000,4978.75
TOMATOES,714100,4978.5
TOMATOES,714200,4976.25
TOMATOES,714300,4978.5
TOMATOES,714400,4978.0
TOMATOES,714500,4977.5
TOMATOES,714600,4979.0
TOMATOES,714700,4977.25
TOMATOES,714800,4977.75
TOMATOES,714900,4977.75
TOMATOES,715000,4977.25
TOMATOES,715100,4977.0
TOMATOES,715200,4977.0
TOMATOES,715300,4977.5
TOMATOES,715400,4977.5
TOMATOES,715500,4978.5
TOMATOES,715600,4979.0
TOMATOES,715700,4978.5
TOMATOES,715800,4978.25
TOMATOES,715900,4977.0
TOMATOES,716000,4978.5
TOMATOES,716100,4978.75
TOMATOES,716200,4979.0
TOMATOES,716300,4977.5
TOMATOES,716400,4979.0
TOMATOES,716500,4979.0
TOMATOES,716600,4979.0
TOMATOES,716700,4979.0
TOMATOES,716800,4979.0
TOMATOES,716900,4977.75
TOMATOES,717000,4980.0
TOMATOES,717100,4980.0
TOMATOES,717200,4979.5
TOMATOES,717300,4979.5
TOMATOES,717400,4980.0
TOMATOES,717500,4980.25
TOMATOES,717600,4981.75
TOMATOES,717700,4981.0
TOMATOES,717800,4981.0
TOMATOES,717900,4980.75
TOMATOES,718000,4980.5
TOMATOES,718100,4978.5
TOMATOES,718200,4980.0
TOMATOES,718300,4979.5
TOMATOES,718400,4979.25
TOMATOES,718500,4979.25
TOMATOES,718600,4979.0
TOMATOES,718700,4979.5
TOMATOES,718800,4976.75
TOMATOES,718900,4978.5
TOMATOES,719000,4978.25
TOMATOES,719100,4978.25
TOMATOES,719200,4979.25
TOMATOES,719300,4977.25
TOMATOES,719400,4981.25
TOMATOES,719500,4979.25
TOMATOES,719600,4979.25
TOMATOES,719700,4979.25
TOMATOES,719800,4979.75
TOMATOES,719900,4979.75
TOMATOES,720000,4978.75
TOMATOES,720100,4978.5
TOMATOES,720200,4978.75
TOMATOES,720300,4979.25
TOMATOES,720400,4979.0
TOMATOES,720500,4979.25
TOMATOES,720600,4978.75
TOMATOES,720700,4978.25
TOMATOES,720800,4978.25
TOMATOES,720900,4978.25
TOMATOES,721000,4978.25
TOMATOES,721100,4978.75
TOMATOES,721200,4978.5
TOMATOES,721300,4976.25
TOMATOES,721400,4978.25
TOMATOES,721500,4978.25
TOMATOES,721600,4978.5
TOMATOES,721700,4978.5
TOMATOES,721800,4978.25
TOMATOES,721900,4978.25
TOMATOES,722000,4978.25
TOMATOES,722100,4977.5
TOMATOES,722200,4977.75
TOMATOES,722300,4978.0
TOMATOES,722400,4976.5
TOMATOES,722500,4977.75
TOMATOES,722600,4977.5
TOMATOES,722700,4977.5
TOMATOES,722800,4976.0
TOMATOES,722900,4977.5
TOMATOES,723000,4977.25
TOMATOES,723100,4977.5
TOMATOES,723200,4977.75
TOMATOES,723300,4979.5
TOMATOES,723400,4977.5
TOMATOES,723500,4977.75
TOMATOES,723600,4979.5
TOMATOES,723700,4975.75
TOMATOES,723800,4977.25
TOMATOES,723900,4975.5
TOMATOES,724000,4977.25
TOMATOES,724100,4977.5
TOMATOES,724200,4977.0
TOMATOES,724300,4977.0
TOMATOES,724400,4977.0
TOMATOES,724500,4977.0
TOMATOES,724600,4977.0
TOMATOES,724700,4977.0
TOMATOES,724800,4977.25
TOMATOES,724900,4977.0
TOMATOES,725000,4976.75
TOMATOES,725100,4976.75
TOMATOES,725200,4977.0
TOMATOES,725300,4977.0
TOMATOES,725400,4977.25
TOMATOES,725500,4977.0
TOMATOES,725600,4977.75
TOMATOES,725700,4975.75
TOMATOES,725800,4978.25
TOMATOES,725900,4978.0
TOMATOES,726000,4978.5
TOMATOES,726100,4976.0
TOMATOES,726200,4978.5
TOMATOES,726300,4978.25
TOMATOES,726400,4979.75
TOMATOES,726500,4977.5
TOMATOES,726600,4975.0
TOMATOES,726700,4977.0
TOMATOES,726800,4978.0
TOMATOES,726900,4977.25
TOMATOES,727000,4977.0
TOMATOES,727100,4975.5
TOMATOES,727200,4977.0
TOMATOES,727300,4978.5
TOMATOES,727400,4977.75
TOMATOES,727500,4975.75
TOMATOES,727600,4978.25
TOMATOES,727700,4978.5
TOMATOES,727800,4977.75
TOMATOES,727900,4979.75
TOMATOES,728000,4978.25
TOMATOES,728100,4977.75
TOMATOES,728200,4978.0
TOMATOES,728300,4977.5
TOMATOES,728400,4977.75
TOMATOES,728500,4977.25
TOMATOES,728600,4977.25
TOMATOES,728700,4976.0
TOMATOES,728800,4977.75
TOMATOES,728900,4977.5
TOMATOES,729000,4977.75
TOMATOES,729100,4977.25
TOMATOES,729200,4976.75
TOMATOES,729300,4976.5
TOMATOES,729400,4976.5
TOMATOES,729500,4976.25
TOMATOES,729600,4975.75
TOMATOES,729700,4976.25
TOMATOES,729800,4976.75
TOMATOES,729900,4977.5
TOMATOES,730000,4976.25
TOMATOES,730100,4977.75
TOMATOES,730200,4977.75
TOMATOES,730300,4977.75
TOMATOES,730400,4977.75
TOMATOES,730500,4977.5
TOMATOES,730600,4977.5
TOMATOES,730700,4977.0
TOMATOES,730800,4976.5
TOMATOES,730900,4976.75
TOMATOES,731000,4976.5
TOMATOES,731100,4976.5
TOMATOES,731200,4976.5
TOMATOES,731300,4976.75
TOMATOES,731400,4976.5
TOMATOES,731500,4976.75
TOMATOES,731600,4977.0
TOMATOES,731700,4976.75
TOMATOES,731800,4977.25
TOMATOES,731900,4975.25
TOMATOES,732000,4977.0
TOMATOES,732100,4977.25
TOMATOES,732200,4977.0
TOMATOES,732300,4976.75
TOMATOES,732400,4977.0
TOMATOES,732500,4976.5
TOMATOES,732600,4976.0
TOMATOES,732700,4976.25
TOMATOES,732800,4976.25
TOMATOES,732900,4977.0
TOMATOES,733000,4976.0
TOMATOES,733100,4976.25
TOMATOES,733200,4976.75
TOMATOES,733300,4976.25
TOMATOES,733400,4976.75
TOMATOES,733500,4976.75
TOMATOES,733600,4977.0
TOMATOES,733700,4977.25
TOMATOES,733800,4977.25
TOMATOES,733900,4977.0
TOMATOES,734000,4976.5
TOMATOES,734100,4976.5
TOMATOES,734200,4976.75
TOMATOES,734300,4977.5
TOMATOES,734400,4975.25
TOMATOES,734500,4976.75
TOMATOES,734600,4977.75
TOMATOES,734700,4979.0
TOMATOES,734800,4979.25
TOMATOES,734900,4977.5
TOMATOES,735000,4977.75
TOMATOES,735100,4976.5
TOMATOES,735200,4976.75
TOMATOES,735300,4980.0
TOMATOES,735400,4979.0
TOMATOES,735500,4979.0
TOMATOES,735600,4979.0
TOMATOES,735700,4979.0
TOMATOES,735800,4978.75
TOMATOES,735900,4978.5
TOMATOES,736000,4978.75
TOMATOES,736100,4978.75
TOMATOES,736200,4978.25
TOMATOES,736300,4978.25
TOMATOES,736400,4978.25
TOMATOES,736500,4978.25
TOMATOES,736600,4979.5
TOMATOES,736700,4978.75
TOMATOES,736800,4978.75
TOMATOES,736900,4978.25
TOMATOES,737000,4978.75
TOMATOES,737100,4978.75
TOMATOES,737200,4978.5
TOMATOES,737300,4978.25
TOMATOES,737400,4978.5
TOMATOES,737500,4980.25
TOMATOES,737600,4978.5
TOMATOES,737700,4978.0
TOMATOES,737800,4978.0
TOMATOES,737900,4978.25
TOMATOES,738000,4978.0
TOMATOES,738100,4978.75
TOMATOES,738200,4978.5
TOMATOES,738300,4978.0
TOMATOES,738400,4978.5
TOMATOES,738500,4979.25
TOMATOES,738600,4979.5
TOMATOES,738700,4979.5
TOMATOES,738800,4979.0
TOMATOES,738900,4979.25
TOMATOES,739000,4979.5
TOMATOES,739100,4979.25
TOMATOES,739200,4979.75
TOMATOES,739300,4980.25
TOMATOES,739400,4980.0
TOMATOES,739500,4979.75
TOMATOES,739600,4980.0
TOMATOES,739700,4980.5
TOMATOES,739800,4980.0
TOMATOES,739900,4980.5
TOMATOES,740000,4980.5
TOMATOES,740100,4980.5
TOMATOES,740200,4980.5
TOMATOES,740300,4979.0
TOMATOES,740400,4981.0
TOMATOES,740500,4981.0
TOMATOES,740600,4981.0
TOMATOES,740700,4980.75
TOMATOES,740800,4979.25
TOMATOES,740900,4979.0
TOMATOES,741000,4981.25
TOMATOES,741100,4982.5
TOMATOES,741200,4981.5
TOMATOES,741300,4981.5
TOMATOES,741400,4981.5
TOMATOES,741500,4982.5
TOMATOES,741600,4983.0
TOMATOES,741700,4984.25
TOMATOES,741800,4982.5
TOMATOES,741900,4982.25
TOMATOES,742000,4981.5
TOMATOES,742100,4981.75
TOMATOES,742200,4982.25
TOMATOES,742300,4981.75
TOMATOES,742400,4982.0
TOMATOES,742500,4981.75
TOMATOES,742600,4982.0
TOMATOES,742700,4982.25
TOMATOES,742800,4982.0
TOMATOES,742900,4980.75
TOMATOES,743000,4983.75
TOMATOES,743100,4981.75
TOMATOES,743200,4982.25
TOMATOES,743300,4980.5
TOMATOES,743400,4982.25
TOMATOES,743500,4982.25
TOMATOES,743600,4982.25
TOMATOES,743700,4981.75
TOMATOES,743800,4982.25
TOMATOES,743900,4981.75
TOMATOES,744000,4981.5
TOMATOES,744100,4981.75
TOMATOES,744200,4981.5
TOMATOES,744300,4981.25
TOMATOES,744400,4981.5
TOMATOES,744500,4981.75
TOMATOES,744600,4982.0
TOMATOES,744700,4981.25
TOMATOES,744800,4979.75
TOMATOES,744900,4981.25
TOMATOES,745000,4981.75
TOMATOES,745100,4981.75
TOMATOES,745200,4983.75
TOMATOES,745300,4982.0
TOMATOES,745400,4982.0
TOMATOES,745500,4982.25
TOMATOES,745600,4982.25
TOMATOES,745700,4982.0
TOMATOES,745800,4983.5
TOMATOES,745900,4982.25
TOMATOES,746000,4982.0
TOMATOES,746100,4982.75
TOMATOES,746200,4982.25
TOMATOES,746300,4980.75
TOMATOES,746400,4983.0
TOMATOES,746500,4983.0
TOMATOES,746600,4983.5
TOMATOES,746700,4983.75
TOMATOES,746800,4983.5
TOMATOES,746900,4983.25
TOMATOES,747000,4984.25
TOMATOES,747100,4982.75
TOMATOES,747200,4982.25
TOMATOES,747300,4982.5
TOMATOES,747400,4982.5
TOMATOES,747500,4982.25
TOMATOES,747600,4983.75
TOMATOES,747700,4982.25
TOMATOES,747800,4982.25
TOMATOES,747900,4982.5
TOMATOES,748000,4982.25
TOMATOES,748100,4982.0
TOMATOES,748200,4982.0
TOMATOES,748300,4981.75
TOMATOES,748400,4982.0
TOMATOES,748500,4981.25
TOMATOES,748600,4981.0
TOMATOES,748700,4978.5
TOMATOES,748800,4980.0
TOMATOES,748900,4979.75
TOMATOES,749000,4980.0
TOMATOES,749100,4980.25
TOMATOES,749200,4981.5
TOMATOES,749300,4980.0
TOMATOES,749400,4980.25
TOMATOES,749500,4980.25
TOMATOES,749600,4980.25
TOMATOES,749700,4980.25
TOMATOES,749800,4980.5
TOMATOES,749900,4980.5
TOMATOES,750000,4980.5
TOMATOES,750100,4981.0
TOMATOES,750200,4981.25
TOMATOES,750300,4982.5
TOMATOES,750400,4980.5
TOMATOES,750500,4980.0
TOMATOES,750600,4979.75
TOMATOES,750700,4980.0
TOMATOES,750800,4978.75
TOMATOES,750900,4980.5
TOMATOES,751000,4980.5
TOMATOES,751100,4981.0
TOMATOES,751200,4981.25
TOMATOES,751300,4981.25
TOMATOES,751400,4979.5
TOMATOES,751500,4981.75
TOMATOES,751600,4982.25
TOMATOES,751700,4982.5
TOMATOES,751800,4982.5
TOMATOES,751900,4982.75
TOMATOES,752000,4983.0
TOMATOES,752100,4982.75
TOMATOES,752200,4982.5
TOMATOES,752300,4983.25
TOMATOES,752400,4983.75
TOMATOES,752500,4981.5
TOMATOES,752600,4984.0
TOMATOES,752700,4984.25
TOMATOES,752800,4984.75
TOMATOES,752900,4985.0
TOMATOES,753000,4985.5
TOMATOES,753100,4985.25
TOMATOES,753200,4986.0
TOMATOES,753300,4985.25
TOMATOES,753400,4986.0
TOMATOES,753500,4986.25
TOMATOES,753600,4986.25
TOMATOES,753700,4986.25
TOMATOES,753800,4985.75
TOMATOES,753900,4985.75
TOMATOES,754000,4985.75
TOMATOES,754100,4985.5
TOMATOES,754200,4985.5
TOMATOES,754300,4985.5
TOMATOES,754400,4987.0
TOMATOES,754500,4984.5
TOMATOES,754600,4982.75
TOMATOES,754700,4984.5
TOMATOES,754800,4984.75
TOMATOES,754900,4985.0
TOMATOES,755000,4984.75
TOMATOES,755100,4984.75
TOMATOES,755200,4984.5
TOMATOES,755300,4985.0
TOMATOES,755400,4984.75
TOMATOES,755500,4984.5
TOMATOES,755600,4984.5
TOMATOES,755700,4982.75
TOMATOES,755800,4985.5
TOMATOES,755900,4985.75
TOMATOES,756000,4986.0
TOMATOES,756100,4985.5
TOMATOES,756200,4985.5
TOMATOES,756300,4986.25
TOMATOES,756400,4986.25
TOMATOES,756500,4987.0
TOMATOES,756600,4986.0
TOMATOES,756700,4986.0
TOMATOES,756800,4986.0
TOMATOES,756900,4984.25
TOMATOES,757000,4985.75
TOMATOES,757100,4985.75
TOMATOES,757200,4987.0
TOMATOES,757300,4986.0
TOMATOES,757400,4984.25
TOMATOES,757500,4985.25
TOMATOES,757600,4985.25
TOMATOES,757700,4987.5
TOMATOES,757800,4985.75
TOMATOES,757900,4986.0
TOMATOES,758000,4986.25
TOMATOES,758100,4986.25
TOMATOES,758200,4987.25
TOMATOES,758300,4987.0
TOMATOES,758400,4986.75
TOMATOES,758500,4987.0
TOMATOES,758600,4986.5
TOMATOES,758700,4985.75
TOMATOES,758800,4985.5
TOMATOES,758900,4986.0
TOMATOES,759000,4986.25
TOMATOES,759100,4985.0
TOMATOES,759200,4986.5
TOMATOES,759300,4986.5
TOMATOES,759400,4986.25
TOMATOES,759500,4987.25
TOMATOES,759600,4986.25
TOMATOES,759700,4986.0
TOMATOES,759800,4986.0
TOMATOES,759900,4986.0
TOMATOES,760000,4987.0
TOMATOES,760100,4986.75
TOMATOES,760200,4986.75
TOMATOES,760300,4987.0
TOMATOES,760400,4986.75
TOMATOES,760500,4986.5
TOMATOES,760600,4984.25
TOMATOES,760700,4986.75
TOMATOES,760800,4987.0
TOMATOES,760900,4987.75
TOMATOES,761000,4987.25
TOMATOES,761100,4987.25
TOMATOES,761200,4987.0
TOMATOES,761300,4987.25
TOMATOES,761400,4986.75
TOMATOES,761500,4985.5
TOMATOES,761600,4987.0
TOMATOES,761700,4987.0
TOMATOES,761800,4988.0
TOMATOES,761900,4988.5
TOMATOES,762000,4989.0
TOMATOES,762100,4990.5
TOMATOES,762200,4989.5
TOMATOES,762300,4990.75
TOMATOES,762400,4987.75
TOMATOES,762500,4988.75
TOMATOES,762600,4989.25
TOMATOES,762700,4987.75
TOMATOES,762800,4990.5
TOMATOES,762900,4990.75
TOMATOES,763000,4988.75
TOMATOES,763100,4988.75
TOMATOES,763200,4988.75
TOMATOES,763300,4988.5
TOMATOES,763400,4988.25
TOMATOES,763500,4988.75
TOMATOES,763600,4989.25
TOMATOES,763700,4987.5
TOMATOES,763800,4988.75
TOMATOES,763900,4988.75
TOMATOES,764000,4989.0
TOMATOES,764100,4988.75
TOMATOES,764200,4989.0
TOMATOES,764300,4989.5
TOMATOES,764400,4990.0
TOMATOES,764500,4990.0
TOMATOES,764600,4990.75
TOMATOES,764700,4988.75
TOMATOES,764800,4988.5
TOMATOES,764900,4986.5
TOMATOES,765000,4989.0
TOMATOES,765100,4988.0
TOMATOES,765200,4988.25
TOMATOES,765300,4987.75
TOMATOES,765400,4987.75
TOMATOES,765500,4988.5
TOMATOES,765600,4988.5
TOMATOES,765700,4988.0
TOMATOES,765800,4987.5
TOMATOES,765900,4988.25
TOMATOES,766000,4987.75
TOMATOES,766100,4988.25
TOMATOES,766200,4988.25
TOMATOES,766300,4988.25
TOMATOES,766400,4988.25
TOMATOES,766500,4988.5
TOMATOES,766600,4988.5
TOMATOES,766700,4988.25
TOMATOES,766800,4989.25
TOMATOES,766900,4988.25
TOMATOES,767000,4987.5
TOMATOES,767100,4987.25
TOMATOES,767200,4987.0
TOMATOES,767300,4987.5
TOMATOES,767400,4988.0
TOMATOES,767500,4987.5
TOMATOES,767600,4988.0
TOMATOES,767700,4988.0
TOMATOES,767800,4987.75
TOMATOES,767900,4987.75
TOMATOES,768000,4988.25
TOMATOES,768100,4988.0
TOMATOES,768200,4988.25
TOMATOES,768300,4988.0
TOMATOES,768400,4987.5
TOMATOES,768500,4987.5
TOMATOES,768600,4987.5
TOMATOES,768700,4988.25
TOMATOES,768800,4987.0
TOMATOES,768900,4986.75
TOMATOES,769000,4986.0
TOMATOES,769100,4986.0
TOMATOES,769200,4985.75
TOMATOES,769300,4985.75
TOMATOES,769400,4986.25
TOMATOES,769500,4986.25
TOMATOES,769600,4985.5
TOMATOES,769700,4985.5
TOMATOES,769800,4985.5
TOMATOES,769900,4985.75
TOMATOES,770000,4986.0
TOMATOES,770100,4984.5
TOMATOES,770200,4986.5
TOMATOES,770300,4987.5
TOMATOES,770400,4987.25
TOMATOES,770500,4987.75
TOMATOES,770600,4988.0
TOMATOES,770700,4988.5
TOMATOES,770800,4987.0
TOMATOES,770900,4988.25
TOMATOES,771000,4987.5
TOMATOES,771100,4987.25
TOMATOES,771200,4987.25
TOMATOES,771300,4987.75
TOMATOES,771400,4987.75
TOMATOES,771500,4987.25
TOMATOES,771600,4987.25
TOMATOES,771700,4987.75
TOMATOES,771800,4987.5
TOMATOES,771900,4987.25
TOMATOES,772000,4987.75
TOMATOES,772100,4987.5
TOMATOES,772200,4987.0
TOMATOES,772300,4986.25
TOMATOES,772400,4986.75
TOMATOES,772500,4987.5
TOMATOES,772600,4987.25
TOMATOES,772700,4987.25
TOMATOES,772800,4987.5
TOMATOES,772900,4987.5
TOMATOES,773000,4986.75
TOMATOES,773100,4986.5
TOMATOES,773200,4986.5
TOMATOES,773300,4986.75
TOMATOES,773400,4987.0
TOMATOES,773500,4988.25
TOMATOES,773600,4987.5
TOMATOES,773700,4987.75
TOMATOES,773800,4988.75
TOMATOES,773900,4988.75
TOMATOES,774000,4989.0
TOMATOES,774100,4989.25
TOMATOES,774200,4989.5
TOMATOES,774300,4989.25
TOMATOES,774400,4989.25
TOMATOES,774500,4989.0
TOMATOES,774600,4987.25
TOMATOES,774700,4988.25
TOMATOES,774800,4988.75
TOMATOES,774900,4988.75
TOMATOES,775000,4988.5
TOMATOES,775100,4989.25
TOMATOES,775200,4989.25
TOMATOES,775300,4989.25
TOMATOES,775400,4989.75
TOMATOES,775500,4989.75
TOMATOES,775600,4989.75
TOMATOES,775700,4990.0
TOMATOES,775800,4990.0
TOMATOES,775900,4989.75
TOMATOES,776000,4990.5
TOMATOES,776100,4990.0
TOMATOES,776200,4989.75
TOMATOES,776300,4989.75
TOMATOES,776400,4989.25
TOMATOES,776500,4990.5
TOMATOES,776600,4989.5
TOMATOES,776700,4989.5
TOMATOES,776800,4989.75
TOMATOES,776900,4990.25
TOMATOES,777000,4990.0
TOMATOES,777100,4989.75
TOMATOES,777200,4988.5
TOMATOES,777300,4990.25
TOMATOES,777400,4989.75
TOMATOES,777500,4991.75
TOMATOES,777600,4990.0
TOMATOES,777700,4990.0
TOMATOES,777800,4990.0
TOMATOES,777900,4989.5
TOMATOES,778000,4989.5
TOMATOES,778100,4989.25
TOMATOES,778200,4988.75
TOMATOES,778300,4990.75
TOMATOES,778400,4989.75
TOMATOES,778500,4989.0
TOMATOES,778600,4989.0
TOMATOES,778700,4989.25
TOMATOES,778800,4988.75
TOMATOES,778900,4988.75
TOMATOES,779000,4988.5
TOMATOES,779100,4986.75
TOMATOES,779200,4988.25
TOMATOES,779300,4987.75
TOMATOES,779400,4987.75
TOMATOES,779500,4989.25
TOMATOES,779600,4988.5
TOMATOES,779700,4988.5
TOMATOES,779800,4986.75
TOMATOES,779900,4987.75
TOMATOES,780000,4988.25
TOMATOES,780100,4990.25
TOMATOES,780200,4990.25
TOMATOES,780300,4989.0
TOMATOES,780400,4987.0
TOMATOES,780500,4989.25
TOMATOES,780600,4989.5
TOMATOES,780700,4989.25
TOMATOES,780800,4989.0
TOMATOES,780900,4989.25
TOMATOES,781000,4988.75
TOMATOES,781100,4988.75
TOMATOES,781200,4989.0
TOMATOES,781300,4989.5
TOMATOES,781400,4987.5
TOMATOES,781500,4988.75
TOMATOES,781600,4988.25
TOMATOES,781700,4988.25
TOMATOES,781800,4988.25
TOMATOES,781900,4988.5
TOMATOES,782000,4989.0
TOMATOES,782100,4988.75
TOMATOES,782200,4986.75
TOMATOES,782300,4988.0
TOMATOES,782400,4987.75
TOMATOES,782500,4988.5
TOMATOES,782600,4988.0
TOMATOES,782700,4988.75
TOMATOES,782800,4988.25
TOMATOES,782900,4988.25
TOMATOES,783000,4987.5
TOMATOES,783100,4987.25
TOMATOES,783200,4987.75
TOMATOES,783300,4988.75
TOMATOES,783400,4987.75
TOMATOES,783500,4987.5
TOMATOES,783600,4987.25
TOMATOES,783700,4986.75
TOMATOES,783800,4984.75
TOMATOES,783900,4986.5
TOMATOES,784000,4986.75
TOMATOES,784100,4984.75
TOMATOES,784200,4987.5
TOMATOES,784300,4987.5
TOMATOES,784400,4985.0
TOMATOES,784500,4987.0
TOMATOES,784600,4987.25
TOMATOES,784700,4987.75
TOMATOES,784800,4985.75
TOMATOES,784900,4986.5
TOMATOES,785000,4986.0
TOMATOES,785100,4986.25
TOMATOES,785200,4985.75
TOMATOES,785300,4985.0
TOMATOES,785400,4984.25
TOMATOES,785500,4984.75
TOMATOES,785600,4984.75
TOMATOES,785700,4985.0
TOMATOES,785800,4986.25
TOMATOES,785900,4985.0
TOMATOES,786000,4985.5
TOMATOES,786100,4985.75
TOMATOES,786200,4986.0
TOMATOES,786300,4986.25
TOMATOES,786400,4986.5
TOMATOES,786500,4987.25
TOMATOES,786600,4987.0
TOMATOES,786700,4986.75
TOMATOES,786800,4987.0
TOMATOES,786900,4986.75
TOMATOES,787000,4986.0
TOMATOES,787100,4986.75
TOMATOES,787200,4987.0
TOMATOES,787300,4986.75
TOMATOES,787400,4986.75
TOMATOES,787500,4985.25
TOMATOES,787600,4987.25
TOMATOES,787700,4987.75
TOMATOES,787800,4987.5
TOMATOES,787900,4988.0
TOMATOES,788000,4987.5
TOMATOES,788100,4989.0
TOMATOES,788200,4987.25
TOMATOES,788300,4987.75
TOMATOES,788400,4988.0
TOMATOES,788500,4988.25
TOMATOES,788600,4988.5
TOMATOES,788700,4988.5
TOMATOES,788800,4990.0
TOMATOES,788900,4989.5
TOMATOES,789000,4989.5
TOMATOES,789100,4989.75
TOMATOES,789200,4989.5
TOMATOES,789300,4989.25
TOMATOES,789400,4989.0
TOMATOES,789500,4988.75
TOMATOES,789600,4988.5
TOMATOES,789700,4986.25
TOMATOES,789800,4988.5
TOMATOES,789900,4988.5
TOMATOES,790000,4988.5
TOMATOES,790100,4988.5
TOMATOES,790200,4988.0
TOMATOES,790300,4988.25
TOMATOES,790400,4987.75
TOMATOES,790500,4987.5
TOMATOES,790600,4986.0
TOMATOES,790700,4988.25
TOMATOES,790800,4988.0
TOMATOES,790900,4988.25
TOMATOES,791000,4987.0
TOMATOES,791100,4986.75
TOMATOES,791200,4985.5
TOMATOES,791300,4986.5
TOMATOES,791400,4986.5
TOMATOES,791500,4986.75
TOMATOES,791600,4984.75
TOMATOES,791700,4987.25
TOMATOES,791800,4984.75
TOMATOES,791900,4986.0
TOMATOES,792000,4986.25
TOMATOES,792100,4985.75
TOMATOES,792200,4984.25
TOMATOES,792300,4986.75
TOMATOES,792400,4987.25
TOMATOES,792500,4987.75
TOMATOES,792600,4987.5
TOMATOES,792700,4986.25
TOMATOES,792800,4988.0
TOMATOES,792900,4987.75
TOMATOES,793000,4986.25
TOMATOES,793100,4988.0
TOMATOES,793200,4988.5
TOMATOES,793300,4987.75
TOMATOES,793400,4987.5
TOMATOES,793500,4987.5
TOMATOES,793600,4987.5
TOMATOES,793700,4985.5
TOMATOES,793800,4987.25
TOMATOES,793900,4987.0
TOMATOES,794000,4986.75
TOMATOES,794100,4987.5
TOMATOES,794200,4987.5
TOMATOES,794300,4985.5
TOMATOES,794400,4987.0
TOMATOES,794500,4986.75
TOMATOES,794600,4986.5
TOMATOES,794700,4986.25
TOMATOES,794800,4984.25
TOMATOES,794900,4986.25
TOMATOES,795000,4986.5
TOMATOES,795100,4987.5
TOMATOES,795200,4985.75
TOMATOES,795300,4986.0
TOMATOES,795400,4986.75
TOMATOES,795500,4987.0
TOMATOES,795600,4986.75
TOMATOES,795700,4985.25
TOMATOES,795800,4987.25
TOMATOES,795900,4987.75
TOMATOES,796000,4988.0
TOMATOES,796100,4989.5
TOMATOES,796200,4987.5
TOMATOES,796300,4988.75
TOMATOES,796400,4989.25
TOMATOES,796500,4989.25
TOMATOES,796600,4989.5
TOMATOES,796700,4989.25
TOMATOES,796800,4989.0
TOMATOES,796900,4989.0
TOMATOES,797000,4988.75
TOMATOES,797100,4989.0
TOMATOES,797200,4988.5
TOMATOES,797300,4988.25
TOMATOES,797400,4988.0
TOMATOES,797500,4988.0
TOMATOES,797600,4988.25
TOMATOES,797700,4989.25
TOMATOES,797800,4990.75
TOMATOES,797900,4989.5
TOMATOES,798000,4989.5
TOMATOES,798100,4989.5
TOMATOES,798200,4990.25
TOMATOES,798300,4990.25
TOMATOES,798400,4990.25
TOMATOES,798500,4990.0
TOMATOES,798600,4990.5
TOMATOES,798700,4991.0
TOMATOES,798800,4991.0
TOMATOES,798900,4992.25
TOMATOES,799000,4991.0
TOMATOES,799100,4991.25
TOMATOES,799200,4991.5
TOMATOES,799300,4991.5
TOMATOES,799400,4992.0
TOMATOES,799500,4990.0
TOMATOES,799600,4989.0
TOMATOES,799700,4991.0
TOMATOES,799800,4991.0
TOMATOES,799900,4991.25
TOMATOES,800000,4992.0
TOMATOES,800100,4991.0
TOMATOES,800200,4990.5
TOMATOES,800300,4992.0
TOMATOES,800400,4990.5
TOMATOES,800500,4990.75
TOMATOES,800600,4992.25
TOMATOES,800700,4991.25
TOMATOES,800800,4991.5
TOMATOES,800900,4991.25
TOMATOES,801000,4991.5
TOMATOES,801100,4991.5
TOMATOES,801200,4990.5
TOMATOES,801300,4990.75
TOMATOES,801400,4990.25
TOMATOES,801500,4990.5
TOMATOES,801600,4990.75
TOMATOES,801700,4990.75
TOMATOES,801800,4990.75
TOMATOES,801900,4990.5
TOMATOES,802000,4990.25
TOMATOES,802100,4990.0
TOMATOES,802200,4990.5
TOMATOES,802300,4989.75
TOMATOES,802400,4989.5
TOMATOES,802500,4989.25
TOMATOES,802600,4989.5
TOMATOES,802700,4990.75
TOMATOES,802800,4989.5
TOMATOES,802900,4991.5
TOMATOES,803000,4989.25
TOMATOES,803100,4989.0
TOMATOES,803200,4991.0
TOMATOES,803300,4989.0
TOMATOES,803400,4990.5
TOMATOES,803500,4989.0
TOMATOES,803600,4988.5
TOMATOES,803700,4988.25
TOMATOES,803800,4988.25
TOMATOES,803900,4988.25
TOMATOES,804000,4988.75
TOMATOES,804100,4991.25
TOMATOES,804200,4989.75
TOMATOES,804300,4991.0
TOMATOES,804400,4989.25
TOMATOES,804500,4989.5
TOMATOES,804600,4989.5
TOMATOES,804700,4989.5
TOMATOES,804800,4989.75
TOMATOES,804900,4989.75
TOMATOES,805000,4990.25
TOMATOES,805100,4990.25
TOMATOES,805200,4990.0
TOMATOES,805300,4990.25
TOMATOES,805400,4991.25
TOMATOES,805500,4990.0
TOMATOES,805600,4990.0
TOMATOES,805700,4990.5
TOMATOES,805800,4991.0
TOMATOES,805900,4991.25
TOMATOES,806000,4991.5
TOMATOES,806100,4989.75
TOMATOES,806200,4991.5
TOMATOES,806300,4988.5
TOMATOES,806400,4991.0
TOMATOES,806500,4991.75
TOMATOES,806600,4991.75
TOMATOES,806700,4992.25
TOMATOES,806800,4992.25
TOMATOES,806900,4992.75
TOMATOES,807000,4992.75
TOMATOES,807100,4992.0
TOMATOES,807200,4992.25
TOMATOES,807300,4992.25
TOMATOES,807400,4991.0
TOMATOES,807500,4990.75
TOMATOES,807600,4993.0
TOMATOES,807700,4992.0
TOMATOES,807800,4991.75
TOMATOES,807900,4992.0
TOMATOES,808000,4991.25
TOMATOES,808100,4991.0
TOMATOES,808200,4991.75
TOMATOES,808300,4991.75
TOMATOES,808400,4991.25
TOMATOES,808500,4992.25
TOMATOES,808600,4992.5
TOMATOES,808700,4992.75
TOMATOES,808800,4992.75
TOMATOES,808900,4994.25
TOMATOES,809000,4992.0
TOMATOES,809100,4992.0
TOMATOES,809200,4992.0
TOMATOES,809300,4992.0
TOMATOES,809400,4992.25
TOMATOES,809500,4992.0
TOMATOES,809600,4992.0
TOMATOES,809700,4992.5
TOMATOES,809800,4993.0
TOMATOES,809900,4994.75
TOMATOES,810000,4993.0
TOMATOES,810100,4992.75
TOMATOES,810200,4993.25
TOMATOES,810300,4994.0
TOMATOES,810400,4993.75
TOMATOES,810500,4993.75
TOMATOES,810600,4993.75
TOMATOES,810700,4993.25
TOMATOES,810800,4993.25
TOMATOES,810900,4993.5
TOMATOES,811000,4993.5
TOMATOES,811100,4994.5
TOMATOES,811200,4994.0
TOMATOES,811300,4993.75
TOMATOES,811400,4993.5
TOMATOES,811500,4993.25
TOMATOES,811600,4994.5
TOMATOES,811700,4990.5
TOMATOES,811800,4992.75
TOMATOES,811900,4991.0
TOMATOES,812000,4990.75
TOMATOES,812100,4993.25
TOMATOES,812200,4993.5
TOMATOES,812300,4993.25
TOMATOES,812400,4993.75
TOMATOES,812500,4993.75
TOMATOES,812600,4994.0
TOMATOES,812700,4993.5
TOMATOES,812800,4992.75
TOMATOES,812900,4993.0
TOMATOES,813000,4993.25
TOMATOES,813100,4994.0
TOMATOES,813200,4994.25
TOMATOES,813300,4994.5
TOMATOES,813400,4994.5
TOMATOES,813500,4994.75
TOMATOES,813600,4994.25
TOMATOES,813700,4994.5
TOMATOES,813800,4994.75
TOMATOES,813900,4994.5
TOMATOES,814000,4994.25
TOMATOES,814100,4994.75
TOMATOES,814200,4995.0
TOMATOES,814300,4994.75
TOMATOES,814400,4994.5
TOMATOES,814500,4994.5
TOMATOES,814600,4995.25
TOMATOES,814700,4995.25
TOMATOES,814800,4995.0
TOMATOES,814900,4995.25
TOMATOES,815000,4996.0
TOMATOES,815100,4996.25
TOMATOES,815200,4996.75
TOMATOES,815300,4996.5
TOMATOES,815400,4996.5
TOMATOES,815500,4996.75
TOMATOES,815600,4997.0
TOMATOES,815700,4997.0
TOMATOES,815800,4997.25
TOMATOES,815900,4997.0
TOMATOES,816000,4997.5
TOMATOES,816100,4997.75
TOMATOES,816200,4997.5
TOMATOES,816300,4998.0
TOMATOES,816400,4999.0
TOMATOES,816500,4999.25
TOMATOES,816600,5000.0
TOMATOES,816700,4999.0
TOMATOES,816800,4999.0
TOMATOES,816900,4996.75
TOMATOES,817000,4997.25
TOMATOES,817100,4998.25
TOMATOES,817200,4998.25
TOMATOES,817300,4998.25
TOMATOES,817400,4998.25
TOMATOES,817500,4998.5
TOMATOES,817600,4998.0
TOMATOES,817700,4996.75
TOMATOES,817800,4998.0
TOMATOES,817900,4999.25
TOMATOES,818000,4998.25
TOMATOES,818100,4997.75
TOMATOES,818200,4995.25
TOMATOES,818300,4997.5
TOMATOES,818400,4997.25
TOMATOES,818500,4996.5
TOMATOES,818600,4996.25
TOMATOES,818700,4996.75
TOMATOES,818800,4997.0
TOMATOES,818900,4997.0
TOMATOES,819000,4997.25
TOMATOES,819100,4997.25
TOMATOES,819200,4997.0
TOMATOES,819300,4997.25
TOMATOES,819400,4997.5
TOMATOES,819500,4998.5
TOMATOES,819600,4997.0
TOMATOES,819700,4997.25
TOMATOES,819800,4997.5
TOMATOES,819900,4997.75
TOMATOES,820000,4997.5
TOMATOES,820100,4998.5
TOMATOES,820200,4995.0
TOMATOES,820300,4996.5
TOMATOES,820400,4998.0
TOMATOES,820500,4995.75
TOMATOES,820600,4996.25
TOMATOES,820700,4996.25
TOMATOES,820800,4995.75
TOMATOES,820900,4995.75
TOMATOES,821000,4993.5
TOMATOES,821100,4996.0
TOMATOES,821200,4996.0
TOMATOES,821300,4996.75
TOMATOES,821400,4996.25
TOMATOES,821500,4996.0
TOMATOES,821600,4996.0
TOMATOES,821700,4995.5
TOMATOES,821800,4995.25
TOMATOES,821900,4997.0
TOMATOES,822000,4995.25
TOMATOES,822100,4995.75
TOMATOES,822200,4995.5
TOMATOES,822300,4995.75
TOMATOES,822400,4995.0
TOMATOES,822500,4995.25
TOMATOES,822600,4994.75
TOMATOES,822700,4993.0
TOMATOES,822800,4994.25
TOMATOES,822900,4995.0
TOMATOES,823000,4994.75
TOMATOES,823100,4994.5
TOMATOES,823200,4995.0
TOMATOES,823300,4995.5
TOMATOES,823400,4995.75
TOMATOES,823500,4995.25
TOMATOES,823600,4996.0
TOMATOES,823700,4996.25
TOMATOES,823800,4996.25
TOMATOES,823900,4996.25
TOMATOES,824000,4995.5
TOMATOES,824100,4995.5
TOMATOES,824200,4994.25
TOMATOES,824300,4995.75
TOMATOES,824400,4996.5
TOMATOES,824500,4996.0
TOMATOES,824600,4996.0
TOMATOES,824700,4995.0
TOMATOES,824800,4994.5
TOMATOES,824900,4995.0
TOMATOES,825000,4994.25
TOMATOES,825100,4994.25
TOMATOES,825200,4993.75
TOMATOES,825300,4993.25
TOMATOES,825400,4993.75
TOMATOES,825500,4993.25
TOMATOES,825600,4993.25
TOMATOES,825700,4993.25
TOMATOES,825800,4993.25
TOMATOES,825900,4993.75
TOMATOES,826000,4993.25
TOMATOES,826100,4993.25
TOMATOES,826200,4992.75
TOMATOES,826300,4992.75
TOMATOES,826400,4993.0
TOMATOES,826500,4993.5
TOMATOES,826600,4993.75
TOMATOES,826700,4993.0
TOMATOES,826800,4993.25
TOMATOES,826900,4993.25
TOMATOES,827000,4993.0
TOMATOES,827100,4994.75
TOMATOES,827200,4993.5
TOMATOES,827300,4993.75
TOMATOES,827400,4995.0
TOMATOES,827500,4993.75
TOMATOES,827600,4993.75
TOMATOES,827700,4994.0
TOMATOES,827800,4994.0
TOMATOES,827900,4995.75
TOMATOES,828000,4994.5
TOMATOES,828100,4995.0
TOMATOES,828200,4994.5
TOMATOES,828300,4994.5
TOMATOES,828400,4994.5
TOMATOES,828500,4993.5
TOMATOES,828600,4993.5
TOMATOES,828700,4993.5
TOMATOES,828800,4992.0
TOMATOES,828900,4993.25
TOMATOES,829000,4993.25
TOMATOES,829100,4993.75
TOMATOES,829200,4993.25
TOMATOES,829300,4993.25
TOMATOES,829400,4993.5
TOMATOES,829500,4994.0
TOMATOES,829600,4994.25
TOMATOES,829700,4994.25
TOMATOES,829800,4993.75
TOMATOES,829900,4993.5
TOMATOES,830000,4993.0
TOMATOES,830100,4993.0
TOMATOES,830200,4992.75
TOMATOES,830300,4993.0
TOMATOES,830400,4992.75
TOMATOES,830500,4992.75
TOMATOES,830600,4992.5
TOMATOES,830700,4991.0
TOMATOES,830800,4992.25
TOMATOES,830900,4992.25
TOMATOES,831000,4992.25
TOMATOES,831100,4991.75
TOMATOES,831200,4994.0
TOMATOES,831300,4992.0
TOMATOES,831400,4992.0
TOMATOES,831500,4992.75
TOMATOES,831600,4991.5
TOMATOES,831700,4993.0
TOMATOES,831800,4991.5
TOMATOES,831900,4991.5
TOMATOES,832000,4991.0
TOMATOES,832100,4988.25
TOMATOES,832200,4990.75
TOMATOES,832300,4990.5
TOMATOES,832400,4987.0
TOMATOES,832500,4990.75
TOMATOES,832600,4989.5
TOMATOES,832700,4990.5
TOMATOES,832800,4988.75
TOMATOES,832900,4991.0
TOMATOES,833000,4991.0
TOMATOES,833100,4991.25
TOMATOES,833200,4991.5
TOMATOES,833300,4991.75
TOMATOES,833400,4992.5
TOMATOES,833500,4992.75
TOMATOES,833600,4992.25
TOMATOES,833700,4992.0
TOMATOES,833800,4991.75
TOMATOES,833900,4992.25
TOMATOES,834000,4992.5
TOMATOES,834100,4992.5
TOMATOES,834200,4993.25
TOMATOES,834300,4992.0
TOMATOES,834400,4994.75
TOMATOES,834500,4992.25
TOMATOES,834600,4990.5
TOMATOES,834700,4991.75
TOMATOES,834800,4991.75
TOMATOES,834900,4992.0
TOMATOES,835000,4991.75
TOMATOES,835100,4992.0
TOMATOES,835200,4990.0
TOMATOES,835300,4992.25
TOMATOES,835400,4991.5
TOMATOES,835500,4991.75
TOMATOES,835600,4993.25
TOMATOES,835700,4992.5
TOMATOES,835800,4990.75
TOMATOES,835900,4992.25
TOMATOES,836000,4992.5
TOMATOES,836100,4992.75
TOMATOES,836200,4990.5
TOMATOES,836300,4992.25
TOMATOES,836400,4992.25
TOMATOES,836500,4992.5
TOMATOES,836600,4991.75
TOMATOES,836700,4991.5
TOMATOES,836800,4991.75
TOMATOES,836900,4993.75
TOMATOES,837000,4992.0
TOMATOES,837100,4991.5
TOMATOES,837200,4991.25
TOMATOES,837300,4991.25
TOMATOES,837400,4992.0
TOMATOES,837500,4991.25
TOMATOES,837600,4991.0
TOMATOES,837700,4991.25
TOMATOES,837800,4989.0
TOMATOES,837900,4990.75
TOMATOES,838000,4990.5
TOMATOES,838100,4990.75
TOMATOES,838200,4990.75
TOMATOES,838300,4990.0
TOMATOES,838400,4990.25
TOMATOES,838500,4989.75
TOMATOES,838600,4989.75
TOMATOES,838700,4989.75
TOMATOES,838800,4990.25
TOMATOES,838900,4989.75
TOMATOES,839000,4990.0
TOMATOES,839100,4990.25
TOMATOES,839200,4990.5
TOMATOES,839300,4991.25
TOMATOES,839400,4991.0
TOMATOES,839500,4991.75
TOMATOES,839600,4990.0
TOMATOES,839700,4989.0
TOMATOES,839800,4989.0
TOMATOES,839900,4988.75
TOMATOES,840000,4988.5
TOMATOES,840100,4986.75
TOMATOES,840200,4988.75
TOMATOES,840300,4988.75
TOMATOES,840400,4988.75
TOMATOES,840500,4986.75
TOMATOES,840600,4990.25
TOMATOES,840700,4989.25
TOMATOES,840800,4989.5
TOMATOES,840900,4989.5
TOMATOES,841000,4990.75
TOMATOES,841100,4990.0
TOMATOES,841200,4988.0
TOMATOES,841300,4990.5
TOMATOES,841400,4990.25
TOMATOES,841500,4990.75
TOMATOES,841600,4990.75
TOMATOES,841700,4990.5
TOMATOES,841800,4990.0
TOMATOES,841900,4990.0
TOMATOES,842000,4989.75
TOMATOES,842100,4990.0
TOMATOES,842200,4990.0
TOMATOES,842300,4989.75
TOMATOES,842400,4991.5
TOMATOES,842500,4988.25
TOMATOES,842600,4989.25
TOMATOES,842700,4989.0
TOMATOES,842800,4987.75
TOMATOES,842900,4988.0
TOMATOES,843000,4989.75
TOMATOES,843100,4989.75
TOMATOES,843200,4990.0
TOMATOES,843300,4990.25
TOMATOES,843400,4990.5
TOMATOES,843500,4990.25
TOMATOES,843600,4987.5
TOMATOES,843700,4989.0
TOMATOES,843800,4989.0
TOMATOES,843900,4989.25
TOMATOES,844000,4989.75
TOMATOES,844100,4990.0
TOMATOES,844200,4990.25
TOMATOES,844300,4990.0
TOMATOES,844400,4990.25
TOMATOES,844500,4990.5
TOMATOES,844600,4991.0
TOMATOES,844700,4990.75
TOMATOES,844800,4990.0
TOMATOES,844900,4990.25
TOMATOES,845000,4990.0
TOMATOES,845100,4990.0
TOMATOES,845200,4990.25
TOMATOES,845300,4990.0
TOMATOES,845400,4988.0
TOMATOES,845500,4990.25
TOMATOES,845600,4991.0
TOMATOES,845700,4991.5
TOMATOES,845800,4990.75
TOMATOES,845900,4990.0
TOMATOES,846000,4989.25
TOMATOES,846100,4989.25
TOMATOES,846200,4987.75
TOMATOES,846300,4989.25
TOMATOES,846400,4989.5
TOMATOES,846500,4989.75
TOMATOES,846600,4990.0
TOMATOES,846700,4989.5
TOMATOES,846800,4989.5
TOMATOES,846900,4990.0
TOMATOES,847000,4989.75
TOMATOES,847100,4990.0
TOMATOES,847200,4986.5
TOMATOES,847300,4988.0
TOMATOES,847400,4990.0
TOMATOES,847500,4990.25
TOMATOES,847600,4990.5
TOMATOES,847700,4990.0
TOMATOES,847800,4990.5
TOMATOES,847900,4990.25
TOMATOES,848000,4989.75
TOMATOES,848100,4991.0
TOMATOES,848200,4989.5
TOMATOES,848300,4988.75
TOMATOES,848400,4989.25
TOMATOES,848500,4989.0
TOMATOES,848600,4989.5
TOMATOES,848700,4990.75
TOMATOES,848800,4989.0
TOMATOES,848900,4987.75
TOMATOES,849000,4988.25
TOMATOES,849100,4987.75
TOMATOES,849200,4988.0
TOMATOES,849300,4987.75
TOMATOES,849400,4988.0
TOMATOES,849500,4987.75
TOMATOES,849600,4988.25
TOMATOES,849700,4988.0
TOMATOES,849800,4988.5
TOMATOES,849900,4988.0
TOMATOES,850000,4988.0
TOMATOES,850100,4988.0
TOMATOES,850200,4989.25
TOMATOES,850300,4988.0
TOMATOES,850400,4988.0
TOMATOES,850500,4989.0
TOMATOES,850600,4989.25
TOMATOES,850700,4990.75
TOMATOES,850800,4989.75
TOMATOES,850900,4989.5
TOMATOES,851000,4989.5
TOMATOES,851100,4989.25
TOMATOES,851200,4990.5
TOMATOES,851300,4989.25
TOMATOES,851400,4989.25
TOMATOES,851500,4990.0
TOMATOES,851600,4991.25
TOMATOES,851700,4990.25
TOMATOES,851800,4990.25
TOMATOES,851900,4990.5
TOMATOES,852000,4991.5
TOMATOES,852100,4990.25
TOMATOES,852200,4990.5
TOMATOES,852300,4990.0
TOMATOES,852400,4989.25
TOMATOES,852500,4989.25
TOMATOES,852600,4989.0
TOMATOES,852700,4988.75
TOMATOES,852800,4988.5
TOMATOES,852900,4988.5
TOMATOES,853000,4988.75
TOMATOES,853100,4988.5
TOMATOES,853200,4988.75
TOMATOES,853300,4988.75
TOMATOES,853400,4989.25
TOMATOES,853500,4989.25
TOMATOES,853600,4989.5
TOMATOES,853700,4988.0
TOMATOES,853800,4989.75
TOMATOES,853900,4990.0
TOMATOES,854000,4990.5
TOMATOES,854100,4990.25
TOMATOES,854200,4990.0
TOMATOES,854300,4990.25
TOMATOES,854400,4990.5
TOMATOES,854500,4988.75
TOMATOES,854600,4990.5
TOMATOES,854700,4990.25
TOMATOES,854800,4990.0
TOMATOES,854900,4990.0
TOMATOES,855000,4990.25
TOMATOES,855100,4991.75
TOMATOES,855200,4990.0
TOMATOES,855300,4990.25
TOMATOES,855400,4990.25
TOMATOES,855500,4989.75
TOMATOES,855600,4989.25
TOMATOES,855700,4989.25
TOMATOES,855800,4989.25
TOMATOES,855900,4989.5
TOMATOES,856000,4990.25
TOMATOES,856100,4990.25
TOMATOES,856200,4990.25
TOMATOES,856300,4990.0
TOMATOES,856400,4990.5
TOMATOES,856500,4990.25
TOMATOES,856600,4991.0
TOMATOES,856700,4991.0
TOMATOES,856800,4990.75
TOMATOES,856900,4991.0
TOMATOES,857000,4990.5
TOMATOES,857100,4991.0
TOMATOES,857200,4991.0
TOMATOES,857300,4992.0
TOMATOES,857400,4992.0
TOMATOES,857500,4991.25
TOMATOES,857600,4990.75
TOMATOES,857700,4992.25
TOMATOES,857800,4991.25
TOMATOES,857900,4991.5
TOMATOES,858000,4992.75
TOMATOES,858100,4991.5
TOMATOES,858200,4991.5
TOMATOES,858300,4991.75
TOMATOES,858400,4991.25
TOMATOES,858500,4991.0
TOMATOES,858600,4991.0
TOMATOES,858700,4990.5
TOMATOES,858800,4989.25
TOMATOES,858900,4990.25
TOMATOES,859000,4990.0
TOMATOES,859100,4990.0
TOMATOES,859200,4988.75
TOMATOES,859300,4990.25
TOMATOES,859400,4991.0
TOMATOES,859500,4991.0
TOMATOES,859600,4991.25
TOMATOES,859700,4991.25
TOMATOES,859800,4989.5
TOMATOES,859900,4991.5
TOMATOES,860000,4991.0
TOMATOES,860100,4991.0
TOMATOES,860200,4991.0
TOMATOES,860300,4991.0
TOMATOES,860400,4990.75
TOMATOES,860500,4990.5
TOMATOES,860600,4990.25
TOMATOES,860700,4990.25
TOMATOES,860800,4990.0
TOMATOES,860900,4990.5
TOMATOES,861000,4990.25
TOMATOES,861100,4990.75
TOMATOES,861200,4990.5
TOMATOES,861300,4990.25
TOMATOES,861400,4990.75
TOMATOES,861500,4991.25
TOMATOES,861600,4991.25
TOMATOES,861700,4991.75
TOMATOES,861800,4991.5
TOMATOES,861900,4992.0
TOMATOES,862000,4992.25
TOMATOES,862100,4992.0
TOMATOES,862200,4992.5
TOMATOES,862300,4992.25
TOMATOES,862400,4991.75
TOMATOES,862500,4991.75
TOMATOES,862600,4992.0
TOMATOES,862700,4991.0
TOMATOES,862800,4992.5
TOMATOES,862900,4993.25
TOMATOES,863000,4993.25
TOMATOES,863100,4993.0
TOMATOES,863200,4992.75
TOMATOES,863300,4993.0
TOMATOES,863400,4994.0
TOMATOES,863500,4993.5
TOMATOES,863600,4993.75
TOMATOES,863700,4993.5
TOMATOES,863800,4994.25
TOMATOES,863900,4994.0
TOMATOES,864000,4994.25
TOMATOES,864100,4994.0
TOMATOES,864200,4993.75
TOMATOES,864300,4995.75
TOMATOES,864400,4996.0
TOMATOES,864500,4992.25
TOMATOES,864600,4995.0
TOMATOES,864700,4994.75
TOMATOES,864800,4996.25
TOMATOES,864900,4995.75
TOMATOES,865000,4995.75
TOMATOES,865100,4996.25
TOMATOES,865200,4995.5
TOMATOES,865300,4995.5
TOMATOES,865400,4995.25
TOMATOES,865500,4995.25
TOMATOES,865600,4995.75
TOMATOES,865700,4995.75
TOMATOES,865800,4997.0
TOMATOES,865900,4995.5
TOMATOES,866000,4994.25
TOMATOES,866100,4995.5
TOMATOES,866200,4995.5
TOMATOES,866300,4996.0
TOMATOES,866400,4995.75
TOMATOES,866500,4996.25
TOMATOES,866600,4996.25
TOMATOES,866700,4996.25
TOMATOES,866800,4995.5
TOMATOES,866900,4997.25
TOMATOES,867000,4994.75
TOMATOES,867100,4995.0
TOMATOES,867200,4995.0
TOMATOES,867300,4994.25
TOMATOES,867400,4993.5
TOMATOES,867500,4994.0
TOMATOES,867600,4994.25
TOMATOES,867700,4994.25
TOMATOES,867800,4994.0
TOMATOES,867900,4992.5
TOMATOES,868000,4994.5
TOMATOES,868100,4994.5
TOMATOES,868200,4995.0
TOMATOES,868300,4994.75
TOMATOES,868400,4993.0
TOMATOES,868500,4994.75
TOMATOES,868600,4994.0
TOMATOES,868700,4992.0
TOMATOES,868800,4994.0
TOMATOES,868900,4992.25
TOMATOES,869000,4993.75
TOMATOES,869100,4993.5
TOMATOES,869200,4993.5
TOMATOES,869300,4993.5
TOMATOES,869400,4993.75
TOMATOES,869500,4993.25
TOMATOES,869600,4993.0
TOMATOES,869700,4992.75
TOMATOES,869800,4992.0
TOMATOES,869900,4991.5
TOMATOES,870000,4991.5
TOMATOES,870100,4988.25
TOMATOES,870200,4991.75
TOMATOES,870300,4991.5
TOMATOES,870400,4991.75
TOMATOES,870500,4991.75
TOMATOES,870600,4991.5
TOMATOES,870700,4991.75
TOMATOES,870800,4991.0
TOMATOES,870900,4988.5
TOMATOES,871000,4989.75
TOMATOES,871100,4992.0
TOMATOES,871200,4991.75
TOMATOES,871300,4992.5
TOMATOES,871400,4991.25
TOMATOES,871500,4991.5
TOMATOES,871600,4991.25
TOMATOES,871700,4991.0
TOMATOES,871800,4991.25
TOMATOES,871900,4991.5
TOMATOES,872000,4991.0
TOMATOES,872100,4990.75
TOMATOES,872200,4991.0
TOMATOES,872300,4990.75
TOMATOES,872400,4989.0
TOMATOES,872500,4990.75
TOMATOES,872600,4991.25
TOMATOES,872700,4991.5
TOMATOES,872800,4991.0
TOMATOES,872900,4991.0
TOMATOES,873000,4991.5
TOMATOES,873100,4992.25
TOMATOES,873200,4991.75
TOMATOES,873300,4991.75
TOMATOES,873400,4991.75
TOMATOES,873500,4991.75
TOMATOES,873600,4992.0
TOMATOES,873700,4991.5
TOMATOES,873800,4992.0
TOMATOES,873900,4991.75
TOMATOES,874000,4991.75
TOMATOES,874100,4992.0
TOMATOES,874200,4991.75
TOMATOES,874300,4993.25
TOMATOES,874400,4992.75
TOMATOES,874500,4992.25
TOMATOES,874600,4991.0
TOMATOES,874700,4992.5
TOMATOES,874800,4992.0
TOMATOES,874900,4993.5
TOMATOES,875000,4993.75
TOMATOES,875100,4994.75
TOMATOES,875200,4993.75
TOMATOES,875300,4993.5
TOMATOES,875400,4993.75
TOMATOES,875500,4993.75
TOMATOES,875600,4993.25
TOMATOES,875700,4993.25
TOMATOES,875800,4993.0
TOMATOES,875900,4992.5
TOMATOES,876000,4994.25
TOMATOES,876100,4993.0
TOMATOES,876200,4993.25
TOMATOES,876300,4993.25
TOMATOES,876400,4992.0
TOMATOES,876500,4994.5
TOMATOES,876600,4994.0
TOMATOES,876700,4994.25
TOMATOES,876800,4993.75
TOMATOES,876900,4994.25
TOMATOES,877000,4994.25
TOMATOES,877100,4994.0
TOMATOES,877200,4993.25
TOMATOES,877300,4993.5
TOMATOES,877400,4994.0
TOMATOES,877500,4993.75
TOMATOES,877600,4993.75
TOMATOES,877700,4993.5
TOMATOES,877800,4992.25
TOMATOES,877900,4992.0
TOMATOES,878000,4991.75
TOMATOES,878100,4993.0
TOMATOES,878200,4991.5
TOMATOES,878300,4991.25
TOMATOES,878400,4991.5
TOMATOES,878500,4991.0
TOMATOES,878600,4991.25
TOMATOES,878700,4991.25
TOMATOES,878800,4991.25
TOMATOES,878900,4992.5
TOMATOES,879000,4991.0
TOMATOES,879100,4991.5
TOMATOES,879200,4991.5
TOMATOES,879300,4991.25
TOMATOES,879400,4991.0
TOMATOES,879500,4990.75
TOMATOES,879600,4991.5
TOMATOES,879700,4993.0
TOMATOES,879800,4992.5
TOMATOES,879900,4992.75
TOMATOES,880000,4992.75
TOMATOES,880100,4993.75
TOMATOES,880200,4993.5
TOMATOES,880300,4993.75
TOMATOES,880400,4995.75
TOMATOES,880500,4994.0
TOMATOES,880600,4994.75
TOMATOES,880700,4995.0
TOMATOES,880800,4995.0
TOMATOES,880900,4994.75
TOMATOES,881000,4994.0
TOMATOES,881100,4994.0
TOMATOES,881200,4992.0
TOMATOES,881300,4994.75
TOMATOES,881400,4993.5
TOMATOES,881500,4993.5
TOMATOES,881600,4994.0
TOMATOES,881700,4994.0
TOMATOES,881800,4993.5
TOMATOES,881900,4994.5
TOMATOES,882000,4994.25
TOMATOES,882100,4994.5
TOMATOES,882200,4995.25
TOMATOES,882300,4994.75
TOMATOES,882400,4994.25
TOMATOES,882500,4994.75
TOMATOES,882600,4994.75
TOMATOES,882700,4995.0
TOMATOES,882800,4996.75
TOMATOES,882900,4995.25
TOMATOES,883000,4996.25
TOMATOES,883100,4996.5
TOMATOES,883200,4996.0
TOMATOES,883300,4996.5
TOMATOES,883400,4995.0
TOMATOES,883500,4996.75
TOMATOES,883600,4997.25
TOMATOES,883700,4997.25
TOMATOES,883800,4995.5
TOMATOES,883900,4996.75
TOMATOES,884000,4996.75
TOMATOES,884100,4997.0
TOMATOES,884200,4996.5
TOMATOES,884300,4994.75
TOMATOES,884400,4996.25
TOMATOES,884500,4996.75
TOMATOES,884600,4997.25
TOMATOES,884700,4997.0
TOMATOES,884800,4997.25
TOMATOES,884900,4997.25
TOMATOES,885000,4997.5
TOMATOES,885100,4998.25
TOMATOES,885200,4998.25
TOMATOES,885300,4998.0
TOMATOES,885400,4998.5
TOMATOES,885500,4998.5
TOMATOES,885600,4999.0
TOMATOES,885700,4999.0
TOMATOES,885800,4999.5
TOMATOES,885900,4999.5
TOMATOES,886000,5000.0
TOMATOES,886100,5000.5
TOMATOES,886200,4999.25
TOMATOES,886300,5001.5
TOMATOES,886400,5001.5
TOMATOES,886500,5001.75
TOMATOES,886600,5001.75
TOMATOES,886700,5002.5
TOMATOES,886800,5002.25
TOMATOES,886900,5002.5
TOMATOES,887000,5000.0
TOMATOES,887100,4999.25
TOMATOES,887200,5001.5
TOMATOES,887300,4998.75
TOMATOES,887400,4999.5
TOMATOES,887500,5001.25
TOMATOES,887600,5001.25
TOMATOES,887700,4999.25
TOMATOES,887800,5002.5
TOMATOES,887900,5001.0
TOMATOES,888000,5001.25
TOMATOES,888100,5001.75
TOMATOES,888200,5002.0
TOMATOES,888300,5002.75
TOMATOES,888400,5001.25
TOMATOES,888500,5001.75
TOMATOES,888600,5000.0
TOMATOES,888700,5001.75
TOMATOES,888800,5001.5
TOMATOES,888900,5001.5
TOMATOES,889000,5001.25
TOMATOES,889100,5001.5
TOMATOES,889200,5001.25
TOMATOES,889300,5001.5
TOMATOES,889400,5001.25
TOMATOES,889500,5001.75
TOMATOES,889600,5001.5
TOMATOES,889700,5001.75
TOMATOES,889800,5003.25
TOMATOES,889900,5001.5
TOMATOES,890000,5001.0
TOMATOES,890100,5001.5
TOMATOES,890200,5001.75
TOMATOES,890300,5001.5
TOMATOES,890400,5001.0
TOMATOES,890500,5002.0
TOMATOES,890600,4998.75
TOMATOES,890700,5000.25
TOMATOES,890800,5000.75
TOMATOES,890900,5000.25
TOMATOES,891000,5000.25
TOMATOES,891100,5000.25
TOMATOES,891200,5000.5
TOMATOES,891300,5000.25
TOMATOES,891400,5000.25
TOMATOES,891500,5001.75
TOMATOES,891600,5001.0
TOMATOES,891700,5000.5
TOMATOES,891800,5000.75
TOMATOES,891900,5000.0
TOMATOES,892000,4999.75
TOMATOES,892100,4999.75
TOMATOES,892200,4999.5
TOMATOES,892300,5000.0
TOMATOES,892400,4999.75
TOMATOES,892500,4999.75
TOMATOES,892600,4999.5
TOMATOES,892700,4999.5
TOMATOES,892800,4999.0
TOMATOES,892900,4999.0
TOMATOES,893000,4999.25
TOMATOES,893100,4999.0
TOMATOES,893200,4998.75
TOMATOES,893300,5001.5
TOMATOES,893400,5000.25
TOMATOES,893500,5001.25
TOMATOES,893600,5001.75
TOMATOES,893700,5001.75
TOMATOES,893800,5001.25
TOMATOES,893900,5000.75
TOMATOES,894000,5000.0
TOMATOES,894100,4999.75
TOMATOES,894200,5000.0
TOMATOES,894300,5000.5
TOMATOES,894400,5000.5
TOMATOES,894500,5000.0
TOMATOES,894600,4999.0
TOMATOES,894700,5000.75
TOMATOES,894800,5001.0
TOMATOES,894900,5000.5
TOMATOES,895000,5001.25
TOMATOES,895100,5001.0
TOMATOES,895200,5000.75
TOMATOES,895300,5000.75
TOMATOES,895400,5002.25
TOMATOES,895500,5000.25
TOMATOES,895600,5000.75
TOMATOES,895700,5001.0
TOMATOES,895800,5001.0
TOMATOES,895900,5000.75
TOMATOES,896000,5000.75
TOMATOES,896100,5001.0
TOMATOES,896200,5000.75
TOMATOES,896300,5000.25
TOMATOES,896400,5001.25
TOMATOES,896500,5001.5
TOMATOES,896600,5001.25
TOMATOES,896700,4999.25
TOMATOES,896800,5001.0
TOMATOES,896900,5000.0
TOMATOES,897000,5000.75
TOMATOES,897100,5000.25
TOMATOES,897200,5000.0
TOMATOES,897300,5000.0
TOMATOES,897400,5000.25
TOMATOES,897500,5001.0
TOMATOES,897600,5001.5
TOMATOES,897700,5001.75
TOMATOES,897800,5002.5
TOMATOES,897900,5002.25
TOMATOES,898000,5002.0
TOMATOES,898100,5001.0
TOMATOES,898200,5001.0
TOMATOES,898300,5000.75
TOMATOES,898400,5000.5
TOMATOES,898500,5000.75
TOMATOES,898600,5001.75
TOMATOES,898700,4999.75
TOMATOES,898800,5000.0
TOMATOES,898900,4999.5
TOMATOES,899000,4999.0
TOMATOES,899100,4998.75
TOMATOES,899200,4998.75
TOMATOES,899300,4998.75
TOMATOES,899400,4998.75
TOMATOES,899500,4997.75
TOMATOES,899600,4997.75
TOMATOES,899700,4997.5
TOMATOES,899800,4997.75
TOMATOES,899900,4999.5
TOMATOES,900000,4997.75
TOMATOES,900100,4998.0
TOMATOES,900200,4997.25
TOMATOES,900300,4997.0
TOMATOES,900400,4996.25
TOMATOES,900500,4995.5
TOMATOES,900600,4995.0
TOMATOES,900700,4995.0
TOMATOES,900800,4994.5
TOMATOES,900900,4994.75
TOMATOES,901000,4994.75
TOMATOES,901100,4995.25
TOMATOES,901200,4994.75
TOMATOES,901300,4994.75
TOMATOES,901400,4994.25
TOMATOES,901500,4995.0
TOMATOES,901600,4996.0
TOMATOES,901700,4996.5
TOMATOES,901800,4996.75
TOMATOES,901900,4996.75
TOMATOES,902000,4997.0
TOMATOES,902100,4997.0
TOMATOES,902200,4998.75
TOMATOES,902300,4998.25
TOMATOES,902400,4998.0
TOMATOES,902500,4998.25
TOMATOES,902600,4998.25
TOMATOES,902700,4998.75
TOMATOES,902800,4999.25
TOMATOES,902900,4999.0
TOMATOES,903000,4999.0
TOMATOES,903100,4999.25
TOMATOES,903200,4998.75
TOMATOES,903300,4998.5
TOMATOES,903400,4999.5
TOMATOES,903500,4997.75
TOMATOES,903600,4996.5
TOMATOES,903700,4996.75
TOMATOES,903800,4997.0
TOMATOES,903900,4997.25
TOMATOES,904000,4997.0
TOMATOES,904100,4997.25
TOMATOES,904200,4997.0
TOMATOES,904300,4997.5
TOMATOES,904400,4997.25
TOMATOES,904500,4997.0
TOMATOES,904600,4996.5
TOMATOES,904700,4996.5
TOMATOES,904800,4996.75
TOMATOES,904900,4997.25
TOMATOES,905000,4996.5
TOMATOES,905100,4996.75
TOMATOES,905200,4997.0
TOMATOES,905300,4997.0
TOMATOES,905400,4997.75
TOMATOES,905500,4998.0
TOMATOES,905600,4999.5
TOMATOES,905700,4998.25
TOMATOES,905800,4998.25
TOMATOES,905900,4998.0
TOMATOES,906000,4997.75
TOMATOES,906100,4998.25
TOMATOES,906200,4998.75
TOMATOES,906300,4998.5
TOMATOES,906400,4998.25
TOMATOES,906500,4998.75
TOMATOES,906600,4998.5
TOMATOES,906700,4998.75
TOMATOES,906800,4998.25
TOMATOES,906900,4998.75
TOMATOES,907000,4998.25
TOMATOES,907100,4998.25
TOMATOES,907200,4998.25
TOMATOES,907300,4997.75
TOMATOES,907400,4997.5
TOMATOES,907500,4997.5
TOMATOES,907600,4997.5
TOMATOES,907700,4997.75
TOMATOES,907800,4997.75
TOMATOES,907900,4998.5
TOMATOES,908000,4998.5
TOMATOES,908100,4998.75
TOMATOES,908200,4998.75
TOMATOES,908300,4998.25
TOMATOES,908400,4998.25
TOMATOES,908500,4998.25
TOMATOES,908600,4998.0
TOMATOES,908700,4998.0
TOMATOES,908800,4997.5
TOMATOES,908900,4997.25
TOMATOES,909000,4997.25
TOMATOES,909100,4997.5
TOMATOES,909200,4999.75
TOMATOES,909300,4997.5
TOMATOES,909400,4997.75
TOMATOES,909500,4998.25
TOMATOES,909600,4998.25
TOMATOES,909700,4998.25
TOMATOES,909800,4998.0
TOMATOES,909900,4998.0
TOMATOES,910000,4998.25
TOMATOES,910100,4998.0
TOMATOES,910200,4998.25
TOMATOES,910300,4997.75
TOMATOES,910400,4998.5
TOMATOES,910500,4998.0
TOMATOES,910600,4998.25
TOMATOES,910700,4998.5
TOMATOES,910800,4998.25
TOMATOES,910900,4998.5
TOMATOES,911000,4998.0
TOMATOES,911100,4997.75
TOMATOES,911200,4997.5
TOMATOES,911300,4999.25
TOMATOES,911400,4998.0
TOMATOES,911500,4997.75
TOMATOES,911600,4997.5
TOMATOES,911700,4997.0
TOMATOES,911800,4996.75
TOMATOES,911900,4996.25
TOMATOES,912000,4996.75
TOMATOES,912100,4996.25
TOMATOES,912200,4996.0
TOMATOES,912300,4995.25
TOMATOES,912400,4995.25
TOMATOES,912500,4995.25
TOMATOES,912600,4995.5
TOMATOES,912700,4995.5
TOMATOES,912800,4997.25
TOMATOES,912900,4995.75
TOMATOES,913000,4995.25
TOMATOES,913100,4994.5
TOMATOES,913200,4996.5
TOMATOES,913300,4995.75
TOMATOES,913400,4995.5
TOMATOES,913500,4996.0
TOMATOES,913600,4996.75
TOMATOES,913700,4994.75
TOMATOES,913800,4995.25
TOMATOES,913900,4995.25
TOMATOES,914000,4995.0
TOMATOES,914100,4994.75
TOMATOES,914200,4994.25
TOMATOES,914300,4994.75
TOMATOES,914400,4994.75
TOMATOES,914500,4994.75
TOMATOES,914600,4994.5
TOMATOES,914700,4994.75
TOMATOES,914800,4994.25
TOMATOES,914900,4994.75
TOMATOES,915000,4994.5
TOMATOES,915100,4994.5
TOMATOES,915200,4994.5
TOMATOES,915300,4995.5
TOMATOES,915400,4993.75
TOMATOES,915500,4994.0
TOMATOES,915600,4994.0
TOMATOES,915700,4993.5
TOMATOES,915800,4991.75
TOMATOES,915900,4993.0
TOMATOES,916000,4993.25
TOMATOES,916100,4993.0
TOMATOES,916200,4991.5
TOMATOES,916300,4992.75
TOMATOES,916400,4993.25
TOMATOES,916500,4993.75
TOMATOES,916600,4992.5
TOMATOES,916700,4993.0
TOMATOES,916800,4991.5
TOMATOES,916900,4991.5
TOMATOES,917000,4993.5
TOMATOES,917100,4993.0
TOMATOES,917200,4993.0
TOMATOES,917300,4993.0
TOMATOES,917400,4993.75
TOMATOES,917500,4993.5
TOMATOES,917600,4993.5
TOMATOES,917700,4993.75
TOMATOES,917800,4993.25
TOMATOES,917900,4993.5
TOMATOES,918000,4994.5
TOMATOES,918100,4993.0
TOMATOES,918200,4992.75
TOMATOES,918300,4993.0
TOMATOES,918400,4992.5
TOMATOES,918500,4992.75
TOMATOES,918600,4992.25
TOMATOES,918700,4992.25
TOMATOES,918800,4991.75
TOMATOES,918900,4991.5
TOMATOES,919000,4992.0
TOMATOES,919100,4991.75
TOMATOES,919200,4991.75
TOMATOES,919300,4991.0
TOMATOES,919400,4990.5
TOMATOES,919500,4991.0
TOMATOES,919600,4992.0
TOMATOES,919700,4992.0
TOMATOES,919800,4992.5
TOMATOES,919900,4992.75
TOMATOES,920000,4993.0
TOMATOES,920100,4993.5
TOMATOES,920200,4993.75
TOMATOES,920300,4994.0
TOMATOES,920400,4993.75
TOMATOES,920500,4995.75
TOMATOES,920600,4994.5
TOMATOES,920700,4994.25
TOMATOES,920800,4994.25
TOMATOES,920900,4992.75
TOMATOES,921000,4994.25
TOMATOES,921100,4994.25
TOMATOES,921200,4994.25
TOMATOES,921300,4994.25
TOMATOES,921400,4993.5
TOMATOES,921500,4994.25
TOMATOES,921600,4994.25
TOMATOES,921700,4994.25
TOMATOES,921800,4995.5
TOMATOES,921900,4994.0
TOMATOES,922000,4995.25
TOMATOES,922100,4994.25
TOMATOES,922200,4993.5
TOMATOES,922300,4993.25
TOMATOES,922400,4993.5
TOMATOES,922500,4994.0
TOMATOES,922600,4994.25
TOMATOES,922700,4994.0
TOMATOES,922800,4993.75
TOMATOES,922900,4995.5
TOMATOES,923000,4994.25
TOMATOES,923100,4993.75
TOMATOES,923200,4993.25
TOMATOES,923300,4993.5
TOMATOES,923400,4992.75
TOMATOES,923500,4992.25
TOMATOES,923600,4992.0
TOMATOES,923700,4992.0
TOMATOES,923800,4991.5
TOMATOES,923900,4991.5
TOMATOES,924000,4991.5
TOMATOES,924100,4992.0
TOMATOES,924200,4992.25
TOMATOES,924300,4992.0
TOMATOES,924400,4992.25
TOMATOES,924500,4992.0
TOMATOES,924600,4991.75
TOMATOES,924700,4991.0
TOMATOES,924800,4991.25
TOMATOES,924900,4991.25
TOMATOES,925000,4991.75
TOMATOES,925100,4992.25
TOMATOES,925200,4992.25
TOMATOES,925300,4992.75
TOMATOES,925400,4993.0
TOMATOES,925500,4993.0
TOMATOES,925600,4994.0
TOMATOES,925700,4993.75
TOMATOES,925800,4995.0
TOMATOES,925900,4993.0
TOMATOES,926000,4992.75
TOMATOES,926100,4993.25
TOMATOES,926200,4993.25
TOMATOES,926300,4993.5
TOMATOES,926400,4994.0
TOMATOES,926500,4994.0
TOMATOES,926600,4993.5
TOMATOES,926700,4993.5
TOMATOES,926800,4993.75
TOMATOES,926900,4993.25
TOMATOES,927000,4991.25
TOMATOES,927100,4993.5
TOMATOES,927200,4994.0
TOMATOES,927300,4994.0
TOMATOES,927400,4994.75
TOMATOES,927500,4994.0
TOMATOES,927600,4993.75
TOMATOES,927700,4994.0
TOMATOES,927800,4994.25
TOMATOES,927900,4995.25
TOMATOES,928000,4994.75
TOMATOES,928100,4994.75
TOMATOES,928200,4995.0
TOMATOES,928300,4995.5
TOMATOES,928400,4995.25
TOMATOES,928500,4993.25
TOMATOES,928600,4995.25
TOMATOES,928700,4995.0
TOMATOES,928800,4995.0
TOMATOES,928900,4993.5
TOMATOES,929000,4995.25
TOMATOES,929100,4994.5
TOMATOES,929200,4994.25
TOMATOES,929300,4994.25
TOMATOES,929400,4994.25
TOMATOES,929500,4993.75
TOMATOES,929600,4993.25
TOMATOES,929700,4993.0
TOMATOES,929800,4993.75
TOMATOES,929900,4993.25
TOMATOES,930000,4994.25
TOMATOES,930100,4993.75
TOMATOES,930200,4993.5
TOMATOES,930300,4993.5
TOMATOES,930400,4992.5
TOMATOES,930500,4992.75
TOMATOES,930600,4993.0
TOMATOES,930700,4993.0
TOMATOES,930800,4994.0
TOMATOES,930900,4992.25
TOMATOES,931000,4990.5
TOMATOES,931100,4992.25
TOMATOES,931200,4992.25
TOMATOES,931300,4992.5
TOMATOES,931400,4993.75
TOMATOES,931500,4991.75
TOMATOES,931600,4991.5
TOMATOES,931700,4992.0
TOMATOES,931800,4991.75
TOMATOES,931900,4993.5
TOMATOES,932000,4992.0
TOMATOES,932100,4991.75
TOMATOES,932200,4992.25
TOMATOES,932300,4992.5
TOMATOES,932400,4992.75
TOMATOES,932500,4992.25
TOMATOES,932600,4992.25
TOMATOES,932700,4992.0
TOMATOES,932800,4992.0
TOMATOES,932900,4992.25
TOMATOES,933000,4992.75
TOMATOES,933100,4993.75
TOMATOES,933200,4993.75
TOMATOES,933300,4994.0
TOMATOES,933400,4995.0
TOMATOES,933500,4993.25
TOMATOES,933600,4993.25
TOMATOES,933700,4992.25
TOMATOES,933800,4991.5
TOMATOES,933900,4991.0
TOMATOES,934000,4990.75
TOMATOES,934100,4991.0
TOMATOES,934200,4991.0
TOMATOES,934300,4991.5
TOMATOES,934400,4990.75
TOMATOES,934500,4991.25
TOMATOES,934600,4991.25
TOMATOES,934700,4991.75
TOMATOES,934800,4991.25
TOMATOES,934900,4991.25
TOMATOES,935000,4991.5
TOMATOES,935100,4991.75
TOMATOES,935200,4991.5
TOMATOES,935300,4992.5
TOMATOES,935400,4993.0
TOMATOES,935500,4993.25
TOMATOES,935600,4993.0
TOMATOES,935700,4993.25
TOMATOES,935800,4992.75
TOMATOES,935900,4993.0
TOMATOES,936000,4991.5
TOMATOES,936100,4992.75
TOMATOES,936200,4993.5
TOMATOES,936300,4993.5
TOMATOES,936400,4993.5
TOMATOES,936500,4993.25
TOMATOES,936600,4993.75
TOMATOES,936700,4994.25
TOMATOES,936800,4994.0
TOMATOES,936900,4994.25
TOMATOES,937000,4994.75
TOMATOES,937100,4994.25
TOMATOES,937200,4994.5
TOMATOES,937300,4993.5
TOMATOES,937400,4995.0
TOMATOES,937500,4995.5
TOMATOES,937600,4995.5
TOMATOES,937700,4995.5
TOMATOES,937800,4995.25
TOMATOES,937900,4995.5
TOMATOES,938000,4995.75
TOMATOES,938100,4995.5
TOMATOES,938200,4995.75
TOMATOES,938300,4995.25
TOMATOES,938400,4995.25
TOMATOES,938500,4995.0
TOMATOES,938600,4995.25
TOMATOES,938700,4995.25
TOMATOES,938800,4994.5
TOMATOES,938900,4994.0
TOMATOES,939000,4994.25
TOMATOES,939100,4996.0
TOMATOES,939200,4995.25
TOMATOES,939300,4994.5
TOMATOES,939400,4995.25
TOMATOES,939500,4995.0
TOMATOES,939600,4995.0
TOMATOES,939700,4995.0
TOMATOES,939800,4994.75
TOMATOES,939900,4995.0
TOMATOES,940000,4996.5
TOMATOES,940100,4995.5
TOMATOES,940200,4995.5
TOMATOES,940300,4995.75
TOMATOES,940400,4995.75
TOMATOES,940500,4996.0
TOMATOES,940600,4995.25
TOMATOES,940700,4994.75
TOMATOES,940800,4993.5
TOMATOES,940900,4995.0
TOMATOES,941000,4995.5
TOMATOES,941100,4995.25
TOMATOES,941200,4995.0
TOMATOES,941300,4994.25
TOMATOES,941400,4994.0
TOMATOES,941500,4994.0
TOMATOES,941600,4993.75
TOMATOES,941700,4994.5
TOMATOES,941800,4993.75
TOMATOES,941900,4993.25
TOMATOES,942000,4993.75
TOMATOES,942100,4994.0
TOMATOES,942200,4994.0
TOMATOES,942300,4994.25
TOMATOES,942400,4994.5
TOMATOES,942500,4994.0
TOMATOES,942600,4993.75
TOMATOES,942700,4994.0
TOMATOES,942800,4993.5
TOMATOES,942900,4992.0
TOMATOES,943000,4990.5
TOMATOES,943100,4992.25
TOMATOES,943200,4992.25
TOMATOES,943300,4992.0
TOMATOES,943400,4993.0
TOMATOES,943500,4991.5
TOMATOES,943600,4992.0
TOMATOES,943700,4992.25
TOMATOES,943800,4992.25
TOMATOES,943900,4992.25
TOMATOES,944000,4992.25
TOMATOES,944100,4992.5
TOMATOES,944200,4991.75
TOMATOES,944300,4991.5
TOMATOES,944400,4991.5
TOMATOES,944500,4991.5
TOMATOES,944600,4991.5
TOMATOES,944700,4991.5
TOMATOES,944800,4991.5
TOMATOES,944900,4991.5
TOMATOES,945000,4991.75
TOMATOES,945100,4991.5
TOMATOES,945200,4990.75
TOMATOES,945300,4990.75
TOMATOES,945400,4990.0
TOMATOES,945500,4989.75
TOMATOES,945600,4989.75
TOMATOES,945700,4990.25
TOMATOES,945800,4990.0
TOMATOES,945900,4990.25
TOMATOES,946000,4990.0
TOMATOES,946100,4989.25
TOMATOES,946200,4989.0
TOMATOES,946300,4989.0
TOMATOES,946400,4989.0
TOMATOES,946500,4988.5
TOMATOES,946600,4989.0
TOMATOES,946700,4988.75
TOMATOES,946800,4989.25
TOMATOES,946900,4989.25
TOMATOES,947000,4989.25
TOMATOES,947100,4989.0
TOMATOES,947200,4988.75
TOMATOES,947300,4989.25
TOMATOES,947400,4989.5
TOMATOES,947500,4988.0
TOMATOES,947600,4987.75
TOMATOES,947700,4988.0
TOMATOES,947800,4988.0
TOMATOES,947900,4988.0
TOMATOES,948000,4987.75
TOMATOES,948100,4987.5
TOMATOES,948200,4988.0
TOMATOES,948300,4988.0
TOMATOES,948400,4988.25
TOMATOES,948500,4988.0
TOMATOES,948600,4988.5
TOMATOES,948700,4988.0
TOMATOES,948800,4988.25
TOMATOES,948900,4987.25
TOMATOES,949000,4989.25
TOMATOES,949100,4988.75
TOMATOES,949200,4988.75
TOMATOES,949300,4989.0
TOMATOES,949400,4989.0
TOMATOES,949500,4988.5
TOMATOES,949600,4988.0
TOMATOES,949700,4987.25
TOMATOES,949800,4987.0
TOMATOES,949900,4986.5
TOMATOES,950000,4987.0
TOMATOES,950100,4987.5
TOMATOES,950200,4987.75
TOMATOES,950300,4987.0
TOMATOES,950400,4986.75
TOMATOES,950500,4987.25
TOMATOES,950600,4986.5
TOMATOES,950700,4986.25
TOMATOES,950800,4986.0
TOMATOES,950900,4986.0
TOMATOES,951000,4985.75
TOMATOES,951100,4985.5
TOMATOES,951200,4984.75
TOMATOES,951300,4985.25
TOMATOES,951400,4983.5
TOMATOES,951500,4985.75
TOMATOES,951600,4984.75
TOMATOES,951700,4984.5
TOMATOES,951800,4984.5
TOMATOES,951900,4982.75
TOMATOES,952000,4984.25
TOMATOES,952100,4984.0
TOMATOES,952200,4984.25
TOMATOES,952300,4984.5
TOMATOES,952400,4984.5
TOMATOES,952500,4984.5
TOMATOES,952600,4984.75
TOMATOES,952700,4984.75
TOMATOES,952800,4985.25
TOMATOES,952900,4985.5
TOMATOES,953000,4986.0
TOMATOES,953100,4987.5
TOMATOES,953200,4986.0
TOMATOES,953300,4986.0
TOMATOES,953400,4986.0
TOMATOES,953500,4986.75
TOMATOES,953600,4985.25
TOMATOES,953700,4984.75
TOMATOES,953800,4983.25
TOMATOES,953900,4984.25
TOMATOES,954000,4982.75
TOMATOES,954100,4983.5
TOMATOES,954200,4984.25
TOMATOES,954300,4984.25
TOMATOES,954400,4983.5
TOMATOES,954500,4983.75
TOMATOES,954600,4981.5
TOMATOES,954700,4983.5
TOMATOES,954800,4983.75
TOMATOES,954900,4983.5
TOMATOES,955000,4983.0
TOMATOES,955100,4983.0
TOMATOES,955200,4985.25
TOMATOES,955300,4983.25
TOMATOES,955400,4982.25
TOMATOES,955500,4982.5
TOMATOES,955600,4982.25
TOMATOES,955700,4982.5
TOMATOES,955800,4982.75
TOMATOES,955900,4982.25
TOMATOES,956000,4982.5
TOMATOES,956100,4984.25
TOMATOES,956200,4983.0
TOMATOES,956300,4982.5
TOMATOES,956400,4982.75
TOMATOES,956500,4982.5
TOMATOES,956600,4982.0
TOMATOES,956700,4982.0
TOMATOES,956800,4982.25
TOMATOES,956900,4982.5
TOMATOES,957000,4982.25
TOMATOES,957100,4982.25
TOMATOES,957200,4982.5
TOMATOES,957300,4983.0
TOMATOES,957400,4983.5
TOMATOES,957500,4984.0
TOMATOES,957600,4983.75
TOMATOES,957700,4984.0
TOMATOES,957800,4983.75
TOMATOES,957900,4983.75
TOMATOES,958000,4983.25
TOMATOES,958100,4985.0
TOMATOES,958200,4984.25
TOMATOES,958300,4984.0
TOMATOES,958400,4984.5
TOMATOES,958500,4984.5
TOMATOES,958600,4984.25
TOMATOES,958700,4984.0
TOMATOES,958800,4984.5
TOMATOES,958900,4984.25
TOMATOES,959000,4983.5
TOMATOES,959100,4984.5
TOMATOES,959200,4983.5
TOMATOES,959300,4982.5
TOMATOES,959400,4982.75
TOMATOES,959500,4983.0
TOMATOES,959600,4983.5
TOMATOES,959700,4983.25
TOMATOES,959800,4982.75
TOMATOES,959900,4982.0
TOMATOES,960000,4982.25
TOMATOES,960100,4982.5
TOMATOES,960200,4982.0
TOMATOES,960300,4982.5
TOMATOES,960400,4982.5
TOMATOES,960500,4982.5
TOMATOES,960600,4982.5
TOMATOES,960700,4982.75
TOMATOES,960800,4982.25
TOMATOES,960900,4982.25
TOMATOES,961000,4982.5
TOMATOES,961100,4982.0
TOMATOES,961200,4983.75
TOMATOES,961300,4983.25
TOMATOES,961400,4983.0
TOMATOES,961500,4982.75
TOMATOES,961600,4983.25
TOMATOES,961700,4983.0
TOMATOES,961800,4983.0
TOMATOES,961900,4982.75
TOMATOES,962000,4982.75
TOMATOES,962100,4982.5
TOMATOES,962200,4982.75
TOMATOES,962300,4982.75
TOMATOES,962400,4982.5
TOMATOES,962500,4984.5
TOMATOES,962600,4983.75
TOMATOES,962700,4982.25
TOMATOES,962800,4981.75
TOMATOES,962900,4982.5
TOMATOES,963000,4982.5
TOMATOES,963100,4984.0
TOMATOES,963200,4982.5
TOMATOES,963300,4982.75
TOMATOES,963400,4982.5
TOMATOES,963500,4982.25
TOMATOES,963600,4981.75
TOMATOES,963700,4981.5
TOMATOES,963800,4981.75
TOMATOES,963900,4982.5
TOMATOES,964000,4982.25
TOMATOES,964100,4982.5
TOMATOES,964200,4982.5
TOMATOES,964300,4982.25
TOMATOES,964400,4982.0
TOMATOES,964500,4981.75
TOMATOES,964600,4981.75
TOMATOES,964700,4983.0
TOMATOES,964800,4981.75
TOMATOES,964900,4981.25
TOMATOES,965000,4981.25
TOMATOES,965100,4981.0
TOMATOES,965200,4981.25
TOMATOES,965300,4981.75
TOMATOES,965400,4980.25
TOMATOES,965500,4983.75
TOMATOES,965600,4982.25
TOMATOES,965700,4982.75
TOMATOES,965800,4982.75
TOMATOES,965900,4982.75
TOMATOES,966000,4982.75
TOMATOES,966100,4982.25
TOMATOES,966200,4982.25
TOMATOES,966300,4982.25
TOMATOES,966400,4982.0
TOMATOES,966500,4982.0
TOMATOES,966600,4982.5
TOMATOES,966700,4982.5
TOMATOES,966800,4982.25
TOMATOES,966900,4982.75
TOMATOES,967000,4982.75
TOMATOES,967100,4985.0
TOMATOES,967200,4983.25
TOMATOES,967300,4985.0
TOMATOES,967400,4983.0
TOMATOES,967500,4983.25
TOMATOES,967600,4983.0
TOMATOES,967700,4983.0
TOMATOES,967800,4983.25
TOMATOES,967900,4983.0
TOMATOES,968000,4982.75
TOMATOES,968100,4983.0
TOMATOES,968200,4982.75
TOMATOES,968300,4983.25
TOMATOES,968400,4983.5
TOMATOES,968500,4983.75
TOMATOES,968600,4984.0
TOMATOES,968700,4984.0
TOMATOES,968800,4983.75
TOMATOES,968900,4983.25
TOMATOES,969000,4983.25
TOMATOES,969100,4981.75
TOMATOES,969200,4981.75
TOMATOES,969300,4983.25
TOMATOES,969400,4984.75
TOMATOES,969500,4983.5
TOMATOES,969600,4983.75
TOMATOES,969700,4983.25
TOMATOES,969800,4984.0
TOMATOES,969900,4983.5
TOMATOES,970000,4981.75
TOMATOES,970100,4984.0
TOMATOES,970200,4984.0
TOMATOES,970300,4984.0
TOMATOES,970400,4983.5
TOMATOES,970500,4983.0
TOMATOES,970600,4982.5
TOMATOES,970700,4982.5
TOMATOES,970800,4982.5
TOMATOES,970900,4983.5
TOMATOES,971000,4985.25
TOMATOES,971100,4983.75
TOMATOES,971200,4983.25
TOMATOES,971300,4984.0
TOMATOES,971400,4984.75
TOMATOES,971500,4986.25
TOMATOES,971600,4985.75
TOMATOES,971700,4985.75
TOMATOES,971800,4985.5
TOMATOES,971900,4985.5
TOMATOES,972000,4984.75
TOMATOES,972100,4982.5
TOMATOES,972200,4982.5
TOMATOES,972300,4984.25
TOMATOES,972400,4984.5
TOMATOES,972500,4984.0
TOMATOES,972600,4984.25
TOMATOES,972700,4984.5
TOMATOES,972800,4984.0
TOMATOES,972900,4984.25
TOMATOES,973000,4984.75
TOMATOES,973100,4984.75
TOMATOES,973200,4986.25
TOMATOES,973300,4984.25
TOMATOES,973400,4984.5
TOMATOES,973500,4985.75
TOMATOES,973600,4984.75
TOMATOES,973700,4984.5
TOMATOES,973800,4985.5
TOMATOES,973900,4983.75
TOMATOES,974000,4985.0
TOMATOES,974100,4985.0
TOMATOES,974200,4985.25
TOMATOES,974300,4985.0
TOMATOES,974400,4983.25
TOMATOES,974500,4985.0
TOMATOES,974600,4985.0
TOMATOES,974700,4985.0
TOMATOES,974800,4984.5
TOMATOES,974900,4986.0
TOMATOES,975000,4985.0
TOMATOES,975100,4984.75
TOMATOES,975200,4986.25
TOMATOES,975300,4984.5
TOMATOES,975400,4984.25
TOMATOES,975500,4982.75
TOMATOES,975600,4984.0
TOMATOES,975700,4984.5
TOMATOES,975800,4985.0
TOMATOES,975900,4984.5
TOMATOES,976000,4984.5
TOMATOES,976100,4984.25
TOMATOES,976200,4985.0
TOMATOES,976300,4985.25
TOMATOES,976400,4985.25
TOMATOES,976500,4985.5
TOMATOES,976600,4986.25
TOMATOES,976700,4986.25
TOMATOES,976800,4986.25
TOMATOES,976900,4988.25
TOMATOES,977000,4987.25
TOMATOES,977100,4987.25
TOMATOES,977200,4987.25
TOMATOES,977300,4987.0
TOMATOES,977400,4987.0
TOMATOES,977500,4986.75
TOMATOES,977600,4986.25
TOMATOES,977700,4986.25
TOMATOES,977800,4986.25
TOMATOES,977900,4986.0
TOMATOES,978000,4985.25
TOMATOES,978100,4985.25
TOMATOES,978200,4983.0
TOMATOES,978300,4985.0
TOMATOES,978400,4985.0
TOMATOES,978500,4982.75
TOMATOES,978600,4985.0
TOMATOES,978700,4985.0
TOMATOES,978800,4985.5
TOMATOES,978900,4985.25
TOMATOES,979000,4985.5
TOMATOES,979100,4985.5
TOMATOES,979200,4984.75
TOMATOES,979300,4984.25
TOMATOES,979400,4983.75
TOMATOES,979500,4983.5
TOMATOES,979600,4983.75
TOMATOES,979700,4984.25
TOMATOES,979800,4982.75
TOMATOES,979900,4984.5
TOMATOES,980000,4984.0
TOMATOES,980100,4984.75
TOMATOES,980200,4984.5
TOMATOES,980300,4984.5
TOMATOES,980400,4985.25
TOMATOES,980500,4985.25
TOMATOES,980600,4985.25
TOMATOES,980700,4986.25
TOMATOES,980800,4986.0
TOMATOES,980900,4986.0
TOMATOES,981000,4985.75
TOMATOES,981100,4986.0
TOMATOES,981200,4985.0
TOMATOES,981300,4985.25
TOMATOES,981400,4985.25
TOMATOES,981500,4986.0
TOMATOES,981600,4984.75
TOMATOES,981700,4984.25
TOMATOES,981800,4983.75
TOMATOES,981900,4983.75
TOMATOES,982000,4983.5
TOMATOES,982100,4983.25
TOMATOES,982200,4984.0
TOMATOES,982300,4983.75
TOMATOES,982400,4984.0
TOMATOES,982500,4984.0
TOMATOES,982600,4984.75
TOMATOES,982700,4984.25
TOMATOES,982800,4984.25
TOMATOES,982900,4983.75
TOMATOES,983000,4982.75
TOMATOES,983100,4982.5
TOMATOES,983200,4982.75
TOMATOES,983300,4984.5
TOMATOES,983400,4982.5
TOMATOES,983500,4982.5
TOMATOES,983600,4982.25
TOMATOES,983700,4982.0
TOMATOES,983800,4983.5
TOMATOES,983900,4980.5
TOMATOES,984000,4981.5
TOMATOES,984100,4981.5
TOMATOES,984200,4981.75
TOMATOES,984300,4983.5
TOMATOES,984400,4983.0
TOMATOES,984500,4981.5
TOMATOES,984600,4979.5
TOMATOES,984700,4981.25
TOMATOES,984800,4981.0
TOMATOES,984900,4982.25
TOMATOES,985000,4980.75
TOMATOES,985100,4980.75
TOMATOES,985200,4980.25
TOMATOES,985300,4978.25
TOMATOES,985400,4980.25
TOMATOES,985500,4980.0
TOMATOES,985600,4980.25
TOMATOES,985700,4981.5
TOMATOES,985800,4980.0
TOMATOES,985900,4980.0
TOMATOES,986000,4980.5
TOMATOES,986100,4980.75
TOMATOES,986200,4981.25
TOMATOES,986300,4981.0
TOMATOES,986400,4982.0
TOMATOES,986500,4981.75
TOMATOES,986600,4981.75
TOMATOES,986700,4981.75
TOMATOES,986800,4981.5
TOMATOES,986900,4981.0
TOMATOES,987000,4981.25
TOMATOES,987100,4981.25
TOMATOES,987200,4981.0
TOMATOES,987300,4980.75
TOMATOES,987400,4980.5
TOMATOES,987500,4980.5
TOMATOES,987600,4980.75
TOMATOES,987700,4978.5
TOMATOES,987800,4980.25
TOMATOES,987900,4980.0
TOMATOES,988000,4980.5
TOMATOES,988100,4981.0
TOMATOES,988200,4981.0
TOMATOES,988300,4981.0
TOMATOES,988400,4981.75
TOMATOES,988500,4981.75
TOMATOES,988600,4981.75
TOMATOES,988700,4981.25
TOMATOES,988800,4981.0
TOMATOES,988900,4981.25
TOMATOES,989000,4981.0
TOMATOES,989100,4981.0
TOMATOES,989200,4980.5
TOMATOES,989300,4980.25
TOMATOES,989400,4979.75
TOMATOES,989500,4979.5
TOMATOES,989600,4979.25
TOMATOES,989700,4979.0
TOMATOES,989800,4978.75
TOMATOES,989900,4979.0
TOMATOES,990000,4979.75
TOMATOES,990100,4980.0
TOMATOES,990200,4979.75
TOMATOES,990300,4980.0
TOMATOES,990400,4979.75
TOMATOES,990500,4980.25
TOMATOES,990600,4979.75
TOMATOES,990700,4980.5
TOMATOES,990800,4981.25
TOMATOES,990900,4980.25
TOMATOES,991000,4980.25
TOMATOES,991100,4980.0
TOMATOES,991200,4983.0
TOMATOES,991300,4980.25
TOMATOES,991400,4980.5
TOMATOES,991500,4980.75
TOMATOES,991600,4979.75
TOMATOES,991700,4981.25
TOMATOES,991800,4981.25
TOMATOES,991900,4981.25
TOMATOES,992000,4981.25
TOMATOES,992100,4980.75
TOMATOES,992200,4981.0
TOMATOES,992300,4980.25
TOMATOES,992400,4980.5
TOMATOES,992500,4980.25
TOMATOES,992600,4982.25
TOMATOES,992700,4982.75
TOMATOES,992800,4983.5
TOMATOES,992900,4982.0
TOMATOES,993000,4983.0
TOMATOES,993100,4981.75
TOMATOES,993200,4980.0
TOMATOES,993300,4981.5
TOMATOES,993400,4981.5
TOMATOES,993500,4981.5
TOMATOES,993600,4981.5
TOMATOES,993700,4981.5
TOMATOES,993800,4980.5
TOMATOES,993900,4980.75
TOMATOES,994000,4981.25
TOMATOES,994100,4981.25
TOMATOES,994200,4981.25
TOMATOES,994300,4981.5
TOMATOES,994400,4981.25
TOMATOES,994500,4981.5
TOMATOES,994600,4981.0
TOMATOES,994700,4980.5
TOMATOES,994800,4981.0
TOMATOES,994900,4980.5
TOMATOES,995000,4979.0
TOMATOES,995100,4981.0
TOMATOES,995200,4980.75
TOMATOES,995300,4979.75
TOMATOES,995400,4981.25
TOMATOES,995500,4983.0
TOMATOES,995600,4981.25
TOMATOES,995700,4982.5
TOMATOES,995800,4980.5
TOMATOES,995900,4980.5
TOMATOES,996000,4979.25
TOMATOES,996100,4981.0
TOMATOES,996200,4978.75
TOMATOES,996300,4980.5
TOMATOES,996400,4980.75
TOMATOES,996500,4979.0
TOMATOES,996600,4979.5
TOMATOES,996700,4982.0
TOMATOES,996800,4982.75
TOMATOES,996900,4981.75
TOMATOES,997000,4980.25
TOMATOES,997100,4982.0
TOMATOES,997200,4981.5
TOMATOES,997300,4981.25
TOMATOES,997400,4980.75
TOMATOES,997500,4981.0
TOMATOES,997600,4980.5
TOMATOES,997700,4980.5
TOMATOES,997800,4980.75
TOMATOES,997900,4981.75
TOMATOES,998000,4979.5
TOMATOES,998100,4981.25
TOMATOES,998200,4981.5
TOMATOES,998300,4982.25
TOMATOES,998400,4982.25
TOMATOES,998500,4982.5
TOMATOES,998600,4982.75
TOMATOES,998700,4982.0
TOMATOES,998800,4982.25
TOMATOES,998900,4982.0
TOMATOES,999000,4982.0
TOMATOES,999100,4982.25
TOMATOES,999200,4982.25
TOMATOES,999300,4981.75
TOMATOES,999400,4981.5
TOMATOES,999500,4983.0
TOMATOES,999600,4983.0
TOMATOES,999700,4981.25
TOMATOES,999800,4982.25
TOMATOES,999900,4981.75
